2023-03-21 11:23:13,523 - model.pytorch.dcrnn_supervisor - INFO - Log directory: data/model/dcrnn/
2023-03-21 11:23:35,080 - model.pytorch.dcrnn_supervisor - INFO - Model created
2023-03-21 11:23:35,081 - model.pytorch.dcrnn_supervisor - INFO - Start training ...
2023-03-21 11:23:35,081 - model.pytorch.dcrnn_supervisor - INFO - num_batches:375
2023-03-21 11:23:35,830 - model.pytorch.dcrnn_supervisor - INFO - Total trainable parameters 372353
2023-03-21 11:29:54,315 - model.pytorch.dcrnn_supervisor - INFO - epoch complete
2023-03-21 11:29:54,317 - model.pytorch.dcrnn_supervisor - INFO - evaluating now!
2023-03-21 11:30:21,174 - model.pytorch.dcrnn_supervisor - INFO - Epoch [0/1000] (375) train_mae: 2.7685, val_mae: 3.4060, lr: 0.010000, 406.1s
2023-03-21 11:30:21,178 - model.pytorch.dcrnn_supervisor - INFO - Saved model at 0
2023-03-21 11:30:21,179 - model.pytorch.dcrnn_supervisor - INFO - Val loss decrease from inf to 3.4060, saving to data/model/pretrained/METR-LA/la_best
2023-03-21 11:36:38,154 - model.pytorch.dcrnn_supervisor - INFO - epoch complete
2023-03-21 11:36:38,155 - model.pytorch.dcrnn_supervisor - INFO - evaluating now!
2023-03-21 11:37:05,129 - model.pytorch.dcrnn_supervisor - INFO - Epoch [1/1000] (750) train_mae: 2.3198, val_mae: 3.2659, lr: 0.010000, 403.9s
2023-03-21 11:37:05,134 - model.pytorch.dcrnn_supervisor - INFO - Saved model at 1
2023-03-21 11:37:05,134 - model.pytorch.dcrnn_supervisor - INFO - Val loss decrease from 3.4060 to 3.2659, saving to data/model/pretrained/METR-LA/la_best
2023-03-21 11:43:23,330 - model.pytorch.dcrnn_supervisor - INFO - epoch complete
2023-03-21 11:43:23,331 - model.pytorch.dcrnn_supervisor - INFO - evaluating now!
2023-03-21 11:43:50,218 - model.pytorch.dcrnn_supervisor - INFO - Epoch [2/1000] (1125) train_mae: 2.2585, val_mae: 3.1515, lr: 0.010000, 405.1s
2023-03-21 11:43:50,222 - model.pytorch.dcrnn_supervisor - INFO - Saved model at 2
2023-03-21 11:43:50,223 - model.pytorch.dcrnn_supervisor - INFO - Val loss decrease from 3.2659 to 3.1515, saving to data/model/pretrained/METR-LA/la_best
2023-03-21 11:50:07,399 - model.pytorch.dcrnn_supervisor - INFO - epoch complete
2023-03-21 11:50:07,399 - model.pytorch.dcrnn_supervisor - INFO - evaluating now!
2023-03-21 11:50:34,404 - model.pytorch.dcrnn_supervisor - INFO - Epoch [3/1000] (1500) train_mae: 2.2172, val_mae: 3.1144, lr: 0.010000, 404.2s
2023-03-21 11:50:34,409 - model.pytorch.dcrnn_supervisor - INFO - Saved model at 3
2023-03-21 11:50:34,409 - model.pytorch.dcrnn_supervisor - INFO - Val loss decrease from 3.1515 to 3.1144, saving to data/model/pretrained/METR-LA/la_best
2023-03-21 11:56:51,625 - model.pytorch.dcrnn_supervisor - INFO - epoch complete
2023-03-21 11:56:51,626 - model.pytorch.dcrnn_supervisor - INFO - evaluating now!
2023-03-21 11:57:18,614 - model.pytorch.dcrnn_supervisor - INFO - Epoch [4/1000] (1875) train_mae: 2.1822, val_mae: 3.0195, lr: 0.010000, 404.2s
2023-03-21 11:57:18,618 - model.pytorch.dcrnn_supervisor - INFO - Saved model at 4
2023-03-21 11:57:18,619 - model.pytorch.dcrnn_supervisor - INFO - Val loss decrease from 3.1144 to 3.0195, saving to data/model/pretrained/METR-LA/la_best
2023-03-21 12:03:36,607 - model.pytorch.dcrnn_supervisor - INFO - epoch complete
2023-03-21 12:03:36,608 - model.pytorch.dcrnn_supervisor - INFO - evaluating now!
2023-03-21 12:04:03,569 - model.pytorch.dcrnn_supervisor - INFO - Epoch [5/1000] (2250) train_mae: 2.1612, val_mae: 2.9835, lr: 0.010000, 405.0s
2023-03-21 12:04:03,574 - model.pytorch.dcrnn_supervisor - INFO - Saved model at 5
2023-03-21 12:04:03,574 - model.pytorch.dcrnn_supervisor - INFO - Val loss decrease from 3.0195 to 2.9835, saving to data/model/pretrained/METR-LA/la_best
2023-03-21 12:10:22,248 - model.pytorch.dcrnn_supervisor - INFO - epoch complete
2023-03-21 12:10:22,248 - model.pytorch.dcrnn_supervisor - INFO - evaluating now!
2023-03-21 12:10:49,182 - model.pytorch.dcrnn_supervisor - INFO - Epoch [6/1000] (2625) train_mae: 2.1418, val_mae: 2.9542, lr: 0.010000, 405.6s
2023-03-21 12:10:49,188 - model.pytorch.dcrnn_supervisor - INFO - Saved model at 6
2023-03-21 12:10:49,188 - model.pytorch.dcrnn_supervisor - INFO - Val loss decrease from 2.9835 to 2.9542, saving to data/model/pretrained/METR-LA/la_best
2023-03-21 12:17:06,540 - model.pytorch.dcrnn_supervisor - INFO - epoch complete
2023-03-21 12:17:06,541 - model.pytorch.dcrnn_supervisor - INFO - evaluating now!
2023-03-21 12:17:33,362 - model.pytorch.dcrnn_supervisor - INFO - Epoch [7/1000] (3000) train_mae: 2.1235, val_mae: 2.9230, lr: 0.010000, 404.2s
2023-03-21 12:17:33,367 - model.pytorch.dcrnn_supervisor - INFO - Saved model at 7
2023-03-21 12:17:33,367 - model.pytorch.dcrnn_supervisor - INFO - Val loss decrease from 2.9542 to 2.9230, saving to data/model/pretrained/METR-LA/la_best
2023-03-21 12:23:51,321 - model.pytorch.dcrnn_supervisor - INFO - epoch complete
2023-03-21 12:23:51,322 - model.pytorch.dcrnn_supervisor - INFO - evaluating now!
2023-03-21 12:24:18,399 - model.pytorch.dcrnn_supervisor - INFO - Epoch [8/1000] (3375) train_mae: 2.1145, val_mae: 2.9565, lr: 0.010000, 405.0s
2023-03-21 12:30:35,953 - model.pytorch.dcrnn_supervisor - INFO - epoch complete
2023-03-21 12:30:35,953 - model.pytorch.dcrnn_supervisor - INFO - evaluating now!
2023-03-21 12:31:02,852 - model.pytorch.dcrnn_supervisor - INFO - Epoch [9/1000] (3750) train_mae: 2.1000, val_mae: 2.9520, lr: 0.010000, 404.5s
2023-03-21 12:37:21,433 - model.pytorch.dcrnn_supervisor - INFO - epoch complete
2023-03-21 12:37:21,434 - model.pytorch.dcrnn_supervisor - INFO - evaluating now!
2023-03-21 12:37:48,237 - model.pytorch.dcrnn_supervisor - INFO - Epoch [10/1000] (4125) train_mae: 2.0899, val_mae: 2.8972, lr: 0.010000, 405.4s
2023-03-21 12:37:48,242 - model.pytorch.dcrnn_supervisor - INFO - Saved model at 10
2023-03-21 12:37:48,242 - model.pytorch.dcrnn_supervisor - INFO - Val loss decrease from 2.9230 to 2.8972, saving to data/model/pretrained/METR-LA/la_best
2023-03-21 12:44:04,371 - model.pytorch.dcrnn_supervisor - INFO - epoch complete
2023-03-21 12:44:04,372 - model.pytorch.dcrnn_supervisor - INFO - evaluating now!
2023-03-21 12:44:30,962 - model.pytorch.dcrnn_supervisor - INFO - Epoch [11/1000] (4500) train_mae: 2.0815, val_mae: 2.8856, lr: 0.010000, 402.7s
2023-03-21 12:44:30,967 - model.pytorch.dcrnn_supervisor - INFO - Saved model at 11
2023-03-21 12:44:30,967 - model.pytorch.dcrnn_supervisor - INFO - Val loss decrease from 2.8972 to 2.8856, saving to data/model/pretrained/METR-LA/la_best
2023-03-21 12:50:44,857 - model.pytorch.dcrnn_supervisor - INFO - epoch complete
2023-03-21 12:50:44,858 - model.pytorch.dcrnn_supervisor - INFO - evaluating now!
2023-03-21 12:51:11,579 - model.pytorch.dcrnn_supervisor - INFO - Epoch [12/1000] (4875) train_mae: 2.0732, val_mae: 2.9292, lr: 0.010000, 400.6s
2023-03-21 12:57:30,075 - model.pytorch.dcrnn_supervisor - INFO - epoch complete
2023-03-21 12:57:30,075 - model.pytorch.dcrnn_supervisor - INFO - evaluating now!
2023-03-21 12:57:57,190 - model.pytorch.dcrnn_supervisor - INFO - Epoch [13/1000] (5250) train_mae: 2.0664, val_mae: 2.8589, lr: 0.010000, 405.6s
2023-03-21 12:57:57,195 - model.pytorch.dcrnn_supervisor - INFO - Saved model at 13
2023-03-21 12:57:57,195 - model.pytorch.dcrnn_supervisor - INFO - Val loss decrease from 2.8856 to 2.8589, saving to data/model/pretrained/METR-LA/la_best
2023-03-21 13:04:18,183 - model.pytorch.dcrnn_supervisor - INFO - epoch complete
2023-03-21 13:04:18,184 - model.pytorch.dcrnn_supervisor - INFO - evaluating now!
2023-03-21 13:04:45,079 - model.pytorch.dcrnn_supervisor - INFO - Epoch [14/1000] (5625) train_mae: 2.0602, val_mae: 2.8814, lr: 0.010000, 407.9s
2023-03-21 13:11:08,796 - model.pytorch.dcrnn_supervisor - INFO - epoch complete
2023-03-21 13:11:08,797 - model.pytorch.dcrnn_supervisor - INFO - evaluating now!
2023-03-21 13:11:36,227 - model.pytorch.dcrnn_supervisor - INFO - Epoch [15/1000] (6000) train_mae: 2.0569, val_mae: 2.9107, lr: 0.010000, 411.1s
2023-03-21 13:18:02,855 - model.pytorch.dcrnn_supervisor - INFO - epoch complete
2023-03-21 13:18:02,856 - model.pytorch.dcrnn_supervisor - INFO - evaluating now!
2023-03-21 13:18:30,278 - model.pytorch.dcrnn_supervisor - INFO - Epoch [16/1000] (6375) train_mae: 2.0509, val_mae: 2.9878, lr: 0.010000, 414.0s
2023-03-21 13:24:48,856 - model.pytorch.dcrnn_supervisor - INFO - epoch complete
2023-03-21 13:24:48,857 - model.pytorch.dcrnn_supervisor - INFO - evaluating now!
2023-03-21 13:25:15,800 - model.pytorch.dcrnn_supervisor - INFO - Epoch [17/1000] (6750) train_mae: 2.0450, val_mae: 2.8624, lr: 0.010000, 405.5s
2023-03-21 13:31:34,611 - model.pytorch.dcrnn_supervisor - INFO - epoch complete
2023-03-21 13:31:34,612 - model.pytorch.dcrnn_supervisor - INFO - evaluating now!
2023-03-21 13:32:01,366 - model.pytorch.dcrnn_supervisor - INFO - Epoch [18/1000] (7125) train_mae: 2.0448, val_mae: 2.9032, lr: 0.010000, 405.6s
2023-03-21 13:38:18,288 - model.pytorch.dcrnn_supervisor - INFO - epoch complete
2023-03-21 13:38:18,289 - model.pytorch.dcrnn_supervisor - INFO - evaluating now!
2023-03-21 13:38:45,313 - model.pytorch.dcrnn_supervisor - INFO - Epoch [19/1000] (7500) train_mae: 2.0393, val_mae: 2.8780, lr: 0.000100, 403.9s
2023-03-21 13:45:08,789 - model.pytorch.dcrnn_supervisor - INFO - epoch complete
2023-03-21 13:45:08,790 - model.pytorch.dcrnn_supervisor - INFO - evaluating now!
2023-03-21 13:45:35,733 - model.pytorch.dcrnn_supervisor - INFO - Epoch [20/1000] (7875) train_mae: 2.0359, val_mae: 2.9299, lr: 0.001000, 410.4s
2023-03-21 13:51:55,235 - model.pytorch.dcrnn_supervisor - INFO - epoch complete
2023-03-21 13:51:55,236 - model.pytorch.dcrnn_supervisor - INFO - evaluating now!
2023-03-21 13:52:22,397 - model.pytorch.dcrnn_supervisor - INFO - Epoch [21/1000] (8250) train_mae: 2.0363, val_mae: 2.9010, lr: 0.001000, 406.7s
2023-03-21 13:58:45,975 - model.pytorch.dcrnn_supervisor - INFO - epoch complete
2023-03-21 13:58:45,976 - model.pytorch.dcrnn_supervisor - INFO - evaluating now!
2023-03-21 13:59:13,224 - model.pytorch.dcrnn_supervisor - INFO - Epoch [22/1000] (8625) train_mae: 2.0299, val_mae: 2.8669, lr: 0.001000, 410.8s
2023-03-21 14:05:33,737 - model.pytorch.dcrnn_supervisor - INFO - epoch complete
2023-03-21 14:05:33,737 - model.pytorch.dcrnn_supervisor - INFO - evaluating now!
2023-03-21 14:06:01,217 - model.pytorch.dcrnn_supervisor - INFO - Epoch [23/1000] (9000) train_mae: 2.0310, val_mae: 2.9679, lr: 0.001000, 408.0s
2023-03-21 14:12:24,311 - model.pytorch.dcrnn_supervisor - INFO - epoch complete
2023-03-21 14:12:24,312 - model.pytorch.dcrnn_supervisor - INFO - evaluating now!
2023-03-21 14:12:51,730 - model.pytorch.dcrnn_supervisor - INFO - Epoch [24/1000] (9375) train_mae: 2.0351, val_mae: 2.9548, lr: 0.001000, 410.5s
2023-03-21 14:19:13,679 - model.pytorch.dcrnn_supervisor - INFO - epoch complete
2023-03-21 14:19:13,679 - model.pytorch.dcrnn_supervisor - INFO - evaluating now!
2023-03-21 14:19:40,837 - model.pytorch.dcrnn_supervisor - INFO - Epoch [25/1000] (9750) train_mae: 2.0367, val_mae: 3.2402, lr: 0.001000, 409.1s
2023-03-21 14:26:02,630 - model.pytorch.dcrnn_supervisor - INFO - epoch complete
2023-03-21 14:26:02,631 - model.pytorch.dcrnn_supervisor - INFO - evaluating now!
2023-03-21 14:26:29,833 - model.pytorch.dcrnn_supervisor - INFO - Epoch [26/1000] (10125) train_mae: 2.0337, val_mae: 2.8439, lr: 0.001000, 409.0s
2023-03-21 14:26:29,838 - model.pytorch.dcrnn_supervisor - INFO - Saved model at 26
2023-03-21 14:26:29,838 - model.pytorch.dcrnn_supervisor - INFO - Val loss decrease from 2.8589 to 2.8439, saving to data/model/pretrained/METR-LA/la_best
2023-03-21 14:32:52,658 - model.pytorch.dcrnn_supervisor - INFO - epoch complete
2023-03-21 14:32:52,659 - model.pytorch.dcrnn_supervisor - INFO - evaluating now!
2023-03-21 14:33:20,197 - model.pytorch.dcrnn_supervisor - INFO - Epoch [27/1000] (10500) train_mae: 2.0344, val_mae: 3.0488, lr: 0.001000, 410.4s
2023-03-21 14:39:40,739 - model.pytorch.dcrnn_supervisor - INFO - epoch complete
2023-03-21 14:39:40,740 - model.pytorch.dcrnn_supervisor - INFO - evaluating now!
2023-03-21 14:40:08,053 - model.pytorch.dcrnn_supervisor - INFO - Epoch [28/1000] (10875) train_mae: 2.0453, val_mae: 2.9224, lr: 0.001000, 407.9s
2023-03-21 14:46:26,154 - model.pytorch.dcrnn_supervisor - INFO - epoch complete
2023-03-21 14:46:26,155 - model.pytorch.dcrnn_supervisor - INFO - evaluating now!
2023-03-21 14:46:52,931 - model.pytorch.dcrnn_supervisor - INFO - Epoch [29/1000] (11250) train_mae: 2.0487, val_mae: 2.9364, lr: 0.000010, 404.9s
2023-03-21 20:00:25,390 - model.pytorch.dcrnn_supervisor - INFO - Log directory: data/model/dcrnn/
2023-03-21 20:00:46,353 - model.pytorch.dcrnn_supervisor - INFO - Log directory: data/model/dcrnn/
2023-03-21 20:02:46,147 - model.pytorch.dcrnn_supervisor - INFO - Log directory: data/model/dcrnn/
2023-03-21 20:10:14,511 - model.pytorch.dcrnn_supervisor - INFO - Log directory: data/model/dcrnn/
2023-03-21 20:13:43,980 - model.pytorch.dcrnn_supervisor - INFO - Log directory: data/model/dcrnn/
2023-03-21 20:16:13,705 - model.pytorch.dcrnn_supervisor - INFO - Log directory: data/model/dcrnn/
2023-03-21 20:16:41,376 - model.pytorch.dcrnn_supervisor - INFO - Model created
2023-03-21 20:16:41,378 - model.pytorch.dcrnn_supervisor - INFO - Start training ...
2023-03-21 20:16:41,378 - model.pytorch.dcrnn_supervisor - INFO - num_batches:193
2023-03-21 20:19:23,086 - model.pytorch.dcrnn_supervisor - INFO - Log directory: data/model/dcrnn/
2023-03-21 20:20:56,214 - model.pytorch.dcrnn_supervisor - INFO - Log directory: data/model/dcrnn/
2023-03-21 20:21:23,428 - model.pytorch.dcrnn_supervisor - INFO - Model created
2023-03-21 20:21:23,430 - model.pytorch.dcrnn_supervisor - INFO - Start training ...
2023-03-21 20:21:23,430 - model.pytorch.dcrnn_supervisor - INFO - num_batches:193
2023-03-21 20:22:09,443 - model.pytorch.dcrnn_supervisor - INFO - Log directory: data/model/dcrnn/
2023-03-21 20:22:35,862 - model.pytorch.dcrnn_supervisor - INFO - Model created
2023-03-21 20:22:35,863 - model.pytorch.dcrnn_supervisor - INFO - Start training ...
2023-03-21 20:22:35,863 - model.pytorch.dcrnn_supervisor - INFO - num_batches:193
2023-03-21 20:25:17,620 - model.pytorch.dcrnn_supervisor - INFO - Log directory: data/model/dcrnn/
2023-03-21 20:25:47,371 - model.pytorch.dcrnn_supervisor - INFO - Model created
2023-03-21 20:25:47,372 - model.pytorch.dcrnn_supervisor - INFO - Start training ...
2023-03-21 20:25:47,372 - model.pytorch.dcrnn_supervisor - INFO - num_batches:193
2023-03-21 20:27:52,120 - model.pytorch.dcrnn_supervisor - INFO - Log directory: data/model/dcrnn/
2023-03-21 20:28:18,437 - model.pytorch.dcrnn_supervisor - INFO - Model created
2023-03-21 20:28:18,438 - model.pytorch.dcrnn_supervisor - INFO - Start training ...
2023-03-21 20:28:18,438 - model.pytorch.dcrnn_supervisor - INFO - num_batches:193
2023-03-21 20:31:05,544 - model.pytorch.dcrnn_supervisor - INFO - Log directory: data/model/dcrnn/
2023-03-21 20:31:32,070 - model.pytorch.dcrnn_supervisor - INFO - Model created
2023-03-21 20:31:32,071 - model.pytorch.dcrnn_supervisor - INFO - Start training ...
2023-03-21 20:31:32,071 - model.pytorch.dcrnn_supervisor - INFO - num_batches:193
2023-03-21 20:33:16,613 - model.pytorch.dcrnn_supervisor - INFO - Log directory: data/model/dcrnn/
2023-03-21 20:33:43,767 - model.pytorch.dcrnn_supervisor - INFO - Model created
2023-03-21 20:33:43,768 - model.pytorch.dcrnn_supervisor - INFO - Start training ...
2023-03-21 20:33:43,768 - model.pytorch.dcrnn_supervisor - INFO - num_batches:193
2023-03-21 20:34:16,900 - model.pytorch.dcrnn_supervisor - INFO - Log directory: data/model/dcrnn/
2023-03-21 20:34:43,398 - model.pytorch.dcrnn_supervisor - INFO - Model created
2023-03-21 20:34:43,399 - model.pytorch.dcrnn_supervisor - INFO - Start training ...
2023-03-21 20:34:43,399 - model.pytorch.dcrnn_supervisor - INFO - num_batches:193
2023-03-21 20:36:49,162 - model.pytorch.dcrnn_supervisor - INFO - Log directory: data/model/dcrnn/
2023-03-21 20:37:15,447 - model.pytorch.dcrnn_supervisor - INFO - Model created
2023-03-21 20:37:15,448 - model.pytorch.dcrnn_supervisor - INFO - Start training ...
2023-03-21 20:37:15,448 - model.pytorch.dcrnn_supervisor - INFO - num_batches:193
2023-03-21 20:38:52,145 - model.pytorch.dcrnn_supervisor - INFO - Log directory: data/model/dcrnn/
2023-03-21 20:39:18,841 - model.pytorch.dcrnn_supervisor - INFO - Model created
2023-03-21 20:39:18,842 - model.pytorch.dcrnn_supervisor - INFO - Start training ...
2023-03-21 20:39:18,842 - model.pytorch.dcrnn_supervisor - INFO - num_batches:193
2023-03-21 20:39:37,882 - model.pytorch.dcrnn_supervisor - INFO - Log directory: data/model/dcrnn/
2023-03-21 20:39:54,483 - model.pytorch.dcrnn_supervisor - INFO - Model created
2023-03-21 20:39:54,484 - model.pytorch.dcrnn_supervisor - INFO - Start training ...
2023-03-21 20:39:54,484 - model.pytorch.dcrnn_supervisor - INFO - num_batches:193
2023-03-21 20:41:46,549 - model.pytorch.dcrnn_supervisor - INFO - Log directory: data/model/dcrnn/
2023-03-21 20:42:03,579 - model.pytorch.dcrnn_supervisor - INFO - Model created
2023-03-21 20:42:03,580 - model.pytorch.dcrnn_supervisor - INFO - Start training ...
2023-03-21 20:42:03,580 - model.pytorch.dcrnn_supervisor - INFO - num_batches:193
2023-03-21 20:44:44,324 - model.pytorch.dcrnn_supervisor - INFO - Log directory: data/model/dcrnn/
2023-03-21 20:46:08,950 - model.pytorch.dcrnn_supervisor - INFO - Log directory: data/model/dcrnn/
2023-03-21 20:47:28,829 - model.pytorch.dcrnn_supervisor - INFO - Log directory: data/model/dcrnn/
2023-03-21 20:48:34,725 - model.pytorch.dcrnn_supervisor - INFO - Log directory: data/model/dcrnn/
2023-03-21 20:48:51,473 - model.pytorch.dcrnn_supervisor - INFO - Model created
2023-03-21 20:48:51,474 - model.pytorch.dcrnn_supervisor - INFO - Start training ...
2023-03-21 20:48:51,474 - model.pytorch.dcrnn_supervisor - INFO - num_batches:193
2023-03-21 20:49:48,176 - model.pytorch.dcrnn_supervisor - INFO - Log directory: data/model/dcrnn/
2023-03-21 20:50:04,720 - model.pytorch.dcrnn_supervisor - INFO - Model created
2023-03-21 20:50:04,721 - model.pytorch.dcrnn_supervisor - INFO - Start training ...
2023-03-21 20:50:04,721 - model.pytorch.dcrnn_supervisor - INFO - num_batches:193
2023-03-21 20:51:41,814 - model.pytorch.dcrnn_supervisor - INFO - Log directory: data/model/dcrnn/
2023-03-21 20:51:58,884 - model.pytorch.dcrnn_supervisor - INFO - Model created
2023-03-21 20:51:58,885 - model.pytorch.dcrnn_supervisor - INFO - Start training ...
2023-03-21 20:51:58,885 - model.pytorch.dcrnn_supervisor - INFO - num_batches:193
2023-03-21 20:52:40,513 - model.pytorch.dcrnn_supervisor - INFO - Log directory: data/model/dcrnn/
2023-03-21 20:52:57,418 - model.pytorch.dcrnn_supervisor - INFO - Model created
2023-03-21 20:52:57,420 - model.pytorch.dcrnn_supervisor - INFO - Start training ...
2023-03-21 20:52:57,420 - model.pytorch.dcrnn_supervisor - INFO - num_batches:193
2023-03-21 20:54:13,318 - model.pytorch.dcrnn_supervisor - INFO - Log directory: data/model/dcrnn/
2023-03-21 20:54:30,771 - model.pytorch.dcrnn_supervisor - INFO - Model created
2023-03-21 20:54:30,773 - model.pytorch.dcrnn_supervisor - INFO - Start training ...
2023-03-21 20:54:30,773 - model.pytorch.dcrnn_supervisor - INFO - num_batches:193
2023-03-21 20:56:00,691 - model.pytorch.dcrnn_supervisor - INFO - Log directory: data/model/dcrnn/
2023-03-21 20:56:17,501 - model.pytorch.dcrnn_supervisor - INFO - Model created
2023-03-21 20:56:17,503 - model.pytorch.dcrnn_supervisor - INFO - Start training ...
2023-03-21 20:56:17,503 - model.pytorch.dcrnn_supervisor - INFO - num_batches:193
2023-03-21 20:56:18,017 - model.pytorch.dcrnn_supervisor - INFO - Total trainable parameters 372353
2023-03-21 20:58:00,912 - model.pytorch.dcrnn_supervisor - INFO - epoch complete
2023-03-21 20:58:00,914 - model.pytorch.dcrnn_supervisor - INFO - evaluating now!
2023-03-21 20:58:08,305 - model.pytorch.dcrnn_supervisor - INFO - Epoch [0/1000] (193) train_mae: 6.4693, val_mae: 6.5826, lr: 0.010000, 110.8s
2023-03-21 20:58:08,310 - model.pytorch.dcrnn_supervisor - INFO - Saved model at 0
2023-03-21 20:58:08,310 - model.pytorch.dcrnn_supervisor - INFO - Val loss decrease from inf to 6.5826, saving to data/model/pretrained/YINCHUAN/yc_best
2023-03-21 20:59:51,297 - model.pytorch.dcrnn_supervisor - INFO - epoch complete
2023-03-21 20:59:51,298 - model.pytorch.dcrnn_supervisor - INFO - evaluating now!
2023-03-21 20:59:58,764 - model.pytorch.dcrnn_supervisor - INFO - Epoch [1/1000] (386) train_mae: 5.4896, val_mae: 6.1447, lr: 0.010000, 110.5s
2023-03-21 20:59:58,769 - model.pytorch.dcrnn_supervisor - INFO - Saved model at 1
2023-03-21 20:59:58,769 - model.pytorch.dcrnn_supervisor - INFO - Val loss decrease from 6.5826 to 6.1447, saving to data/model/pretrained/YINCHUAN/yc_best
2023-03-21 21:01:41,723 - model.pytorch.dcrnn_supervisor - INFO - epoch complete
2023-03-21 21:01:41,724 - model.pytorch.dcrnn_supervisor - INFO - evaluating now!
2023-03-21 21:01:48,964 - model.pytorch.dcrnn_supervisor - INFO - Epoch [2/1000] (579) train_mae: 5.4144, val_mae: 5.9517, lr: 0.010000, 110.2s
2023-03-21 21:01:48,969 - model.pytorch.dcrnn_supervisor - INFO - Saved model at 2
2023-03-21 21:01:48,969 - model.pytorch.dcrnn_supervisor - INFO - Val loss decrease from 6.1447 to 5.9517, saving to data/model/pretrained/YINCHUAN/yc_best
2023-03-21 21:03:31,621 - model.pytorch.dcrnn_supervisor - INFO - epoch complete
2023-03-21 21:03:31,622 - model.pytorch.dcrnn_supervisor - INFO - evaluating now!
2023-03-21 21:03:38,946 - model.pytorch.dcrnn_supervisor - INFO - Epoch [3/1000] (772) train_mae: 5.3450, val_mae: 5.8352, lr: 0.010000, 110.0s
2023-03-21 21:03:38,950 - model.pytorch.dcrnn_supervisor - INFO - Saved model at 3
2023-03-21 21:03:38,950 - model.pytorch.dcrnn_supervisor - INFO - Val loss decrease from 5.9517 to 5.8352, saving to data/model/pretrained/YINCHUAN/yc_best
2023-03-21 21:05:22,734 - model.pytorch.dcrnn_supervisor - INFO - epoch complete
2023-03-21 21:05:22,735 - model.pytorch.dcrnn_supervisor - INFO - evaluating now!
2023-03-21 21:05:30,233 - model.pytorch.dcrnn_supervisor - INFO - Epoch [4/1000] (965) train_mae: 5.2802, val_mae: 5.7714, lr: 0.010000, 111.3s
2023-03-21 21:05:30,239 - model.pytorch.dcrnn_supervisor - INFO - Saved model at 4
2023-03-21 21:05:30,239 - model.pytorch.dcrnn_supervisor - INFO - Val loss decrease from 5.8352 to 5.7714, saving to data/model/pretrained/YINCHUAN/yc_best
2023-03-21 21:07:15,129 - model.pytorch.dcrnn_supervisor - INFO - epoch complete
2023-03-21 21:07:15,130 - model.pytorch.dcrnn_supervisor - INFO - evaluating now!
2023-03-21 21:07:22,513 - model.pytorch.dcrnn_supervisor - INFO - Epoch [5/1000] (1158) train_mae: 5.2209, val_mae: 5.7313, lr: 0.010000, 112.3s
2023-03-21 21:07:22,519 - model.pytorch.dcrnn_supervisor - INFO - Saved model at 5
2023-03-21 21:07:22,519 - model.pytorch.dcrnn_supervisor - INFO - Val loss decrease from 5.7714 to 5.7313, saving to data/model/pretrained/YINCHUAN/yc_best
2023-03-21 21:09:05,765 - model.pytorch.dcrnn_supervisor - INFO - epoch complete
2023-03-21 21:09:05,766 - model.pytorch.dcrnn_supervisor - INFO - evaluating now!
2023-03-21 21:09:13,108 - model.pytorch.dcrnn_supervisor - INFO - Epoch [6/1000] (1351) train_mae: 5.1706, val_mae: 5.6713, lr: 0.010000, 110.6s
2023-03-21 21:09:13,112 - model.pytorch.dcrnn_supervisor - INFO - Saved model at 6
2023-03-21 21:09:13,112 - model.pytorch.dcrnn_supervisor - INFO - Val loss decrease from 5.7313 to 5.6713, saving to data/model/pretrained/YINCHUAN/yc_best
2023-03-21 21:10:55,884 - model.pytorch.dcrnn_supervisor - INFO - epoch complete
2023-03-21 21:10:55,884 - model.pytorch.dcrnn_supervisor - INFO - evaluating now!
2023-03-21 21:11:03,104 - model.pytorch.dcrnn_supervisor - INFO - Epoch [7/1000] (1544) train_mae: 5.1437, val_mae: 5.6944, lr: 0.010000, 110.0s
2023-03-21 21:12:46,413 - model.pytorch.dcrnn_supervisor - INFO - epoch complete
2023-03-21 21:12:46,414 - model.pytorch.dcrnn_supervisor - INFO - evaluating now!
2023-03-21 21:12:53,749 - model.pytorch.dcrnn_supervisor - INFO - Epoch [8/1000] (1737) train_mae: 5.1190, val_mae: 5.6380, lr: 0.010000, 110.6s
2023-03-21 21:12:53,753 - model.pytorch.dcrnn_supervisor - INFO - Saved model at 8
2023-03-21 21:12:53,753 - model.pytorch.dcrnn_supervisor - INFO - Val loss decrease from 5.6713 to 5.6380, saving to data/model/pretrained/YINCHUAN/yc_best
2023-03-21 21:14:37,086 - model.pytorch.dcrnn_supervisor - INFO - epoch complete
2023-03-21 21:14:37,087 - model.pytorch.dcrnn_supervisor - INFO - evaluating now!
2023-03-21 21:14:44,590 - model.pytorch.dcrnn_supervisor - INFO - Epoch [9/1000] (1930) train_mae: 5.0935, val_mae: 5.6712, lr: 0.010000, 110.8s
2023-03-21 21:16:28,004 - model.pytorch.dcrnn_supervisor - INFO - epoch complete
2023-03-21 21:16:28,004 - model.pytorch.dcrnn_supervisor - INFO - evaluating now!
2023-03-21 21:16:35,391 - model.pytorch.dcrnn_supervisor - INFO - Epoch [10/1000] (2123) train_mae: 5.0789, val_mae: 5.6323, lr: 0.010000, 110.8s
2023-03-21 21:16:35,396 - model.pytorch.dcrnn_supervisor - INFO - Saved model at 10
2023-03-21 21:16:35,396 - model.pytorch.dcrnn_supervisor - INFO - Val loss decrease from 5.6380 to 5.6323, saving to data/model/pretrained/YINCHUAN/yc_best
2023-03-21 21:18:20,074 - model.pytorch.dcrnn_supervisor - INFO - epoch complete
2023-03-21 21:18:20,074 - model.pytorch.dcrnn_supervisor - INFO - evaluating now!
2023-03-21 21:18:27,337 - model.pytorch.dcrnn_supervisor - INFO - Epoch [11/1000] (2316) train_mae: 5.0755, val_mae: 5.6511, lr: 0.010000, 111.9s
2023-03-21 21:20:10,955 - model.pytorch.dcrnn_supervisor - INFO - epoch complete
2023-03-21 21:20:10,956 - model.pytorch.dcrnn_supervisor - INFO - evaluating now!
2023-03-21 21:20:18,406 - model.pytorch.dcrnn_supervisor - INFO - Epoch [12/1000] (2509) train_mae: 5.0405, val_mae: 5.6666, lr: 0.010000, 111.1s
2023-03-21 21:22:01,676 - model.pytorch.dcrnn_supervisor - INFO - epoch complete
2023-03-21 21:22:01,677 - model.pytorch.dcrnn_supervisor - INFO - evaluating now!
2023-03-21 21:22:09,125 - model.pytorch.dcrnn_supervisor - INFO - Epoch [13/1000] (2702) train_mae: 5.0120, val_mae: 5.6459, lr: 0.010000, 110.7s
2023-03-21 21:23:51,323 - model.pytorch.dcrnn_supervisor - INFO - epoch complete
2023-03-21 21:23:51,324 - model.pytorch.dcrnn_supervisor - INFO - evaluating now!
2023-03-21 21:23:58,528 - model.pytorch.dcrnn_supervisor - INFO - Epoch [14/1000] (2895) train_mae: 4.9927, val_mae: 5.6910, lr: 0.010000, 109.4s
2023-03-21 21:25:40,727 - model.pytorch.dcrnn_supervisor - INFO - epoch complete
2023-03-21 21:25:40,728 - model.pytorch.dcrnn_supervisor - INFO - evaluating now!
2023-03-21 21:25:47,952 - model.pytorch.dcrnn_supervisor - INFO - Epoch [15/1000] (3088) train_mae: 4.9688, val_mae: 5.6929, lr: 0.010000, 109.4s
2023-03-21 21:25:47,952 - model.pytorch.dcrnn_supervisor - WARNING - Early stopping at epoch: 15
2023-03-21 21:25:48,210 - model.pytorch.dcrnn_supervisor - INFO - Loaded model successfully!
2023-03-21 21:26:06,159 - model.pytorch.dcrnn_supervisor - INFO - Log directory: data/model/dcrnn/
2023-03-21 21:26:22,876 - model.pytorch.dcrnn_supervisor - INFO - Model created
2023-03-21 21:26:22,877 - model.pytorch.dcrnn_supervisor - INFO - Start training ...
2023-03-21 21:26:22,877 - model.pytorch.dcrnn_supervisor - INFO - num_batches:193
2023-03-21 21:26:23,414 - model.pytorch.dcrnn_supervisor - INFO - Total trainable parameters 372353
2023-03-21 21:28:03,601 - model.pytorch.dcrnn_supervisor - INFO - epoch complete
2023-03-21 21:28:03,604 - model.pytorch.dcrnn_supervisor - INFO - evaluating now!
2023-03-21 21:28:10,749 - model.pytorch.dcrnn_supervisor - INFO - Epoch [0/1000] (193) train_mae: 6.5802, val_mae: 6.4928, lr: 0.010000, 107.9s
2023-03-21 21:28:10,754 - model.pytorch.dcrnn_supervisor - INFO - Saved model at 0
2023-03-21 21:28:10,754 - model.pytorch.dcrnn_supervisor - INFO - Val loss decrease from inf to 6.4928, saving to data/model/pretrained/YINCHUAN/yc_best
2023-03-21 21:29:51,321 - model.pytorch.dcrnn_supervisor - INFO - epoch complete
2023-03-21 21:29:51,321 - model.pytorch.dcrnn_supervisor - INFO - evaluating now!
2023-03-21 21:29:58,443 - model.pytorch.dcrnn_supervisor - INFO - Epoch [1/1000] (386) train_mae: 5.6161, val_mae: 6.3090, lr: 0.010000, 107.7s
2023-03-21 21:29:58,447 - model.pytorch.dcrnn_supervisor - INFO - Saved model at 1
2023-03-21 21:29:58,447 - model.pytorch.dcrnn_supervisor - INFO - Val loss decrease from 6.4928 to 6.3090, saving to data/model/pretrained/YINCHUAN/yc_best
2023-03-21 21:31:37,818 - model.pytorch.dcrnn_supervisor - INFO - epoch complete
2023-03-21 21:31:37,819 - model.pytorch.dcrnn_supervisor - INFO - evaluating now!
2023-03-21 21:31:44,839 - model.pytorch.dcrnn_supervisor - INFO - Epoch [2/1000] (579) train_mae: 5.4364, val_mae: 5.9428, lr: 0.010000, 106.4s
2023-03-21 21:31:44,843 - model.pytorch.dcrnn_supervisor - INFO - Saved model at 2
2023-03-21 21:31:44,843 - model.pytorch.dcrnn_supervisor - INFO - Val loss decrease from 6.3090 to 5.9428, saving to data/model/pretrained/YINCHUAN/yc_best
2023-03-21 21:33:24,563 - model.pytorch.dcrnn_supervisor - INFO - epoch complete
2023-03-21 21:33:24,564 - model.pytorch.dcrnn_supervisor - INFO - evaluating now!
2023-03-21 21:33:31,622 - model.pytorch.dcrnn_supervisor - INFO - Epoch [3/1000] (772) train_mae: 5.3403, val_mae: 5.9402, lr: 0.010000, 106.8s
2023-03-21 21:33:31,626 - model.pytorch.dcrnn_supervisor - INFO - Saved model at 3
2023-03-21 21:33:31,626 - model.pytorch.dcrnn_supervisor - INFO - Val loss decrease from 5.9428 to 5.9402, saving to data/model/pretrained/YINCHUAN/yc_best
2023-03-21 21:35:11,008 - model.pytorch.dcrnn_supervisor - INFO - epoch complete
2023-03-21 21:35:11,008 - model.pytorch.dcrnn_supervisor - INFO - evaluating now!
2023-03-21 21:35:18,172 - model.pytorch.dcrnn_supervisor - INFO - Epoch [4/1000] (965) train_mae: 5.2700, val_mae: 5.8163, lr: 0.010000, 106.5s
2023-03-21 21:35:18,176 - model.pytorch.dcrnn_supervisor - INFO - Saved model at 4
2023-03-21 21:35:18,177 - model.pytorch.dcrnn_supervisor - INFO - Val loss decrease from 5.9402 to 5.8163, saving to data/model/pretrained/YINCHUAN/yc_best
2023-03-21 21:36:59,360 - model.pytorch.dcrnn_supervisor - INFO - epoch complete
2023-03-21 21:36:59,361 - model.pytorch.dcrnn_supervisor - INFO - evaluating now!
2023-03-21 21:37:06,565 - model.pytorch.dcrnn_supervisor - INFO - Epoch [5/1000] (1158) train_mae: 5.2171, val_mae: 5.7311, lr: 0.010000, 108.4s
2023-03-21 21:37:06,570 - model.pytorch.dcrnn_supervisor - INFO - Saved model at 5
2023-03-21 21:37:06,570 - model.pytorch.dcrnn_supervisor - INFO - Val loss decrease from 5.8163 to 5.7311, saving to data/model/pretrained/YINCHUAN/yc_best
2023-03-21 21:38:46,902 - model.pytorch.dcrnn_supervisor - INFO - epoch complete
2023-03-21 21:38:46,903 - model.pytorch.dcrnn_supervisor - INFO - evaluating now!
2023-03-21 21:38:54,102 - model.pytorch.dcrnn_supervisor - INFO - Epoch [6/1000] (1351) train_mae: 5.1757, val_mae: 5.7007, lr: 0.010000, 107.5s
2023-03-21 21:38:54,106 - model.pytorch.dcrnn_supervisor - INFO - Saved model at 6
2023-03-21 21:38:54,106 - model.pytorch.dcrnn_supervisor - INFO - Val loss decrease from 5.7311 to 5.7007, saving to data/model/pretrained/YINCHUAN/yc_best
2023-03-21 21:40:35,313 - model.pytorch.dcrnn_supervisor - INFO - epoch complete
2023-03-21 21:40:35,314 - model.pytorch.dcrnn_supervisor - INFO - evaluating now!
2023-03-21 21:40:42,526 - model.pytorch.dcrnn_supervisor - INFO - Epoch [7/1000] (1544) train_mae: 5.1451, val_mae: 5.6944, lr: 0.010000, 108.4s
2023-03-21 21:40:42,530 - model.pytorch.dcrnn_supervisor - INFO - Saved model at 7
2023-03-21 21:40:42,530 - model.pytorch.dcrnn_supervisor - INFO - Val loss decrease from 5.7007 to 5.6944, saving to data/model/pretrained/YINCHUAN/yc_best
2023-03-21 21:42:24,176 - model.pytorch.dcrnn_supervisor - INFO - epoch complete
2023-03-21 21:42:24,176 - model.pytorch.dcrnn_supervisor - INFO - evaluating now!
2023-03-21 21:42:31,364 - model.pytorch.dcrnn_supervisor - INFO - Epoch [8/1000] (1737) train_mae: 5.1186, val_mae: 5.7024, lr: 0.010000, 108.8s
2023-03-21 21:44:13,100 - model.pytorch.dcrnn_supervisor - INFO - epoch complete
2023-03-21 21:44:13,101 - model.pytorch.dcrnn_supervisor - INFO - evaluating now!
2023-03-21 21:44:20,378 - model.pytorch.dcrnn_supervisor - INFO - Epoch [9/1000] (1930) train_mae: 5.1025, val_mae: 5.7808, lr: 0.010000, 109.0s
2023-03-21 21:46:01,645 - model.pytorch.dcrnn_supervisor - INFO - epoch complete
2023-03-21 21:46:01,646 - model.pytorch.dcrnn_supervisor - INFO - evaluating now!
2023-03-21 21:46:08,843 - model.pytorch.dcrnn_supervisor - INFO - Epoch [10/1000] (2123) train_mae: 5.0723, val_mae: 5.6301, lr: 0.010000, 108.5s
2023-03-21 21:46:08,849 - model.pytorch.dcrnn_supervisor - INFO - Saved model at 10
2023-03-21 21:46:08,850 - model.pytorch.dcrnn_supervisor - INFO - Val loss decrease from 5.6944 to 5.6301, saving to data/model/pretrained/YINCHUAN/yc_best
2023-03-21 21:47:49,973 - model.pytorch.dcrnn_supervisor - INFO - epoch complete
2023-03-21 21:47:49,974 - model.pytorch.dcrnn_supervisor - INFO - evaluating now!
2023-03-21 21:47:57,196 - model.pytorch.dcrnn_supervisor - INFO - Epoch [11/1000] (2316) train_mae: 5.0644, val_mae: 5.7233, lr: 0.010000, 108.3s
2023-03-21 21:49:38,669 - model.pytorch.dcrnn_supervisor - INFO - epoch complete
2023-03-21 21:49:38,670 - model.pytorch.dcrnn_supervisor - INFO - evaluating now!
2023-03-21 21:49:45,928 - model.pytorch.dcrnn_supervisor - INFO - Epoch [12/1000] (2509) train_mae: 5.0384, val_mae: 5.6608, lr: 0.010000, 108.7s
2023-03-21 21:51:28,075 - model.pytorch.dcrnn_supervisor - INFO - epoch complete
2023-03-21 21:51:28,076 - model.pytorch.dcrnn_supervisor - INFO - evaluating now!
2023-03-21 21:51:35,293 - model.pytorch.dcrnn_supervisor - INFO - Epoch [13/1000] (2702) train_mae: 5.0249, val_mae: 5.6432, lr: 0.010000, 109.4s
2023-03-21 21:53:16,974 - model.pytorch.dcrnn_supervisor - INFO - epoch complete
2023-03-21 21:53:16,974 - model.pytorch.dcrnn_supervisor - INFO - evaluating now!
2023-03-21 21:53:24,218 - model.pytorch.dcrnn_supervisor - INFO - Epoch [14/1000] (2895) train_mae: 5.0041, val_mae: 5.7015, lr: 0.010000, 108.9s
2023-03-21 21:55:06,903 - model.pytorch.dcrnn_supervisor - INFO - epoch complete
2023-03-21 21:55:06,904 - model.pytorch.dcrnn_supervisor - INFO - evaluating now!
2023-03-21 21:55:14,332 - model.pytorch.dcrnn_supervisor - INFO - Epoch [15/1000] (3088) train_mae: 4.9807, val_mae: 5.6793, lr: 0.010000, 110.1s
2023-03-21 21:55:14,333 - model.pytorch.dcrnn_supervisor - WARNING - Early stopping at epoch: 15
2023-03-21 21:55:14,590 - model.pytorch.dcrnn_supervisor - INFO - Loaded model successfully!
2023-03-21 21:59:32,954 - model.pytorch.dcrnn_supervisor - INFO - Log directory: data/model/dcrnn/
2023-05-03 22:55:48,917 - model.pytorch.dcrnn_supervisor - INFO - Log directory: data/model/dcrnn/
2023-05-03 22:56:48,131 - model.pytorch.dcrnn_supervisor - INFO - Log directory: data/model/dcrnn/
2023-05-03 23:03:25,208 - model.pytorch.dcrnn_supervisor - INFO - Model created
2023-05-03 23:03:25,210 - model.pytorch.dcrnn_supervisor - INFO - Start training ...
2023-05-03 23:03:25,210 - model.pytorch.dcrnn_supervisor - INFO - num_batches:375
2023-05-03 23:03:29,133 - model.pytorch.dcrnn_supervisor - INFO - Total trainable parameters 372353
2023-05-03 23:05:28,411 - model.pytorch.dcrnn_supervisor - INFO - Log directory: data/model/dcrnn/
2023-05-03 23:09:43,494 - model.pytorch.dcrnn_supervisor - INFO - Log directory: data/model/dcrnn/
2023-05-03 23:17:45,209 - model.pytorch.dcrnn_supervisor - INFO - Model created
2023-05-03 23:17:45,210 - model.pytorch.dcrnn_supervisor - INFO - Start training ...
2023-05-03 23:17:45,210 - model.pytorch.dcrnn_supervisor - INFO - num_batches:375
2023-05-03 23:17:49,271 - model.pytorch.dcrnn_supervisor - INFO - Total trainable parameters 372353
2023-05-03 23:59:29,694 - model.pytorch.dcrnn_supervisor - INFO - epoch complete
2023-05-03 23:59:29,696 - model.pytorch.dcrnn_supervisor - INFO - evaluating now!
2023-05-04 15:19:31,192 - model.pytorch.dcrnn_supervisor - INFO - Log directory: data/model/dcrnn/
2023-05-04 15:19:51,872 - model.pytorch.dcrnn_supervisor - INFO - Model created
2023-05-04 15:19:51,873 - model.pytorch.dcrnn_supervisor - INFO - Start training ...
2023-05-04 15:19:51,873 - model.pytorch.dcrnn_supervisor - INFO - num_batches:375
2023-05-04 15:19:55,510 - model.pytorch.dcrnn_supervisor - INFO - Total trainable parameters 372353
2023-05-04 15:41:55,711 - model.pytorch.dcrnn_supervisor - INFO - Log directory: data/model/dcrnn/
2023-05-04 15:42:16,285 - model.pytorch.dcrnn_supervisor - INFO - Model created
2023-05-04 15:42:16,286 - model.pytorch.dcrnn_supervisor - INFO - Start training ...
2023-05-04 15:42:16,286 - model.pytorch.dcrnn_supervisor - INFO - num_batches:193
2023-05-04 15:42:20,004 - model.pytorch.dcrnn_supervisor - INFO - Total trainable parameters 372353
2023-05-08 14:22:18,641 - model.pytorch.dcrnn_supervisor - INFO - Log directory: data/model/dcrnn/
2023-05-08 14:22:44,714 - model.pytorch.dcrnn_supervisor - INFO - Model created
2023-05-08 14:22:44,715 - model.pytorch.dcrnn_supervisor - INFO - Start training ...
2023-05-08 14:22:44,715 - model.pytorch.dcrnn_supervisor - INFO - num_batches:193
2023-05-08 14:22:45,208 - model.pytorch.dcrnn_supervisor - INFO - Total trainable parameters 372353
2023-05-08 14:27:01,289 - model.pytorch.dcrnn_supervisor - INFO - Log directory: data/model/dcrnn/
2023-05-08 14:27:29,716 - model.pytorch.dcrnn_supervisor - INFO - Model created
2023-05-08 14:27:29,718 - model.pytorch.dcrnn_supervisor - INFO - Start training ...
2023-05-08 14:27:29,718 - model.pytorch.dcrnn_supervisor - INFO - num_batches:193
2023-05-08 14:27:30,280 - model.pytorch.dcrnn_supervisor - INFO - Total trainable parameters 372353
2023-05-08 14:29:24,384 - model.pytorch.dcrnn_supervisor - INFO - epoch complete
2023-05-08 14:29:24,386 - model.pytorch.dcrnn_supervisor - INFO - evaluating now!
2023-05-08 14:30:10,888 - model.pytorch.dcrnn_supervisor - INFO - Log directory: data/model/dcrnn/
2023-05-08 14:33:56,146 - model.pytorch.dcrnn_supervisor - INFO - Model created
2023-05-08 14:33:56,147 - model.pytorch.dcrnn_supervisor - INFO - Start training ...
2023-05-08 14:33:56,147 - model.pytorch.dcrnn_supervisor - INFO - num_batches:375
2023-05-08 14:33:56,977 - model.pytorch.dcrnn_supervisor - INFO - Total trainable parameters 372353
2023-05-08 14:38:25,664 - model.pytorch.dcrnn_supervisor - INFO - Log directory: data/model/dcrnn/
2023-05-08 14:40:28,915 - model.pytorch.dcrnn_supervisor - INFO - Model created
2023-05-08 14:40:28,916 - model.pytorch.dcrnn_supervisor - INFO - Start training ...
2023-05-08 14:40:28,916 - model.pytorch.dcrnn_supervisor - INFO - num_batches:375
2023-05-08 14:40:29,583 - model.pytorch.dcrnn_supervisor - INFO - Total trainable parameters 372353
2023-05-08 14:47:18,828 - model.pytorch.dcrnn_supervisor - INFO - epoch complete
2023-05-08 14:47:18,831 - model.pytorch.dcrnn_supervisor - INFO - evaluating now!
2023-05-08 14:51:40,712 - model.pytorch.dcrnn_supervisor - INFO - Log directory: data/model/dcrnn/
2023-05-08 14:55:04,728 - model.pytorch.dcrnn_supervisor - INFO - Log directory: data/model/dcrnn/
2023-05-08 14:56:44,882 - model.pytorch.dcrnn_supervisor - INFO - Model created
2023-05-08 14:56:44,883 - model.pytorch.dcrnn_supervisor - INFO - Start training ...
2023-05-08 14:56:44,883 - model.pytorch.dcrnn_supervisor - INFO - num_batches:375
2023-05-08 14:56:45,687 - model.pytorch.dcrnn_supervisor - INFO - Total trainable parameters 372353
2023-05-08 15:45:01,739 - model.pytorch.dcrnn_supervisor - INFO - Log directory: data/model/dcrnn/
2023-05-08 15:46:40,069 - model.pytorch.dcrnn_supervisor - INFO - Model created
2023-05-08 15:46:40,071 - model.pytorch.dcrnn_supervisor - INFO - Start training ...
2023-05-08 15:46:40,071 - model.pytorch.dcrnn_supervisor - INFO - num_batches:375
2023-05-08 15:46:40,945 - model.pytorch.dcrnn_supervisor - INFO - Total trainable parameters 372353
2023-05-08 15:54:13,495 - model.pytorch.dcrnn_supervisor - INFO - epoch complete
2023-05-08 15:54:13,497 - model.pytorch.dcrnn_supervisor - INFO - evaluating now!
2023-05-08 15:54:46,004 - model.pytorch.dcrnn_supervisor - INFO - Epoch [0/1000] (375) train_mae: 2.8017, val_mae: 3.3659, lr: 0.010000, 485.9s
2023-05-08 15:54:46,012 - model.pytorch.dcrnn_supervisor - INFO - Saved model at 0
2023-05-08 15:54:46,012 - model.pytorch.dcrnn_supervisor - INFO - Val loss decrease from inf to 3.3659, saving to data/model/pretrained/METR-LA/la_best-1
2023-05-08 16:02:25,306 - model.pytorch.dcrnn_supervisor - INFO - epoch complete
2023-05-08 16:02:25,308 - model.pytorch.dcrnn_supervisor - INFO - evaluating now!
2023-05-08 16:02:57,861 - model.pytorch.dcrnn_supervisor - INFO - Epoch [1/1000] (750) train_mae: 2.3097, val_mae: 3.2076, lr: 0.010000, 491.8s
2023-05-08 16:02:57,867 - model.pytorch.dcrnn_supervisor - INFO - Saved model at 1
2023-05-08 16:02:57,868 - model.pytorch.dcrnn_supervisor - INFO - Val loss decrease from 3.3659 to 3.2076, saving to data/model/pretrained/METR-LA/la_best-1
2023-05-08 16:10:35,909 - model.pytorch.dcrnn_supervisor - INFO - epoch complete
2023-05-08 16:10:35,910 - model.pytorch.dcrnn_supervisor - INFO - evaluating now!
2023-05-08 16:11:08,306 - model.pytorch.dcrnn_supervisor - INFO - Epoch [2/1000] (1125) train_mae: 2.2461, val_mae: 3.1458, lr: 0.010000, 490.4s
2023-05-08 16:11:08,316 - model.pytorch.dcrnn_supervisor - INFO - Saved model at 2
2023-05-08 16:11:08,323 - model.pytorch.dcrnn_supervisor - INFO - Val loss decrease from 3.2076 to 3.1458, saving to data/model/pretrained/METR-LA/la_best-1
2023-05-08 16:18:43,304 - model.pytorch.dcrnn_supervisor - INFO - epoch complete
2023-05-08 16:18:43,305 - model.pytorch.dcrnn_supervisor - INFO - evaluating now!
2023-05-08 16:19:15,322 - model.pytorch.dcrnn_supervisor - INFO - Epoch [3/1000] (1500) train_mae: 2.2063, val_mae: 3.0495, lr: 0.010000, 487.0s
2023-05-08 16:19:15,329 - model.pytorch.dcrnn_supervisor - INFO - Saved model at 3
2023-05-08 16:19:15,329 - model.pytorch.dcrnn_supervisor - INFO - Val loss decrease from 3.1458 to 3.0495, saving to data/model/pretrained/METR-LA/la_best-1
2023-05-08 16:26:53,606 - model.pytorch.dcrnn_supervisor - INFO - epoch complete
2023-05-08 16:26:53,607 - model.pytorch.dcrnn_supervisor - INFO - evaluating now!
2023-05-08 16:27:25,746 - model.pytorch.dcrnn_supervisor - INFO - Epoch [4/1000] (1875) train_mae: 2.1776, val_mae: 3.0087, lr: 0.010000, 490.4s
2023-05-08 16:27:25,751 - model.pytorch.dcrnn_supervisor - INFO - Saved model at 4
2023-05-08 16:27:25,751 - model.pytorch.dcrnn_supervisor - INFO - Val loss decrease from 3.0495 to 3.0087, saving to data/model/pretrained/METR-LA/la_best-1
2023-05-08 16:34:56,577 - model.pytorch.dcrnn_supervisor - INFO - epoch complete
2023-05-08 16:34:56,579 - model.pytorch.dcrnn_supervisor - INFO - evaluating now!
2023-05-08 16:35:25,949 - model.pytorch.dcrnn_supervisor - INFO - Epoch [5/1000] (2250) train_mae: 2.1543, val_mae: 2.9991, lr: 0.010000, 480.2s
2023-05-08 16:35:25,955 - model.pytorch.dcrnn_supervisor - INFO - Saved model at 5
2023-05-08 16:35:25,955 - model.pytorch.dcrnn_supervisor - INFO - Val loss decrease from 3.0087 to 2.9991, saving to data/model/pretrained/METR-LA/la_best-1
2023-05-08 16:42:19,243 - model.pytorch.dcrnn_supervisor - INFO - epoch complete
2023-05-08 16:42:19,243 - model.pytorch.dcrnn_supervisor - INFO - evaluating now!
2023-05-08 16:42:48,486 - model.pytorch.dcrnn_supervisor - INFO - Epoch [6/1000] (2625) train_mae: 2.1365, val_mae: 2.9442, lr: 0.010000, 442.5s
2023-05-08 16:42:48,492 - model.pytorch.dcrnn_supervisor - INFO - Saved model at 6
2023-05-08 16:42:48,492 - model.pytorch.dcrnn_supervisor - INFO - Val loss decrease from 2.9991 to 2.9442, saving to data/model/pretrained/METR-LA/la_best-1
2023-05-08 16:49:34,414 - model.pytorch.dcrnn_supervisor - INFO - epoch complete
2023-05-08 16:49:34,415 - model.pytorch.dcrnn_supervisor - INFO - evaluating now!
2023-05-08 16:50:03,986 - model.pytorch.dcrnn_supervisor - INFO - Epoch [7/1000] (3000) train_mae: 2.1208, val_mae: 2.9398, lr: 0.010000, 435.5s
2023-05-08 16:50:03,992 - model.pytorch.dcrnn_supervisor - INFO - Saved model at 7
2023-05-08 16:50:03,992 - model.pytorch.dcrnn_supervisor - INFO - Val loss decrease from 2.9442 to 2.9398, saving to data/model/pretrained/METR-LA/la_best-1
2023-05-08 16:56:50,368 - model.pytorch.dcrnn_supervisor - INFO - epoch complete
2023-05-08 16:56:50,369 - model.pytorch.dcrnn_supervisor - INFO - evaluating now!
2023-05-08 16:57:19,443 - model.pytorch.dcrnn_supervisor - INFO - Epoch [8/1000] (3375) train_mae: 2.1084, val_mae: 2.9467, lr: 0.010000, 435.4s
2023-05-08 17:04:07,607 - model.pytorch.dcrnn_supervisor - INFO - epoch complete
2023-05-08 17:04:07,608 - model.pytorch.dcrnn_supervisor - INFO - evaluating now!
2023-05-08 17:04:44,115 - model.pytorch.dcrnn_supervisor - INFO - Epoch [9/1000] (3750) train_mae: 2.0958, val_mae: 2.9835, lr: 0.010000, 444.7s
2023-05-08 17:11:36,983 - model.pytorch.dcrnn_supervisor - INFO - epoch complete
2023-05-08 17:11:36,984 - model.pytorch.dcrnn_supervisor - INFO - evaluating now!
2023-05-08 17:12:08,391 - model.pytorch.dcrnn_supervisor - INFO - Epoch [10/1000] (4125) train_mae: 2.0851, val_mae: 2.9734, lr: 0.010000, 444.3s
2023-05-08 17:19:22,886 - model.pytorch.dcrnn_supervisor - INFO - epoch complete
2023-05-08 17:19:22,887 - model.pytorch.dcrnn_supervisor - INFO - evaluating now!
2023-05-08 17:19:54,109 - model.pytorch.dcrnn_supervisor - INFO - Epoch [11/1000] (4500) train_mae: 2.0750, val_mae: 2.9253, lr: 0.010000, 465.7s
2023-05-08 17:19:54,115 - model.pytorch.dcrnn_supervisor - INFO - Saved model at 11
2023-05-08 17:19:54,115 - model.pytorch.dcrnn_supervisor - INFO - Val loss decrease from 2.9398 to 2.9253, saving to data/model/pretrained/METR-LA/la_best-1
2023-05-08 17:27:14,387 - model.pytorch.dcrnn_supervisor - INFO - epoch complete
2023-05-08 17:27:14,388 - model.pytorch.dcrnn_supervisor - INFO - evaluating now!
2023-05-08 17:27:46,396 - model.pytorch.dcrnn_supervisor - INFO - Epoch [12/1000] (4875) train_mae: 2.0674, val_mae: 2.8834, lr: 0.010000, 472.3s
2023-05-08 17:27:46,402 - model.pytorch.dcrnn_supervisor - INFO - Saved model at 12
2023-05-08 17:27:46,402 - model.pytorch.dcrnn_supervisor - INFO - Val loss decrease from 2.9253 to 2.8834, saving to data/model/pretrained/METR-LA/la_best-1
2023-05-08 17:35:06,167 - model.pytorch.dcrnn_supervisor - INFO - epoch complete
2023-05-08 17:35:06,167 - model.pytorch.dcrnn_supervisor - INFO - evaluating now!
2023-05-08 17:35:37,571 - model.pytorch.dcrnn_supervisor - INFO - Epoch [13/1000] (5250) train_mae: 2.0593, val_mae: 2.8764, lr: 0.010000, 471.2s
2023-05-08 17:35:37,577 - model.pytorch.dcrnn_supervisor - INFO - Saved model at 13
2023-05-08 17:35:37,577 - model.pytorch.dcrnn_supervisor - INFO - Val loss decrease from 2.8834 to 2.8764, saving to data/model/pretrained/METR-LA/la_best-1
2023-05-08 17:43:00,265 - model.pytorch.dcrnn_supervisor - INFO - epoch complete
2023-05-08 17:43:00,265 - model.pytorch.dcrnn_supervisor - INFO - evaluating now!
2023-05-08 17:43:32,785 - model.pytorch.dcrnn_supervisor - INFO - Epoch [14/1000] (5625) train_mae: 2.0527, val_mae: 2.8769, lr: 0.010000, 475.2s
2023-05-08 17:50:55,905 - model.pytorch.dcrnn_supervisor - INFO - epoch complete
2023-05-08 17:50:55,906 - model.pytorch.dcrnn_supervisor - INFO - evaluating now!
2023-05-08 17:51:27,606 - model.pytorch.dcrnn_supervisor - INFO - Epoch [15/1000] (6000) train_mae: 2.0476, val_mae: 2.9056, lr: 0.010000, 474.8s
2023-05-08 17:58:48,735 - model.pytorch.dcrnn_supervisor - INFO - epoch complete
2023-05-08 17:58:48,737 - model.pytorch.dcrnn_supervisor - INFO - evaluating now!
2023-05-08 17:59:20,264 - model.pytorch.dcrnn_supervisor - INFO - Epoch [16/1000] (6375) train_mae: 2.0409, val_mae: 2.8756, lr: 0.010000, 472.7s
2023-05-08 17:59:20,270 - model.pytorch.dcrnn_supervisor - INFO - Saved model at 16
2023-05-08 17:59:20,270 - model.pytorch.dcrnn_supervisor - INFO - Val loss decrease from 2.8764 to 2.8756, saving to data/model/pretrained/METR-LA/la_best-1
2023-05-08 18:06:16,780 - model.pytorch.dcrnn_supervisor - INFO - epoch complete
2023-05-08 18:06:16,781 - model.pytorch.dcrnn_supervisor - INFO - evaluating now!
2023-05-08 18:06:46,906 - model.pytorch.dcrnn_supervisor - INFO - Epoch [17/1000] (6750) train_mae: 2.0384, val_mae: 2.9099, lr: 0.010000, 446.6s
2023-05-08 18:13:47,112 - model.pytorch.dcrnn_supervisor - INFO - epoch complete
2023-05-08 18:13:47,113 - model.pytorch.dcrnn_supervisor - INFO - evaluating now!
2023-05-08 18:14:18,007 - model.pytorch.dcrnn_supervisor - INFO - Epoch [18/1000] (7125) train_mae: 2.0302, val_mae: 2.8617, lr: 0.010000, 451.1s
2023-05-08 18:14:18,013 - model.pytorch.dcrnn_supervisor - INFO - Saved model at 18
2023-05-08 18:14:18,013 - model.pytorch.dcrnn_supervisor - INFO - Val loss decrease from 2.8756 to 2.8617, saving to data/model/pretrained/METR-LA/la_best-1
2023-05-08 18:21:09,705 - model.pytorch.dcrnn_supervisor - INFO - epoch complete
2023-05-08 18:21:09,706 - model.pytorch.dcrnn_supervisor - INFO - evaluating now!
2023-05-08 18:21:49,238 - model.pytorch.dcrnn_supervisor - INFO - Epoch [19/1000] (7500) train_mae: 2.0288, val_mae: 2.8623, lr: 0.000100, 451.2s
2023-05-08 18:28:38,251 - model.pytorch.dcrnn_supervisor - INFO - epoch complete
2023-05-08 18:28:38,252 - model.pytorch.dcrnn_supervisor - INFO - evaluating now!
2023-05-08 18:29:12,224 - model.pytorch.dcrnn_supervisor - INFO - Epoch [20/1000] (7875) train_mae: 2.0239, val_mae: 2.8679, lr: 0.001000, 443.0s
2023-05-08 18:36:05,324 - model.pytorch.dcrnn_supervisor - INFO - epoch complete
2023-05-08 18:36:05,325 - model.pytorch.dcrnn_supervisor - INFO - evaluating now!
2023-05-08 18:36:40,378 - model.pytorch.dcrnn_supervisor - INFO - Epoch [21/1000] (8250) train_mae: 2.0263, val_mae: 2.9512, lr: 0.001000, 448.2s
2023-05-08 18:43:31,184 - model.pytorch.dcrnn_supervisor - INFO - epoch complete
2023-05-08 18:43:31,185 - model.pytorch.dcrnn_supervisor - INFO - evaluating now!
2023-05-08 18:44:07,075 - model.pytorch.dcrnn_supervisor - INFO - Epoch [22/1000] (8625) train_mae: 2.0260, val_mae: 3.0099, lr: 0.001000, 446.7s
2023-05-08 18:50:57,515 - model.pytorch.dcrnn_supervisor - INFO - epoch complete
2023-05-08 18:50:57,516 - model.pytorch.dcrnn_supervisor - INFO - evaluating now!
2023-05-08 18:51:33,793 - model.pytorch.dcrnn_supervisor - INFO - Epoch [23/1000] (9000) train_mae: 2.0232, val_mae: 2.9630, lr: 0.001000, 446.7s
2023-05-08 18:58:26,125 - model.pytorch.dcrnn_supervisor - INFO - epoch complete
2023-05-08 18:58:26,126 - model.pytorch.dcrnn_supervisor - INFO - evaluating now!
2023-05-08 18:59:04,685 - model.pytorch.dcrnn_supervisor - INFO - Epoch [24/1000] (9375) train_mae: 2.0202, val_mae: 2.8506, lr: 0.001000, 450.9s
2023-05-08 18:59:04,690 - model.pytorch.dcrnn_supervisor - INFO - Saved model at 24
2023-05-08 18:59:04,691 - model.pytorch.dcrnn_supervisor - INFO - Val loss decrease from 2.8617 to 2.8506, saving to data/model/pretrained/METR-LA/la_best-1
2023-05-08 19:06:14,546 - model.pytorch.dcrnn_supervisor - INFO - epoch complete
2023-05-08 19:06:14,547 - model.pytorch.dcrnn_supervisor - INFO - evaluating now!
2023-05-08 19:06:47,030 - model.pytorch.dcrnn_supervisor - INFO - Epoch [25/1000] (9750) train_mae: 2.0237, val_mae: 3.4204, lr: 0.001000, 462.3s
2023-05-08 19:14:09,863 - model.pytorch.dcrnn_supervisor - INFO - epoch complete
2023-05-08 19:14:09,864 - model.pytorch.dcrnn_supervisor - INFO - evaluating now!
2023-05-08 19:14:52,683 - model.pytorch.dcrnn_supervisor - INFO - Epoch [26/1000] (10125) train_mae: 2.0278, val_mae: 2.9814, lr: 0.001000, 485.7s
2023-05-08 19:22:21,575 - model.pytorch.dcrnn_supervisor - INFO - epoch complete
2023-05-08 19:22:21,576 - model.pytorch.dcrnn_supervisor - INFO - evaluating now!
2023-05-08 19:22:54,524 - model.pytorch.dcrnn_supervisor - INFO - Epoch [27/1000] (10500) train_mae: 2.0270, val_mae: 2.8681, lr: 0.001000, 481.8s
2023-05-08 19:30:23,495 - model.pytorch.dcrnn_supervisor - INFO - epoch complete
2023-05-08 19:30:23,497 - model.pytorch.dcrnn_supervisor - INFO - evaluating now!
2023-05-08 19:30:55,128 - model.pytorch.dcrnn_supervisor - INFO - Epoch [28/1000] (10875) train_mae: 2.0346, val_mae: 2.8899, lr: 0.001000, 480.6s
2023-05-08 19:38:25,269 - model.pytorch.dcrnn_supervisor - INFO - epoch complete
2023-05-08 19:38:25,269 - model.pytorch.dcrnn_supervisor - INFO - evaluating now!
2023-05-08 19:38:57,768 - model.pytorch.dcrnn_supervisor - INFO - Epoch [29/1000] (11250) train_mae: 2.0458, val_mae: 3.0151, lr: 0.000010, 482.6s
2023-05-08 19:46:24,140 - model.pytorch.dcrnn_supervisor - INFO - epoch complete
2023-05-08 19:46:24,141 - model.pytorch.dcrnn_supervisor - INFO - evaluating now!
2023-05-08 19:46:56,870 - model.pytorch.dcrnn_supervisor - INFO - Epoch [30/1000] (11625) train_mae: 2.0470, val_mae: 3.0335, lr: 0.000100, 479.1s
2023-05-08 19:54:17,967 - model.pytorch.dcrnn_supervisor - INFO - epoch complete
2023-05-08 19:54:17,968 - model.pytorch.dcrnn_supervisor - INFO - evaluating now!
2023-05-08 19:54:47,329 - model.pytorch.dcrnn_supervisor - INFO - Epoch [31/1000] (12000) train_mae: 2.0545, val_mae: 3.0675, lr: 0.000100, 470.5s
2023-05-08 20:17:02,230 - model.pytorch.dcrnn_supervisor - INFO - Log directory: data/model/dcrnn/
2023-05-08 20:17:27,280 - model.pytorch.dcrnn_supervisor - INFO - Model created
2023-05-08 20:17:27,281 - model.pytorch.dcrnn_supervisor - INFO - Start training ...
2023-05-08 20:17:27,281 - model.pytorch.dcrnn_supervisor - INFO - num_batches:375
2023-05-08 20:17:28,040 - model.pytorch.dcrnn_supervisor - INFO - Total trainable parameters 372353
2023-05-08 20:23:52,722 - model.pytorch.dcrnn_supervisor - INFO - epoch complete
2023-05-08 20:23:52,725 - model.pytorch.dcrnn_supervisor - INFO - evaluating now!
2023-05-08 20:24:20,250 - model.pytorch.dcrnn_supervisor - INFO - Epoch [0/1000] (375) train_mae: 2.7678, val_mae: 3.4388, lr: 0.010000, 413.0s
2023-05-08 20:24:20,255 - model.pytorch.dcrnn_supervisor - INFO - Saved model at 0
2023-05-08 20:24:20,255 - model.pytorch.dcrnn_supervisor - INFO - Val loss decrease from inf to 3.4388, saving to data/model/pretrained/METR-LA/la_best-1
2023-05-08 20:30:49,623 - model.pytorch.dcrnn_supervisor - INFO - epoch complete
2023-05-08 20:30:49,624 - model.pytorch.dcrnn_supervisor - INFO - evaluating now!
2023-05-08 20:31:18,827 - model.pytorch.dcrnn_supervisor - INFO - Epoch [1/1000] (750) train_mae: 2.3178, val_mae: 3.2907, lr: 0.010000, 418.6s
2023-05-08 20:31:18,831 - model.pytorch.dcrnn_supervisor - INFO - Saved model at 1
2023-05-08 20:31:18,831 - model.pytorch.dcrnn_supervisor - INFO - Val loss decrease from 3.4388 to 3.2907, saving to data/model/pretrained/METR-LA/la_best-1
2023-05-08 20:37:57,934 - model.pytorch.dcrnn_supervisor - INFO - epoch complete
2023-05-08 20:37:57,935 - model.pytorch.dcrnn_supervisor - INFO - evaluating now!
2023-05-08 20:38:26,435 - model.pytorch.dcrnn_supervisor - INFO - Epoch [2/1000] (1125) train_mae: 2.2559, val_mae: 3.1136, lr: 0.010000, 427.6s
2023-05-08 20:38:26,441 - model.pytorch.dcrnn_supervisor - INFO - Saved model at 2
2023-05-08 20:38:26,441 - model.pytorch.dcrnn_supervisor - INFO - Val loss decrease from 3.2907 to 3.1136, saving to data/model/pretrained/METR-LA/la_best-1
2023-05-08 20:45:03,388 - model.pytorch.dcrnn_supervisor - INFO - epoch complete
2023-05-08 20:45:03,389 - model.pytorch.dcrnn_supervisor - INFO - evaluating now!
2023-05-08 20:45:31,836 - model.pytorch.dcrnn_supervisor - INFO - Epoch [3/1000] (1500) train_mae: 2.2077, val_mae: 3.1015, lr: 0.010000, 425.4s
2023-05-08 20:45:31,842 - model.pytorch.dcrnn_supervisor - INFO - Saved model at 3
2023-05-08 20:45:31,842 - model.pytorch.dcrnn_supervisor - INFO - Val loss decrease from 3.1136 to 3.1015, saving to data/model/pretrained/METR-LA/la_best-1
2023-05-08 20:51:54,789 - model.pytorch.dcrnn_supervisor - INFO - epoch complete
2023-05-08 20:51:54,790 - model.pytorch.dcrnn_supervisor - INFO - evaluating now!
2023-05-08 20:52:22,399 - model.pytorch.dcrnn_supervisor - INFO - Epoch [4/1000] (1875) train_mae: 2.1785, val_mae: 3.0278, lr: 0.010000, 410.6s
2023-05-08 20:52:22,403 - model.pytorch.dcrnn_supervisor - INFO - Saved model at 4
2023-05-08 20:52:22,403 - model.pytorch.dcrnn_supervisor - INFO - Val loss decrease from 3.1015 to 3.0278, saving to data/model/pretrained/METR-LA/la_best-1
2023-05-08 20:58:42,945 - model.pytorch.dcrnn_supervisor - INFO - epoch complete
2023-05-08 20:58:42,946 - model.pytorch.dcrnn_supervisor - INFO - evaluating now!
2023-05-08 20:59:10,332 - model.pytorch.dcrnn_supervisor - INFO - Epoch [5/1000] (2250) train_mae: 2.1558, val_mae: 3.0086, lr: 0.010000, 407.9s
2023-05-08 20:59:10,336 - model.pytorch.dcrnn_supervisor - INFO - Saved model at 5
2023-05-08 20:59:10,337 - model.pytorch.dcrnn_supervisor - INFO - Val loss decrease from 3.0278 to 3.0086, saving to data/model/pretrained/METR-LA/la_best-1
2023-05-08 21:05:42,385 - model.pytorch.dcrnn_supervisor - INFO - epoch complete
2023-05-08 21:05:42,386 - model.pytorch.dcrnn_supervisor - INFO - evaluating now!
2023-05-08 21:06:11,436 - model.pytorch.dcrnn_supervisor - INFO - Epoch [6/1000] (2625) train_mae: 2.1391, val_mae: 2.9569, lr: 0.010000, 421.1s
2023-05-08 21:06:11,441 - model.pytorch.dcrnn_supervisor - INFO - Saved model at 6
2023-05-08 21:06:11,441 - model.pytorch.dcrnn_supervisor - INFO - Val loss decrease from 3.0086 to 2.9569, saving to data/model/pretrained/METR-LA/la_best-1
2023-05-08 21:12:49,165 - model.pytorch.dcrnn_supervisor - INFO - epoch complete
2023-05-08 21:12:49,166 - model.pytorch.dcrnn_supervisor - INFO - evaluating now!
2023-05-08 21:13:17,867 - model.pytorch.dcrnn_supervisor - INFO - Epoch [7/1000] (3000) train_mae: 2.1239, val_mae: 2.9203, lr: 0.010000, 426.4s
2023-05-08 21:13:17,872 - model.pytorch.dcrnn_supervisor - INFO - Saved model at 7
2023-05-08 21:13:17,872 - model.pytorch.dcrnn_supervisor - INFO - Val loss decrease from 2.9569 to 2.9203, saving to data/model/pretrained/METR-LA/la_best-1
2023-05-08 21:19:59,442 - model.pytorch.dcrnn_supervisor - INFO - epoch complete
2023-05-08 21:19:59,443 - model.pytorch.dcrnn_supervisor - INFO - evaluating now!
2023-05-08 21:20:28,504 - model.pytorch.dcrnn_supervisor - INFO - Epoch [8/1000] (3375) train_mae: 2.1105, val_mae: 2.9039, lr: 0.010000, 430.6s
2023-05-08 21:20:28,508 - model.pytorch.dcrnn_supervisor - INFO - Saved model at 8
2023-05-08 21:20:28,508 - model.pytorch.dcrnn_supervisor - INFO - Val loss decrease from 2.9203 to 2.9039, saving to data/model/pretrained/METR-LA/la_best-1
2023-05-08 21:26:50,152 - model.pytorch.dcrnn_supervisor - INFO - epoch complete
2023-05-08 21:26:50,153 - model.pytorch.dcrnn_supervisor - INFO - evaluating now!
2023-05-08 21:27:17,895 - model.pytorch.dcrnn_supervisor - INFO - Epoch [9/1000] (3750) train_mae: 2.0976, val_mae: 2.9432, lr: 0.010000, 409.4s
2023-05-08 21:33:38,085 - model.pytorch.dcrnn_supervisor - INFO - epoch complete
2023-05-08 21:33:38,086 - model.pytorch.dcrnn_supervisor - INFO - evaluating now!
2023-05-08 21:34:05,570 - model.pytorch.dcrnn_supervisor - INFO - Epoch [10/1000] (4125) train_mae: 2.0860, val_mae: 2.9148, lr: 0.010000, 407.7s
2023-05-08 21:40:34,177 - model.pytorch.dcrnn_supervisor - INFO - epoch complete
2023-05-08 21:40:34,178 - model.pytorch.dcrnn_supervisor - INFO - evaluating now!
2023-05-08 21:41:03,031 - model.pytorch.dcrnn_supervisor - INFO - Epoch [11/1000] (4500) train_mae: 2.0800, val_mae: 2.9125, lr: 0.010000, 417.5s
2023-05-08 21:47:41,161 - model.pytorch.dcrnn_supervisor - INFO - epoch complete
2023-05-08 21:47:41,162 - model.pytorch.dcrnn_supervisor - INFO - evaluating now!
2023-05-08 21:48:09,837 - model.pytorch.dcrnn_supervisor - INFO - Epoch [12/1000] (4875) train_mae: 2.0701, val_mae: 2.8848, lr: 0.010000, 426.8s
2023-05-08 21:48:09,842 - model.pytorch.dcrnn_supervisor - INFO - Saved model at 12
2023-05-08 21:48:09,842 - model.pytorch.dcrnn_supervisor - INFO - Val loss decrease from 2.9039 to 2.8848, saving to data/model/pretrained/METR-LA/la_best-1
2023-05-08 21:54:48,012 - model.pytorch.dcrnn_supervisor - INFO - epoch complete
2023-05-08 21:54:48,013 - model.pytorch.dcrnn_supervisor - INFO - evaluating now!
2023-05-08 21:55:17,262 - model.pytorch.dcrnn_supervisor - INFO - Epoch [13/1000] (5250) train_mae: 2.0670, val_mae: 2.8986, lr: 0.010000, 427.4s
2023-05-08 22:01:41,352 - model.pytorch.dcrnn_supervisor - INFO - epoch complete
2023-05-08 22:01:41,353 - model.pytorch.dcrnn_supervisor - INFO - evaluating now!
2023-05-08 22:02:09,088 - model.pytorch.dcrnn_supervisor - INFO - Epoch [14/1000] (5625) train_mae: 2.0566, val_mae: 2.9135, lr: 0.010000, 411.8s
2023-05-09 10:57:34,384 - model.pytorch.dcrnn_supervisor - INFO - Log directory: data/model/dcrnn/
2023-05-09 10:59:44,951 - model.pytorch.dcrnn_supervisor - INFO - Model created
2023-05-09 10:59:44,952 - model.pytorch.dcrnn_supervisor - INFO - Start training ...
2023-05-09 10:59:44,952 - model.pytorch.dcrnn_supervisor - INFO - num_batches:375
2023-05-09 10:59:45,582 - model.pytorch.dcrnn_supervisor - INFO - Total trainable parameters 372353
2023-05-09 11:03:53,716 - model.pytorch.dcrnn_supervisor - INFO - Log directory: data/model/dcrnn/
2023-05-09 11:04:10,634 - model.pytorch.dcrnn_supervisor - INFO - Model created
2023-05-09 11:04:10,635 - model.pytorch.dcrnn_supervisor - INFO - Start training ...
2023-05-09 11:04:10,635 - model.pytorch.dcrnn_supervisor - INFO - num_batches:193
2023-05-09 11:04:11,226 - model.pytorch.dcrnn_supervisor - INFO - Total trainable parameters 372353
2023-06-30 17:21:06,810 - model.pytorch.dcrnn_supervisor - INFO - Log directory: data/model/dcrnn/
2023-06-30 17:21:59,518 - model.pytorch.dcrnn_supervisor - INFO - Log directory: data/model/dcrnn/
2023-06-30 17:22:16,728 - model.pytorch.dcrnn_supervisor - INFO - Model created
2023-06-30 17:22:16,924 - model.pytorch.dcrnn_supervisor - INFO - Loaded model successfully!
2023-06-30 17:26:58,312 - model.pytorch.dcrnn_supervisor - INFO - Log directory: data/model/dcrnn/
2023-06-30 17:27:13,815 - model.pytorch.dcrnn_supervisor - INFO - Model created
2023-06-30 17:27:13,816 - model.pytorch.dcrnn_supervisor - INFO - Start training ...
2023-06-30 17:27:13,817 - model.pytorch.dcrnn_supervisor - INFO - num_batches:193
2023-06-30 17:27:14,295 - model.pytorch.dcrnn_supervisor - INFO - Total trainable parameters 372353
2023-06-30 17:28:52,014 - model.pytorch.dcrnn_supervisor - INFO - epoch complete
2023-06-30 17:28:52,016 - model.pytorch.dcrnn_supervisor - INFO - evaluating now!
2023-06-30 17:31:55,078 - model.pytorch.dcrnn_supervisor - INFO - Log directory: data/model/dcrnn/
2023-06-30 17:32:10,595 - model.pytorch.dcrnn_supervisor - INFO - Model created
2023-06-30 17:35:12,986 - model.pytorch.dcrnn_supervisor - INFO - Log directory: data/model/dcrnn/
2023-06-30 17:35:29,091 - model.pytorch.dcrnn_supervisor - INFO - Model created
2023-06-30 17:35:29,692 - model.pytorch.dcrnn_supervisor - INFO - Loaded model successfully!
2023-06-30 17:36:09,432 - model.pytorch.dcrnn_supervisor - INFO - Log directory: data/model/dcrnn/
2023-06-30 17:36:25,603 - model.pytorch.dcrnn_supervisor - INFO - Model created
2023-06-30 17:36:25,604 - model.pytorch.dcrnn_supervisor - INFO - Start training ...
2023-06-30 17:36:25,604 - model.pytorch.dcrnn_supervisor - INFO - num_batches:375
2023-06-30 17:36:26,290 - model.pytorch.dcrnn_supervisor - INFO - Total trainable parameters 372353
2023-06-30 17:42:39,594 - model.pytorch.dcrnn_supervisor - INFO - epoch complete
2023-06-30 17:42:39,595 - model.pytorch.dcrnn_supervisor - INFO - evaluating now!
2023-06-30 21:19:22,596 - model.pytorch.dcrnn_supervisor - INFO - Log directory: data/model/dcrnn/
2023-06-30 21:19:37,873 - model.pytorch.dcrnn_supervisor - INFO - Model created
2023-06-30 21:19:37,874 - model.pytorch.dcrnn_supervisor - INFO - Start training ...
2023-06-30 21:19:37,874 - model.pytorch.dcrnn_supervisor - INFO - num_batches:375
2023-06-30 21:19:38,459 - model.pytorch.dcrnn_supervisor - INFO - Total trainable parameters 372353
2023-07-02 16:12:56,423 - model.pytorch.dcrnn_supervisor - INFO - Log directory: data/model/dcrnn/
2023-07-02 16:13:17,776 - model.pytorch.dcrnn_supervisor - INFO - Model created
2023-07-02 16:13:17,777 - model.pytorch.dcrnn_supervisor - INFO - Start training ...
2023-07-02 16:13:17,777 - model.pytorch.dcrnn_supervisor - INFO - num_batches:750
2023-07-02 16:13:18,235 - model.pytorch.dcrnn_supervisor - INFO - Total trainable parameters 372353
2023-07-02 16:20:32,295 - model.pytorch.dcrnn_supervisor - INFO - Log directory: data/model/dcrnn/
2023-07-02 16:20:55,438 - model.pytorch.dcrnn_supervisor - INFO - Model created
2023-07-02 16:20:55,439 - model.pytorch.dcrnn_supervisor - INFO - Start training ...
2023-07-02 16:20:55,439 - model.pytorch.dcrnn_supervisor - INFO - num_batches:193
2023-07-02 16:20:55,961 - model.pytorch.dcrnn_supervisor - INFO - Total trainable parameters 372353
2023-07-02 16:22:34,453 - model.pytorch.dcrnn_supervisor - INFO - epoch complete
2023-07-02 16:22:34,454 - model.pytorch.dcrnn_supervisor - INFO - evaluating now!
2023-07-02 16:24:45,901 - model.pytorch.dcrnn_supervisor - INFO - Epoch [0/1000] (193) train_mae: 6.8532, val_mae: 7.3185, lr: 0.010000, 230.5s
2023-07-02 16:24:45,907 - model.pytorch.dcrnn_supervisor - INFO - Saved model at 0
2023-07-02 16:24:45,907 - model.pytorch.dcrnn_supervisor - INFO - Val loss decrease from inf to 7.3185, saving to data/model/pretrained/YINCHUAN/yc_best
2023-07-02 16:26:24,429 - model.pytorch.dcrnn_supervisor - INFO - epoch complete
2023-07-02 16:26:24,430 - model.pytorch.dcrnn_supervisor - INFO - evaluating now!
2023-07-24 10:11:19,467 - model.pytorch.dcrnn_supervisor - INFO - Log directory: data/model/dcrnn/
2023-07-24 10:12:14,475 - model.pytorch.dcrnn_supervisor - INFO - Log directory: data/model/dcrnn/
2023-07-24 10:12:36,565 - model.pytorch.dcrnn_supervisor - INFO - Model created
2023-07-24 10:12:36,566 - model.pytorch.dcrnn_supervisor - INFO - Start training ...
2023-07-24 10:12:36,566 - model.pytorch.dcrnn_supervisor - INFO - num_batches:145
2023-07-24 10:12:40,286 - model.pytorch.dcrnn_supervisor - INFO - Total trainable parameters 372353
2023-07-24 10:13:09,955 - model.pytorch.dcrnn_supervisor - INFO - epoch complete
2023-07-24 10:13:09,956 - model.pytorch.dcrnn_supervisor - INFO - evaluating now!
2023-07-24 10:13:11,830 - model.pytorch.dcrnn_supervisor - INFO - Epoch [0/1000] (145) train_mae: 5.7829, val_mae: 7.9088, lr: 0.010000, 35.3s
2023-07-24 10:13:11,837 - model.pytorch.dcrnn_supervisor - INFO - Saved model at 0
2023-07-24 10:13:11,837 - model.pytorch.dcrnn_supervisor - INFO - Val loss decrease from inf to 7.9088, saving to data/model/pretrained/YINCHUAN/yc_best
2023-07-24 10:13:41,427 - model.pytorch.dcrnn_supervisor - INFO - epoch complete
2023-07-24 10:13:41,427 - model.pytorch.dcrnn_supervisor - INFO - evaluating now!
2023-07-24 10:13:43,547 - model.pytorch.dcrnn_supervisor - INFO - Epoch [1/1000] (290) train_mae: 4.9363, val_mae: 6.7074, lr: 0.010000, 31.7s
2023-07-24 10:13:43,553 - model.pytorch.dcrnn_supervisor - INFO - Saved model at 1
2023-07-24 10:13:43,553 - model.pytorch.dcrnn_supervisor - INFO - Val loss decrease from 7.9088 to 6.7074, saving to data/model/pretrained/YINCHUAN/yc_best
2023-07-24 10:14:13,096 - model.pytorch.dcrnn_supervisor - INFO - epoch complete
2023-07-24 10:14:13,096 - model.pytorch.dcrnn_supervisor - INFO - evaluating now!
2023-07-24 10:14:15,049 - model.pytorch.dcrnn_supervisor - INFO - Epoch [2/1000] (435) train_mae: 4.7778, val_mae: 5.2201, lr: 0.010000, 31.5s
2023-07-24 10:14:15,055 - model.pytorch.dcrnn_supervisor - INFO - Saved model at 2
2023-07-24 10:14:15,055 - model.pytorch.dcrnn_supervisor - INFO - Val loss decrease from 6.7074 to 5.2201, saving to data/model/pretrained/YINCHUAN/yc_best
2023-07-24 10:14:44,321 - model.pytorch.dcrnn_supervisor - INFO - epoch complete
2023-07-24 10:14:44,321 - model.pytorch.dcrnn_supervisor - INFO - evaluating now!
2023-07-24 10:14:46,127 - model.pytorch.dcrnn_supervisor - INFO - Epoch [3/1000] (580) train_mae: 4.7349, val_mae: 5.1446, lr: 0.010000, 31.1s
2023-07-24 10:14:46,133 - model.pytorch.dcrnn_supervisor - INFO - Saved model at 3
2023-07-24 10:14:46,133 - model.pytorch.dcrnn_supervisor - INFO - Val loss decrease from 5.2201 to 5.1446, saving to data/model/pretrained/YINCHUAN/yc_best
2023-07-24 10:15:15,455 - model.pytorch.dcrnn_supervisor - INFO - epoch complete
2023-07-24 10:15:15,455 - model.pytorch.dcrnn_supervisor - INFO - evaluating now!
2023-07-24 10:15:17,509 - model.pytorch.dcrnn_supervisor - INFO - Epoch [4/1000] (725) train_mae: 4.6564, val_mae: 5.1745, lr: 0.010000, 31.4s
2023-07-24 10:15:34,660 - model.pytorch.dcrnn_supervisor - INFO - Log directory: data/model/dcrnn/
2023-07-24 10:15:56,456 - model.pytorch.dcrnn_supervisor - INFO - Model created
2023-07-24 10:15:56,457 - model.pytorch.dcrnn_supervisor - INFO - Start training ...
2023-07-24 10:15:56,457 - model.pytorch.dcrnn_supervisor - INFO - num_batches:145
2023-07-24 10:16:00,466 - model.pytorch.dcrnn_supervisor - INFO - Total trainable parameters 372353
2023-07-24 10:16:29,701 - model.pytorch.dcrnn_supervisor - INFO - epoch complete
2023-07-24 10:16:29,702 - model.pytorch.dcrnn_supervisor - INFO - evaluating now!
2023-07-24 10:16:31,444 - model.pytorch.dcrnn_supervisor - INFO - Epoch [0/1000] (145) train_mae: 6.2803, val_mae: 6.9148, lr: 0.010000, 35.0s
2023-07-24 10:16:31,452 - model.pytorch.dcrnn_supervisor - INFO - Saved model at 0
2023-07-24 10:16:31,452 - model.pytorch.dcrnn_supervisor - INFO - Val loss decrease from inf to 6.9148, saving to data/model/pretrained/YINCHUAN/yc_best
2023-07-24 10:17:00,640 - model.pytorch.dcrnn_supervisor - INFO - epoch complete
2023-07-24 10:17:00,640 - model.pytorch.dcrnn_supervisor - INFO - evaluating now!
2023-07-24 10:17:02,615 - model.pytorch.dcrnn_supervisor - INFO - Epoch [1/1000] (290) train_mae: 4.8767, val_mae: 5.6050, lr: 0.010000, 31.2s
2023-07-24 10:17:02,621 - model.pytorch.dcrnn_supervisor - INFO - Saved model at 1
2023-07-24 10:17:02,621 - model.pytorch.dcrnn_supervisor - INFO - Val loss decrease from 6.9148 to 5.6050, saving to data/model/pretrained/YINCHUAN/yc_best
2023-07-24 10:17:31,117 - model.pytorch.dcrnn_supervisor - INFO - epoch complete
2023-07-24 10:17:31,118 - model.pytorch.dcrnn_supervisor - INFO - evaluating now!
2023-07-24 10:17:33,120 - model.pytorch.dcrnn_supervisor - INFO - Epoch [2/1000] (435) train_mae: 4.7403, val_mae: 5.0885, lr: 0.010000, 30.5s
2023-07-24 10:17:33,127 - model.pytorch.dcrnn_supervisor - INFO - Saved model at 2
2023-07-24 10:17:33,127 - model.pytorch.dcrnn_supervisor - INFO - Val loss decrease from 5.6050 to 5.0885, saving to data/model/pretrained/YINCHUAN/yc_best
2023-07-24 10:18:02,822 - model.pytorch.dcrnn_supervisor - INFO - Log directory: data/model/dcrnn/
2023-07-24 10:18:25,189 - model.pytorch.dcrnn_supervisor - INFO - Model created
2023-07-24 10:18:25,190 - model.pytorch.dcrnn_supervisor - INFO - Start training ...
2023-07-24 10:18:25,190 - model.pytorch.dcrnn_supervisor - INFO - num_batches:145
2023-07-24 10:18:29,022 - model.pytorch.dcrnn_supervisor - INFO - Total trainable parameters 372353
2023-07-24 10:18:59,277 - model.pytorch.dcrnn_supervisor - INFO - epoch complete
2023-07-24 10:18:59,278 - model.pytorch.dcrnn_supervisor - INFO - evaluating now!
2023-07-24 10:19:01,467 - model.pytorch.dcrnn_supervisor - INFO - Epoch [0/1000] (145) train_mae: 6.0559, val_mae: 5.6628, lr: 0.010000, 36.3s
2023-07-24 10:19:01,474 - model.pytorch.dcrnn_supervisor - INFO - Saved model at 0
2023-07-24 10:19:01,474 - model.pytorch.dcrnn_supervisor - INFO - Val loss decrease from inf to 5.6628, saving to data/model/pretrained/YINCHUAN/yc_best
2023-07-24 10:19:32,820 - model.pytorch.dcrnn_supervisor - INFO - epoch complete
2023-07-24 10:19:32,821 - model.pytorch.dcrnn_supervisor - INFO - evaluating now!
2023-07-24 10:19:35,180 - model.pytorch.dcrnn_supervisor - INFO - Epoch [1/1000] (290) train_mae: 4.8133, val_mae: 5.5263, lr: 0.010000, 33.7s
2023-07-24 10:19:35,186 - model.pytorch.dcrnn_supervisor - INFO - Saved model at 1
2023-07-24 10:19:35,186 - model.pytorch.dcrnn_supervisor - INFO - Val loss decrease from 5.6628 to 5.5263, saving to data/model/pretrained/YINCHUAN/yc_best
2023-07-24 10:20:06,301 - model.pytorch.dcrnn_supervisor - INFO - epoch complete
2023-07-24 10:20:06,301 - model.pytorch.dcrnn_supervisor - INFO - evaluating now!
2023-07-24 10:20:08,176 - model.pytorch.dcrnn_supervisor - INFO - Epoch [2/1000] (435) train_mae: 4.7622, val_mae: 5.1793, lr: 0.010000, 33.0s
2023-07-24 10:20:08,181 - model.pytorch.dcrnn_supervisor - INFO - Saved model at 2
2023-07-24 10:20:08,181 - model.pytorch.dcrnn_supervisor - INFO - Val loss decrease from 5.5263 to 5.1793, saving to data/model/pretrained/YINCHUAN/yc_best
2023-07-24 10:20:39,236 - model.pytorch.dcrnn_supervisor - INFO - epoch complete
2023-07-24 10:20:39,236 - model.pytorch.dcrnn_supervisor - INFO - evaluating now!
2023-07-24 10:20:41,094 - model.pytorch.dcrnn_supervisor - INFO - Epoch [3/1000] (580) train_mae: 4.7108, val_mae: 5.0331, lr: 0.010000, 32.9s
2023-07-24 10:20:41,100 - model.pytorch.dcrnn_supervisor - INFO - Saved model at 3
2023-07-24 10:20:41,100 - model.pytorch.dcrnn_supervisor - INFO - Val loss decrease from 5.1793 to 5.0331, saving to data/model/pretrained/YINCHUAN/yc_best
2023-07-24 10:21:10,079 - model.pytorch.dcrnn_supervisor - INFO - epoch complete
2023-07-24 10:21:10,080 - model.pytorch.dcrnn_supervisor - INFO - evaluating now!
2023-07-24 10:21:12,037 - model.pytorch.dcrnn_supervisor - INFO - Epoch [4/1000] (725) train_mae: 4.6336, val_mae: 4.9156, lr: 0.010000, 30.9s
2023-07-24 10:21:12,042 - model.pytorch.dcrnn_supervisor - INFO - Saved model at 4
2023-07-24 10:21:12,042 - model.pytorch.dcrnn_supervisor - INFO - Val loss decrease from 5.0331 to 4.9156, saving to data/model/pretrained/YINCHUAN/yc_best
2023-07-24 10:21:41,524 - model.pytorch.dcrnn_supervisor - INFO - epoch complete
2023-07-24 10:21:41,524 - model.pytorch.dcrnn_supervisor - INFO - evaluating now!
2023-07-24 10:21:43,208 - model.pytorch.dcrnn_supervisor - INFO - Epoch [5/1000] (870) train_mae: 4.6452, val_mae: 4.8668, lr: 0.010000, 31.2s
2023-07-24 10:21:43,213 - model.pytorch.dcrnn_supervisor - INFO - Saved model at 5
2023-07-24 10:21:43,213 - model.pytorch.dcrnn_supervisor - INFO - Val loss decrease from 4.9156 to 4.8668, saving to data/model/pretrained/YINCHUAN/yc_best
2023-07-24 10:24:12,011 - model.pytorch.dcrnn_supervisor - INFO - Log directory: data/model/dcrnn/
2023-07-24 10:24:34,542 - model.pytorch.dcrnn_supervisor - INFO - Model created
2023-07-24 10:24:34,543 - model.pytorch.dcrnn_supervisor - INFO - Start training ...
2023-07-24 10:24:34,543 - model.pytorch.dcrnn_supervisor - INFO - num_batches:145
2023-07-24 10:24:38,747 - model.pytorch.dcrnn_supervisor - INFO - Total trainable parameters 372353
2023-07-24 10:25:07,148 - model.pytorch.dcrnn_supervisor - INFO - epoch complete
2023-07-24 10:25:07,149 - model.pytorch.dcrnn_supervisor - INFO - evaluating now!
2023-07-24 10:25:08,967 - model.pytorch.dcrnn_supervisor - INFO - Epoch [0/1000] (145) train_mae: 6.3611, val_mae: 6.0975, lr: 0.010000
2023-07-24 10:25:08,972 - model.pytorch.dcrnn_supervisor - INFO - Saved model at 0
2023-07-24 10:25:08,972 - model.pytorch.dcrnn_supervisor - INFO - Val loss decrease from inf to 6.0975, saving to data/model/pretrained/YINCHUAN/yc_best
2023-07-24 10:25:37,177 - model.pytorch.dcrnn_supervisor - INFO - epoch complete
2023-07-24 10:25:37,178 - model.pytorch.dcrnn_supervisor - INFO - evaluating now!
2023-07-24 10:25:39,216 - model.pytorch.dcrnn_supervisor - INFO - Epoch [1/1000] (290) train_mae: 4.8733, val_mae: 5.3321, lr: 0.010000
2023-07-24 10:25:39,221 - model.pytorch.dcrnn_supervisor - INFO - Saved model at 1
2023-07-24 10:25:39,221 - model.pytorch.dcrnn_supervisor - INFO - Val loss decrease from 6.0975 to 5.3321, saving to data/model/pretrained/YINCHUAN/yc_best
2023-07-24 10:26:07,363 - model.pytorch.dcrnn_supervisor - INFO - epoch complete
2023-07-24 10:26:07,364 - model.pytorch.dcrnn_supervisor - INFO - evaluating now!
2023-07-24 10:26:09,104 - model.pytorch.dcrnn_supervisor - INFO - Epoch [2/1000] (435) train_mae: 4.7858, val_mae: 5.2201, lr: 0.010000
2023-07-24 10:26:09,109 - model.pytorch.dcrnn_supervisor - INFO - Saved model at 2
2023-07-24 10:26:09,110 - model.pytorch.dcrnn_supervisor - INFO - Val loss decrease from 5.3321 to 5.2201, saving to data/model/pretrained/YINCHUAN/yc_best
2023-07-24 10:26:37,669 - model.pytorch.dcrnn_supervisor - INFO - epoch complete
2023-07-24 10:26:37,670 - model.pytorch.dcrnn_supervisor - INFO - evaluating now!
2023-07-24 10:26:39,556 - model.pytorch.dcrnn_supervisor - INFO - Epoch [3/1000] (580) train_mae: 4.6957, val_mae: 4.9734, lr: 0.010000
2023-07-24 10:26:39,561 - model.pytorch.dcrnn_supervisor - INFO - Saved model at 3
2023-07-24 10:26:39,561 - model.pytorch.dcrnn_supervisor - INFO - Val loss decrease from 5.2201 to 4.9734, saving to data/model/pretrained/YINCHUAN/yc_best
2023-07-24 10:27:07,637 - model.pytorch.dcrnn_supervisor - INFO - epoch complete
2023-07-24 10:27:07,638 - model.pytorch.dcrnn_supervisor - INFO - evaluating now!
2023-07-24 10:27:09,481 - model.pytorch.dcrnn_supervisor - INFO - Epoch [4/1000] (725) train_mae: 4.6388, val_mae: 4.8857, lr: 0.010000
2023-07-24 10:27:09,486 - model.pytorch.dcrnn_supervisor - INFO - Saved model at 4
2023-07-24 10:27:09,486 - model.pytorch.dcrnn_supervisor - INFO - Val loss decrease from 4.9734 to 4.8857, saving to data/model/pretrained/YINCHUAN/yc_best
2023-07-24 10:27:38,402 - model.pytorch.dcrnn_supervisor - INFO - epoch complete
2023-07-24 10:27:38,402 - model.pytorch.dcrnn_supervisor - INFO - evaluating now!
2023-07-24 10:27:40,303 - model.pytorch.dcrnn_supervisor - INFO - Epoch [5/1000] (870) train_mae: 4.6369, val_mae: 4.8308, lr: 0.010000
2023-07-24 10:27:40,309 - model.pytorch.dcrnn_supervisor - INFO - Saved model at 5
2023-07-24 10:27:40,309 - model.pytorch.dcrnn_supervisor - INFO - Val loss decrease from 4.8857 to 4.8308, saving to data/model/pretrained/YINCHUAN/yc_best
2023-07-24 10:28:08,594 - model.pytorch.dcrnn_supervisor - INFO - epoch complete
2023-07-24 10:28:08,595 - model.pytorch.dcrnn_supervisor - INFO - evaluating now!
2023-07-24 10:28:10,484 - model.pytorch.dcrnn_supervisor - INFO - Epoch [6/1000] (1015) train_mae: 4.6329, val_mae: 5.0272, lr: 0.010000
2023-07-24 10:28:39,009 - model.pytorch.dcrnn_supervisor - INFO - epoch complete
2023-07-24 10:28:39,009 - model.pytorch.dcrnn_supervisor - INFO - evaluating now!
2023-07-24 10:28:40,918 - model.pytorch.dcrnn_supervisor - INFO - Epoch [7/1000] (1160) train_mae: 4.6238, val_mae: 4.9402, lr: 0.010000
2023-07-24 10:29:09,190 - model.pytorch.dcrnn_supervisor - INFO - epoch complete
2023-07-24 10:29:09,191 - model.pytorch.dcrnn_supervisor - INFO - evaluating now!
2023-07-24 10:29:11,233 - model.pytorch.dcrnn_supervisor - INFO - Epoch [8/1000] (1305) train_mae: 4.6035, val_mae: 4.8192, lr: 0.010000
2023-07-24 10:29:11,239 - model.pytorch.dcrnn_supervisor - INFO - Saved model at 8
2023-07-24 10:29:11,239 - model.pytorch.dcrnn_supervisor - INFO - Val loss decrease from 4.8308 to 4.8192, saving to data/model/pretrained/YINCHUAN/yc_best
2023-07-24 10:29:39,293 - model.pytorch.dcrnn_supervisor - INFO - epoch complete
2023-07-24 10:29:39,293 - model.pytorch.dcrnn_supervisor - INFO - evaluating now!
2023-07-24 10:29:41,212 - model.pytorch.dcrnn_supervisor - INFO - Epoch [9/1000] (1450) train_mae: 4.5959, val_mae: 4.8180, lr: 0.010000
2023-07-24 10:29:41,217 - model.pytorch.dcrnn_supervisor - INFO - Saved model at 9
2023-07-24 10:29:41,217 - model.pytorch.dcrnn_supervisor - INFO - Val loss decrease from 4.8192 to 4.8180, saving to data/model/pretrained/YINCHUAN/yc_best
2023-07-24 10:30:09,517 - model.pytorch.dcrnn_supervisor - INFO - epoch complete
2023-07-24 10:30:09,517 - model.pytorch.dcrnn_supervisor - INFO - evaluating now!
2023-07-24 10:30:11,318 - model.pytorch.dcrnn_supervisor - INFO - Epoch [10/1000] (1595) train_mae: 4.5849, val_mae: 4.7411, lr: 0.010000
2023-07-24 10:30:11,324 - model.pytorch.dcrnn_supervisor - INFO - Saved model at 10
2023-07-24 10:30:11,324 - model.pytorch.dcrnn_supervisor - INFO - Val loss decrease from 4.8180 to 4.7411, saving to data/model/pretrained/YINCHUAN/yc_best
2023-07-24 10:30:39,649 - model.pytorch.dcrnn_supervisor - INFO - epoch complete
2023-07-24 10:30:39,650 - model.pytorch.dcrnn_supervisor - INFO - evaluating now!
2023-07-24 10:30:41,239 - model.pytorch.dcrnn_supervisor - INFO - Epoch [11/1000] (1740) train_mae: 4.5774, val_mae: 4.7477, lr: 0.010000
2023-07-24 10:31:09,932 - model.pytorch.dcrnn_supervisor - INFO - epoch complete
2023-07-24 10:31:09,933 - model.pytorch.dcrnn_supervisor - INFO - evaluating now!
2023-07-24 10:31:11,738 - model.pytorch.dcrnn_supervisor - INFO - Epoch [12/1000] (1885) train_mae: 4.5725, val_mae: 4.7602, lr: 0.010000
2023-07-24 10:31:40,583 - model.pytorch.dcrnn_supervisor - INFO - epoch complete
2023-07-24 10:31:40,584 - model.pytorch.dcrnn_supervisor - INFO - evaluating now!
2023-07-24 10:31:42,468 - model.pytorch.dcrnn_supervisor - INFO - Epoch [13/1000] (2030) train_mae: 4.5613, val_mae: 4.7467, lr: 0.010000
2023-07-24 10:32:11,094 - model.pytorch.dcrnn_supervisor - INFO - epoch complete
2023-07-24 10:32:11,094 - model.pytorch.dcrnn_supervisor - INFO - evaluating now!
2023-07-24 10:32:12,718 - model.pytorch.dcrnn_supervisor - INFO - Epoch [14/1000] (2175) train_mae: 4.5652, val_mae: 4.7550, lr: 0.010000
2023-07-24 10:32:41,889 - model.pytorch.dcrnn_supervisor - INFO - epoch complete
2023-07-24 10:32:41,889 - model.pytorch.dcrnn_supervisor - INFO - evaluating now!
2023-07-24 10:32:43,516 - model.pytorch.dcrnn_supervisor - INFO - Epoch [15/1000] (2320) train_mae: 4.5538, val_mae: 4.7416, lr: 0.010000
2023-07-24 10:32:43,516 - model.pytorch.dcrnn_supervisor - WARNING - Early stopping at epoch: 15
2023-07-24 10:32:43,593 - model.pytorch.dcrnn_supervisor - INFO - Loaded model successfully!
2023-07-24 10:46:59,150 - model.pytorch.dcrnn_supervisor - INFO - Log directory: data/model/dcrnn/
2023-07-24 10:47:21,569 - model.pytorch.dcrnn_supervisor - INFO - Model created
2023-07-24 10:47:21,570 - model.pytorch.dcrnn_supervisor - INFO - Start training ...
2023-07-24 10:47:21,570 - model.pytorch.dcrnn_supervisor - INFO - num_batches:145
2023-07-24 10:47:27,503 - model.pytorch.dcrnn_supervisor - INFO - Total trainable parameters 372353
2023-07-24 10:48:01,964 - model.pytorch.dcrnn_supervisor - INFO - epoch complete
2023-07-24 10:48:01,965 - model.pytorch.dcrnn_supervisor - INFO - evaluating now!
2023-07-24 10:48:04,310 - model.pytorch.dcrnn_supervisor - INFO - Epoch [0/1000] (145) train_mae: 5.7731, val_mae: 6.6754, lr: 0.010000
2023-07-24 10:48:04,317 - model.pytorch.dcrnn_supervisor - INFO - Saved model at 0
2023-07-24 10:48:04,317 - model.pytorch.dcrnn_supervisor - INFO - Val loss decrease from inf to 6.6754, saving to data/model/pretrained/YINCHUAN/yc_best
2023-07-24 10:48:38,745 - model.pytorch.dcrnn_supervisor - INFO - epoch complete
2023-07-24 10:48:38,746 - model.pytorch.dcrnn_supervisor - INFO - evaluating now!
2023-07-24 10:48:41,141 - model.pytorch.dcrnn_supervisor - INFO - Epoch [1/1000] (290) train_mae: 4.9154, val_mae: 6.4635, lr: 0.010000
2023-07-24 10:48:41,145 - model.pytorch.dcrnn_supervisor - INFO - Saved model at 1
2023-07-24 10:48:41,146 - model.pytorch.dcrnn_supervisor - INFO - Val loss decrease from 6.6754 to 6.4635, saving to data/model/pretrained/YINCHUAN/yc_best
2023-07-24 10:49:15,361 - model.pytorch.dcrnn_supervisor - INFO - epoch complete
2023-07-24 10:49:15,361 - model.pytorch.dcrnn_supervisor - INFO - evaluating now!
2023-07-24 10:49:17,784 - model.pytorch.dcrnn_supervisor - INFO - Epoch [2/1000] (435) train_mae: 4.7590, val_mae: 5.4414, lr: 0.010000
2023-07-24 10:49:17,790 - model.pytorch.dcrnn_supervisor - INFO - Saved model at 2
2023-07-24 10:49:17,790 - model.pytorch.dcrnn_supervisor - INFO - Val loss decrease from 6.4635 to 5.4414, saving to data/model/pretrained/YINCHUAN/yc_best
2023-07-24 10:49:52,249 - model.pytorch.dcrnn_supervisor - INFO - epoch complete
2023-07-24 10:49:52,249 - model.pytorch.dcrnn_supervisor - INFO - evaluating now!
2023-07-24 10:49:54,754 - model.pytorch.dcrnn_supervisor - INFO - Epoch [3/1000] (580) train_mae: 4.7130, val_mae: 5.0088, lr: 0.010000
2023-07-24 10:49:54,759 - model.pytorch.dcrnn_supervisor - INFO - Saved model at 3
2023-07-24 10:49:54,759 - model.pytorch.dcrnn_supervisor - INFO - Val loss decrease from 5.4414 to 5.0088, saving to data/model/pretrained/YINCHUAN/yc_best
2023-07-24 10:50:29,176 - model.pytorch.dcrnn_supervisor - INFO - epoch complete
2023-07-24 10:50:29,176 - model.pytorch.dcrnn_supervisor - INFO - evaluating now!
2023-07-24 10:50:31,677 - model.pytorch.dcrnn_supervisor - INFO - Epoch [4/1000] (725) train_mae: 4.6537, val_mae: 4.8737, lr: 0.010000
2023-07-24 10:50:31,683 - model.pytorch.dcrnn_supervisor - INFO - Saved model at 4
2023-07-24 10:50:31,683 - model.pytorch.dcrnn_supervisor - INFO - Val loss decrease from 5.0088 to 4.8737, saving to data/model/pretrained/YINCHUAN/yc_best
2023-07-24 10:51:06,135 - model.pytorch.dcrnn_supervisor - INFO - epoch complete
2023-07-24 10:51:06,136 - model.pytorch.dcrnn_supervisor - INFO - evaluating now!
2023-07-24 10:51:08,560 - model.pytorch.dcrnn_supervisor - INFO - Epoch [5/1000] (870) train_mae: 4.6281, val_mae: 4.8340, lr: 0.010000
2023-07-24 10:51:08,565 - model.pytorch.dcrnn_supervisor - INFO - Saved model at 5
2023-07-24 10:51:08,566 - model.pytorch.dcrnn_supervisor - INFO - Val loss decrease from 4.8737 to 4.8340, saving to data/model/pretrained/YINCHUAN/yc_best
2023-07-24 10:51:43,108 - model.pytorch.dcrnn_supervisor - INFO - epoch complete
2023-07-24 10:51:43,110 - model.pytorch.dcrnn_supervisor - INFO - evaluating now!
2023-07-24 10:51:45,606 - model.pytorch.dcrnn_supervisor - INFO - Epoch [6/1000] (1015) train_mae: 4.6214, val_mae: 4.7873, lr: 0.010000
2023-07-24 10:51:45,612 - model.pytorch.dcrnn_supervisor - INFO - Saved model at 6
2023-07-24 10:51:45,612 - model.pytorch.dcrnn_supervisor - INFO - Val loss decrease from 4.8340 to 4.7873, saving to data/model/pretrained/YINCHUAN/yc_best
2023-07-24 10:52:19,976 - model.pytorch.dcrnn_supervisor - INFO - epoch complete
2023-07-24 10:52:19,977 - model.pytorch.dcrnn_supervisor - INFO - evaluating now!
2023-07-24 10:52:22,411 - model.pytorch.dcrnn_supervisor - INFO - Epoch [7/1000] (1160) train_mae: 4.6146, val_mae: 4.8108, lr: 0.010000
2023-07-24 10:52:57,374 - model.pytorch.dcrnn_supervisor - INFO - epoch complete
2023-07-24 10:52:57,376 - model.pytorch.dcrnn_supervisor - INFO - evaluating now!
2023-07-24 10:52:59,857 - model.pytorch.dcrnn_supervisor - INFO - Epoch [8/1000] (1305) train_mae: 4.6240, val_mae: 4.7982, lr: 0.010000
2023-07-24 10:53:34,295 - model.pytorch.dcrnn_supervisor - INFO - epoch complete
2023-07-24 10:53:34,296 - model.pytorch.dcrnn_supervisor - INFO - evaluating now!
2023-07-24 10:53:36,909 - model.pytorch.dcrnn_supervisor - INFO - Epoch [9/1000] (1450) train_mae: 4.5825, val_mae: 4.7576, lr: 0.010000
2023-07-24 10:53:36,915 - model.pytorch.dcrnn_supervisor - INFO - Saved model at 9
2023-07-24 10:53:36,915 - model.pytorch.dcrnn_supervisor - INFO - Val loss decrease from 4.7873 to 4.7576, saving to data/model/pretrained/YINCHUAN/yc_best
2023-07-24 10:54:11,363 - model.pytorch.dcrnn_supervisor - INFO - epoch complete
2023-07-24 10:54:11,364 - model.pytorch.dcrnn_supervisor - INFO - evaluating now!
2023-07-24 10:54:14,034 - model.pytorch.dcrnn_supervisor - INFO - Epoch [10/1000] (1595) train_mae: 4.5775, val_mae: 4.7467, lr: 0.010000
2023-07-24 10:54:14,040 - model.pytorch.dcrnn_supervisor - INFO - Saved model at 10
2023-07-24 10:54:14,040 - model.pytorch.dcrnn_supervisor - INFO - Val loss decrease from 4.7576 to 4.7467, saving to data/model/pretrained/YINCHUAN/yc_best
2023-07-24 10:54:48,841 - model.pytorch.dcrnn_supervisor - INFO - epoch complete
2023-07-24 10:54:48,841 - model.pytorch.dcrnn_supervisor - INFO - evaluating now!
2023-07-24 10:54:51,358 - model.pytorch.dcrnn_supervisor - INFO - Epoch [11/1000] (1740) train_mae: 4.5674, val_mae: 4.7164, lr: 0.010000
2023-07-24 10:54:51,364 - model.pytorch.dcrnn_supervisor - INFO - Saved model at 11
2023-07-24 10:54:51,364 - model.pytorch.dcrnn_supervisor - INFO - Val loss decrease from 4.7467 to 4.7164, saving to data/model/pretrained/YINCHUAN/yc_best
2023-07-24 10:55:26,385 - model.pytorch.dcrnn_supervisor - INFO - epoch complete
2023-07-24 10:55:26,385 - model.pytorch.dcrnn_supervisor - INFO - evaluating now!
2023-07-24 10:55:28,875 - model.pytorch.dcrnn_supervisor - INFO - Epoch [12/1000] (1885) train_mae: 4.5595, val_mae: 4.7188, lr: 0.010000
2023-07-24 10:56:04,547 - model.pytorch.dcrnn_supervisor - INFO - epoch complete
2023-07-24 10:56:04,548 - model.pytorch.dcrnn_supervisor - INFO - evaluating now!
2023-07-24 10:56:07,002 - model.pytorch.dcrnn_supervisor - INFO - Epoch [13/1000] (2030) train_mae: 4.5551, val_mae: 4.7208, lr: 0.010000
2023-07-24 10:56:42,191 - model.pytorch.dcrnn_supervisor - INFO - epoch complete
2023-07-24 10:56:42,192 - model.pytorch.dcrnn_supervisor - INFO - evaluating now!
2023-07-24 10:56:44,691 - model.pytorch.dcrnn_supervisor - INFO - Epoch [14/1000] (2175) train_mae: 4.5521, val_mae: 4.7150, lr: 0.010000
2023-07-24 10:56:44,696 - model.pytorch.dcrnn_supervisor - INFO - Saved model at 14
2023-07-24 10:56:44,696 - model.pytorch.dcrnn_supervisor - INFO - Val loss decrease from 4.7164 to 4.7150, saving to data/model/pretrained/YINCHUAN/yc_best
2023-07-24 10:57:18,975 - model.pytorch.dcrnn_supervisor - INFO - epoch complete
2023-07-24 10:57:18,976 - model.pytorch.dcrnn_supervisor - INFO - evaluating now!
2023-07-24 10:57:21,539 - model.pytorch.dcrnn_supervisor - INFO - Epoch [15/1000] (2320) train_mae: 4.5459, val_mae: 4.7045, lr: 0.010000
2023-07-24 10:57:21,544 - model.pytorch.dcrnn_supervisor - INFO - Saved model at 15
2023-07-24 10:57:21,544 - model.pytorch.dcrnn_supervisor - INFO - Val loss decrease from 4.7150 to 4.7045, saving to data/model/pretrained/YINCHUAN/yc_best
2023-07-24 10:57:55,906 - model.pytorch.dcrnn_supervisor - INFO - epoch complete
2023-07-24 10:57:55,906 - model.pytorch.dcrnn_supervisor - INFO - evaluating now!
2023-07-24 10:57:58,569 - model.pytorch.dcrnn_supervisor - INFO - Epoch [16/1000] (2465) train_mae: 4.5414, val_mae: 4.7141, lr: 0.010000
2023-07-24 10:58:33,163 - model.pytorch.dcrnn_supervisor - INFO - epoch complete
2023-07-24 10:58:33,164 - model.pytorch.dcrnn_supervisor - INFO - evaluating now!
2023-07-24 10:58:35,650 - model.pytorch.dcrnn_supervisor - INFO - Epoch [17/1000] (2610) train_mae: 4.5392, val_mae: 4.6994, lr: 0.010000
2023-07-24 10:58:35,656 - model.pytorch.dcrnn_supervisor - INFO - Saved model at 17
2023-07-24 10:58:35,656 - model.pytorch.dcrnn_supervisor - INFO - Val loss decrease from 4.7045 to 4.6994, saving to data/model/pretrained/YINCHUAN/yc_best
2023-07-24 10:59:10,022 - model.pytorch.dcrnn_supervisor - INFO - epoch complete
2023-07-24 10:59:10,022 - model.pytorch.dcrnn_supervisor - INFO - evaluating now!
2023-07-24 10:59:12,572 - model.pytorch.dcrnn_supervisor - INFO - Epoch [18/1000] (2755) train_mae: 4.5373, val_mae: 4.7000, lr: 0.010000
2023-07-24 10:59:47,124 - model.pytorch.dcrnn_supervisor - INFO - epoch complete
2023-07-24 10:59:47,125 - model.pytorch.dcrnn_supervisor - INFO - evaluating now!
2023-07-24 10:59:49,526 - model.pytorch.dcrnn_supervisor - INFO - Epoch [19/1000] (2900) train_mae: 4.5360, val_mae: 4.7061, lr: 0.000100
2023-07-24 11:00:24,018 - model.pytorch.dcrnn_supervisor - INFO - epoch complete
2023-07-24 11:00:24,018 - model.pytorch.dcrnn_supervisor - INFO - evaluating now!
2023-07-24 11:00:26,516 - model.pytorch.dcrnn_supervisor - INFO - Epoch [20/1000] (3045) train_mae: 4.5318, val_mae: 4.7055, lr: 0.001000
2023-07-24 11:01:00,870 - model.pytorch.dcrnn_supervisor - INFO - epoch complete
2023-07-24 11:01:00,871 - model.pytorch.dcrnn_supervisor - INFO - evaluating now!
2023-07-24 11:01:03,539 - model.pytorch.dcrnn_supervisor - INFO - Epoch [21/1000] (3190) train_mae: 4.5282, val_mae: 4.6965, lr: 0.001000
2023-07-24 11:01:03,545 - model.pytorch.dcrnn_supervisor - INFO - Saved model at 21
2023-07-24 11:01:03,545 - model.pytorch.dcrnn_supervisor - INFO - Val loss decrease from 4.6994 to 4.6965, saving to data/model/pretrained/YINCHUAN/yc_best
2023-07-24 11:01:37,353 - model.pytorch.dcrnn_supervisor - INFO - epoch complete
2023-07-24 11:01:37,353 - model.pytorch.dcrnn_supervisor - INFO - evaluating now!
2023-07-24 11:01:39,914 - model.pytorch.dcrnn_supervisor - INFO - Epoch [22/1000] (3335) train_mae: 4.5318, val_mae: 4.7272, lr: 0.001000
2023-07-24 11:02:13,741 - model.pytorch.dcrnn_supervisor - INFO - epoch complete
2023-07-24 11:02:13,742 - model.pytorch.dcrnn_supervisor - INFO - evaluating now!
2023-07-24 11:02:16,374 - model.pytorch.dcrnn_supervisor - INFO - Epoch [23/1000] (3480) train_mae: 4.5262, val_mae: 4.6949, lr: 0.001000
2023-07-24 11:02:16,380 - model.pytorch.dcrnn_supervisor - INFO - Saved model at 23
2023-07-24 11:02:16,380 - model.pytorch.dcrnn_supervisor - INFO - Val loss decrease from 4.6965 to 4.6949, saving to data/model/pretrained/YINCHUAN/yc_best
2023-07-24 11:02:50,755 - model.pytorch.dcrnn_supervisor - INFO - epoch complete
2023-07-24 11:02:50,755 - model.pytorch.dcrnn_supervisor - INFO - evaluating now!
2023-07-24 11:02:53,228 - model.pytorch.dcrnn_supervisor - INFO - Epoch [24/1000] (3625) train_mae: 4.5210, val_mae: 4.6991, lr: 0.001000
2023-07-24 11:03:27,331 - model.pytorch.dcrnn_supervisor - INFO - epoch complete
2023-07-24 11:03:27,332 - model.pytorch.dcrnn_supervisor - INFO - evaluating now!
2023-07-24 11:03:29,545 - model.pytorch.dcrnn_supervisor - INFO - Epoch [25/1000] (3770) train_mae: 4.5191, val_mae: 4.7299, lr: 0.001000
2023-07-24 11:04:02,785 - model.pytorch.dcrnn_supervisor - INFO - epoch complete
2023-07-24 11:04:02,785 - model.pytorch.dcrnn_supervisor - INFO - evaluating now!
2023-07-24 11:04:05,080 - model.pytorch.dcrnn_supervisor - INFO - Epoch [26/1000] (3915) train_mae: 4.5162, val_mae: 4.7086, lr: 0.001000
2023-07-24 11:04:38,222 - model.pytorch.dcrnn_supervisor - INFO - epoch complete
2023-07-24 11:04:38,222 - model.pytorch.dcrnn_supervisor - INFO - evaluating now!
2023-07-24 11:04:40,503 - model.pytorch.dcrnn_supervisor - INFO - Epoch [27/1000] (4060) train_mae: 4.5163, val_mae: 4.6853, lr: 0.001000
2023-07-24 11:04:40,508 - model.pytorch.dcrnn_supervisor - INFO - Saved model at 27
2023-07-24 11:04:40,509 - model.pytorch.dcrnn_supervisor - INFO - Val loss decrease from 4.6949 to 4.6853, saving to data/model/pretrained/YINCHUAN/yc_best
2023-07-24 11:05:13,770 - model.pytorch.dcrnn_supervisor - INFO - epoch complete
2023-07-24 11:05:13,770 - model.pytorch.dcrnn_supervisor - INFO - evaluating now!
2023-07-24 11:05:16,272 - model.pytorch.dcrnn_supervisor - INFO - Epoch [28/1000] (4205) train_mae: 4.5144, val_mae: 4.7281, lr: 0.001000
2023-07-24 11:05:49,730 - model.pytorch.dcrnn_supervisor - INFO - epoch complete
2023-07-24 11:05:49,730 - model.pytorch.dcrnn_supervisor - INFO - evaluating now!
2023-07-24 11:05:52,069 - model.pytorch.dcrnn_supervisor - INFO - Epoch [29/1000] (4350) train_mae: 4.5313, val_mae: 4.6690, lr: 0.000010
2023-07-24 11:05:52,075 - model.pytorch.dcrnn_supervisor - INFO - Saved model at 29
2023-07-24 11:05:52,075 - model.pytorch.dcrnn_supervisor - INFO - Val loss decrease from 4.6853 to 4.6690, saving to data/model/pretrained/YINCHUAN/yc_best
2023-07-24 11:06:25,594 - model.pytorch.dcrnn_supervisor - INFO - epoch complete
2023-07-24 11:06:25,594 - model.pytorch.dcrnn_supervisor - INFO - evaluating now!
2023-07-24 11:06:28,149 - model.pytorch.dcrnn_supervisor - INFO - Epoch [30/1000] (4495) train_mae: 4.5097, val_mae: 4.6789, lr: 0.000100
2023-07-24 11:07:02,474 - model.pytorch.dcrnn_supervisor - INFO - epoch complete
2023-07-24 11:07:02,474 - model.pytorch.dcrnn_supervisor - INFO - evaluating now!
2023-07-24 11:07:05,012 - model.pytorch.dcrnn_supervisor - INFO - Epoch [31/1000] (4640) train_mae: 4.5095, val_mae: 4.6748, lr: 0.000100
2023-07-24 11:07:39,774 - model.pytorch.dcrnn_supervisor - INFO - epoch complete
2023-07-24 11:07:39,775 - model.pytorch.dcrnn_supervisor - INFO - evaluating now!
2023-07-24 11:07:42,150 - model.pytorch.dcrnn_supervisor - INFO - Epoch [32/1000] (4785) train_mae: 4.5073, val_mae: 4.6905, lr: 0.000100
2023-07-24 11:08:15,984 - model.pytorch.dcrnn_supervisor - INFO - epoch complete
2023-07-24 11:08:15,985 - model.pytorch.dcrnn_supervisor - INFO - evaluating now!
2023-07-24 11:08:18,398 - model.pytorch.dcrnn_supervisor - INFO - Epoch [33/1000] (4930) train_mae: 4.5062, val_mae: 4.6711, lr: 0.000100
2023-07-24 11:08:52,240 - model.pytorch.dcrnn_supervisor - INFO - epoch complete
2023-07-24 11:08:52,241 - model.pytorch.dcrnn_supervisor - INFO - evaluating now!
2023-07-24 11:08:54,834 - model.pytorch.dcrnn_supervisor - INFO - Epoch [34/1000] (5075) train_mae: 4.5062, val_mae: 4.6859, lr: 0.000100
2023-07-24 11:09:28,782 - model.pytorch.dcrnn_supervisor - INFO - epoch complete
2023-07-24 11:09:28,783 - model.pytorch.dcrnn_supervisor - INFO - evaluating now!
2023-07-24 11:09:31,312 - model.pytorch.dcrnn_supervisor - INFO - Epoch [35/1000] (5220) train_mae: 4.5037, val_mae: 4.6748, lr: 0.000100
2023-07-24 11:10:05,152 - model.pytorch.dcrnn_supervisor - INFO - epoch complete
2023-07-24 11:10:05,152 - model.pytorch.dcrnn_supervisor - INFO - evaluating now!
2023-07-24 11:10:07,820 - model.pytorch.dcrnn_supervisor - INFO - Epoch [36/1000] (5365) train_mae: 4.5030, val_mae: 4.6750, lr: 0.000100
2023-07-24 11:10:42,102 - model.pytorch.dcrnn_supervisor - INFO - epoch complete
2023-07-24 11:10:42,103 - model.pytorch.dcrnn_supervisor - INFO - evaluating now!
2023-07-24 11:10:44,667 - model.pytorch.dcrnn_supervisor - INFO - Epoch [37/1000] (5510) train_mae: 4.5015, val_mae: 4.6766, lr: 0.000100
2023-07-24 11:11:18,945 - model.pytorch.dcrnn_supervisor - INFO - epoch complete
2023-07-24 11:11:18,946 - model.pytorch.dcrnn_supervisor - INFO - evaluating now!
2023-07-24 11:11:21,396 - model.pytorch.dcrnn_supervisor - INFO - Epoch [38/1000] (5655) train_mae: 4.4983, val_mae: 4.6843, lr: 0.000100
2023-07-24 11:11:55,348 - model.pytorch.dcrnn_supervisor - INFO - epoch complete
2023-07-24 11:11:55,349 - model.pytorch.dcrnn_supervisor - INFO - evaluating now!
2023-07-24 11:11:58,013 - model.pytorch.dcrnn_supervisor - INFO - Epoch [39/1000] (5800) train_mae: 4.4967, val_mae: 4.6805, lr: 0.000001
2023-07-24 11:11:58,013 - model.pytorch.dcrnn_supervisor - WARNING - Early stopping at epoch: 39
2023-07-24 11:11:58,154 - model.pytorch.dcrnn_supervisor - INFO - Loaded model successfully!
2023-07-24 11:55:02,376 - model.pytorch.dcrnn_supervisor - INFO - Log directory: data/model/dcrnn/
2023-07-24 11:55:25,356 - model.pytorch.dcrnn_supervisor - INFO - Model created
2023-07-24 11:55:25,357 - model.pytorch.dcrnn_supervisor - INFO - Start training ...
2023-07-24 11:55:25,357 - model.pytorch.dcrnn_supervisor - INFO - num_batches:145
2023-07-24 11:55:29,778 - model.pytorch.dcrnn_supervisor - INFO - Total trainable parameters 372353
2023-07-24 11:55:59,623 - model.pytorch.dcrnn_supervisor - INFO - epoch complete
2023-07-24 11:55:59,624 - model.pytorch.dcrnn_supervisor - INFO - evaluating now!
2023-07-24 11:56:01,593 - model.pytorch.dcrnn_supervisor - INFO - Epoch [0/1000] (145) train_mae: 6.2903, val_mae: 5.8836, lr: 0.010000
2023-07-24 11:56:01,599 - model.pytorch.dcrnn_supervisor - INFO - Saved model at 0
2023-07-24 11:56:01,599 - model.pytorch.dcrnn_supervisor - INFO - Val loss decrease from inf to 5.8836, saving to data/model/pretrained/YINCHUAN/yc_best
2023-07-24 11:56:31,755 - model.pytorch.dcrnn_supervisor - INFO - epoch complete
2023-07-24 11:56:31,756 - model.pytorch.dcrnn_supervisor - INFO - evaluating now!
2023-07-24 11:56:33,720 - model.pytorch.dcrnn_supervisor - INFO - Epoch [1/1000] (290) train_mae: 4.8601, val_mae: 6.0190, lr: 0.010000
2023-07-24 11:57:03,779 - model.pytorch.dcrnn_supervisor - INFO - epoch complete
2023-07-24 11:57:03,779 - model.pytorch.dcrnn_supervisor - INFO - evaluating now!
2023-07-24 11:57:05,773 - model.pytorch.dcrnn_supervisor - INFO - Epoch [2/1000] (435) train_mae: 4.7597, val_mae: 6.2629, lr: 0.010000
2023-07-24 11:57:35,144 - model.pytorch.dcrnn_supervisor - INFO - epoch complete
2023-07-24 11:57:35,145 - model.pytorch.dcrnn_supervisor - INFO - evaluating now!
2023-07-24 11:57:37,064 - model.pytorch.dcrnn_supervisor - INFO - Epoch [3/1000] (580) train_mae: 4.7190, val_mae: 5.0674, lr: 0.010000
2023-07-24 11:57:37,069 - model.pytorch.dcrnn_supervisor - INFO - Saved model at 3
2023-07-24 11:57:37,070 - model.pytorch.dcrnn_supervisor - INFO - Val loss decrease from 5.8836 to 5.0674, saving to data/model/pretrained/YINCHUAN/yc_best
2023-07-24 11:58:07,373 - model.pytorch.dcrnn_supervisor - INFO - epoch complete
2023-07-24 11:58:07,374 - model.pytorch.dcrnn_supervisor - INFO - evaluating now!
2023-07-24 11:58:09,350 - model.pytorch.dcrnn_supervisor - INFO - Epoch [4/1000] (725) train_mae: 4.7021, val_mae: 4.9726, lr: 0.010000
2023-07-24 11:58:09,356 - model.pytorch.dcrnn_supervisor - INFO - Saved model at 4
2023-07-24 11:58:09,356 - model.pytorch.dcrnn_supervisor - INFO - Val loss decrease from 5.0674 to 4.9726, saving to data/model/pretrained/YINCHUAN/yc_best
2023-07-24 11:58:39,350 - model.pytorch.dcrnn_supervisor - INFO - epoch complete
2023-07-24 11:58:39,351 - model.pytorch.dcrnn_supervisor - INFO - evaluating now!
2023-07-24 11:58:41,469 - model.pytorch.dcrnn_supervisor - INFO - Epoch [5/1000] (870) train_mae: 4.6275, val_mae: 4.9229, lr: 0.010000
2023-07-24 11:58:41,475 - model.pytorch.dcrnn_supervisor - INFO - Saved model at 5
2023-07-24 11:58:41,475 - model.pytorch.dcrnn_supervisor - INFO - Val loss decrease from 4.9726 to 4.9229, saving to data/model/pretrained/YINCHUAN/yc_best
2023-07-24 11:59:11,000 - model.pytorch.dcrnn_supervisor - INFO - epoch complete
2023-07-24 11:59:11,000 - model.pytorch.dcrnn_supervisor - INFO - evaluating now!
2023-07-24 11:59:13,012 - model.pytorch.dcrnn_supervisor - INFO - Epoch [6/1000] (1015) train_mae: 4.6394, val_mae: 4.9875, lr: 0.010000
2023-07-24 11:59:43,140 - model.pytorch.dcrnn_supervisor - INFO - epoch complete
2023-07-24 11:59:43,141 - model.pytorch.dcrnn_supervisor - INFO - evaluating now!
2023-07-24 11:59:45,121 - model.pytorch.dcrnn_supervisor - INFO - Epoch [7/1000] (1160) train_mae: 4.6264, val_mae: 4.9482, lr: 0.010000
2023-07-24 12:00:15,397 - model.pytorch.dcrnn_supervisor - INFO - epoch complete
2023-07-24 12:00:15,397 - model.pytorch.dcrnn_supervisor - INFO - evaluating now!
2023-07-24 12:00:17,446 - model.pytorch.dcrnn_supervisor - INFO - Epoch [8/1000] (1305) train_mae: 4.6058, val_mae: 4.9658, lr: 0.010000
2023-07-24 12:00:47,853 - model.pytorch.dcrnn_supervisor - INFO - epoch complete
2023-07-24 12:00:47,854 - model.pytorch.dcrnn_supervisor - INFO - evaluating now!
2023-07-24 12:00:49,871 - model.pytorch.dcrnn_supervisor - INFO - Epoch [9/1000] (1450) train_mae: 4.5941, val_mae: 4.8837, lr: 0.010000
2023-07-24 12:00:49,876 - model.pytorch.dcrnn_supervisor - INFO - Saved model at 9
2023-07-24 12:00:49,876 - model.pytorch.dcrnn_supervisor - INFO - Val loss decrease from 4.9229 to 4.8837, saving to data/model/pretrained/YINCHUAN/yc_best
2023-07-24 12:01:21,010 - model.pytorch.dcrnn_supervisor - INFO - epoch complete
2023-07-24 12:01:21,011 - model.pytorch.dcrnn_supervisor - INFO - evaluating now!
2023-07-24 12:01:23,001 - model.pytorch.dcrnn_supervisor - INFO - Epoch [10/1000] (1595) train_mae: 4.5945, val_mae: 4.8389, lr: 0.010000
2023-07-24 12:01:23,006 - model.pytorch.dcrnn_supervisor - INFO - Saved model at 10
2023-07-24 12:01:23,007 - model.pytorch.dcrnn_supervisor - INFO - Val loss decrease from 4.8837 to 4.8389, saving to data/model/pretrained/YINCHUAN/yc_best
2023-07-24 12:01:53,107 - model.pytorch.dcrnn_supervisor - INFO - epoch complete
2023-07-24 12:01:53,108 - model.pytorch.dcrnn_supervisor - INFO - evaluating now!
2023-07-24 12:01:55,037 - model.pytorch.dcrnn_supervisor - INFO - Epoch [11/1000] (1740) train_mae: 4.5706, val_mae: 4.9438, lr: 0.010000
2023-07-24 12:02:25,357 - model.pytorch.dcrnn_supervisor - INFO - epoch complete
2023-07-24 12:02:25,357 - model.pytorch.dcrnn_supervisor - INFO - evaluating now!
2023-07-24 12:02:27,324 - model.pytorch.dcrnn_supervisor - INFO - Epoch [12/1000] (1885) train_mae: 4.5741, val_mae: 4.8027, lr: 0.010000
2023-07-24 12:02:27,329 - model.pytorch.dcrnn_supervisor - INFO - Saved model at 12
2023-07-24 12:02:27,330 - model.pytorch.dcrnn_supervisor - INFO - Val loss decrease from 4.8389 to 4.8027, saving to data/model/pretrained/YINCHUAN/yc_best
2023-07-24 12:02:58,756 - model.pytorch.dcrnn_supervisor - INFO - epoch complete
2023-07-24 12:02:58,756 - model.pytorch.dcrnn_supervisor - INFO - evaluating now!
2023-07-24 12:03:01,083 - model.pytorch.dcrnn_supervisor - INFO - Epoch [13/1000] (2030) train_mae: 4.5710, val_mae: 4.9573, lr: 0.010000
2023-07-24 12:03:33,551 - model.pytorch.dcrnn_supervisor - INFO - epoch complete
2023-07-24 12:03:33,552 - model.pytorch.dcrnn_supervisor - INFO - evaluating now!
2023-07-24 12:03:35,734 - model.pytorch.dcrnn_supervisor - INFO - Epoch [14/1000] (2175) train_mae: 4.5522, val_mae: 5.0180, lr: 0.010000
2023-07-24 12:04:07,735 - model.pytorch.dcrnn_supervisor - INFO - epoch complete
2023-07-24 12:04:07,735 - model.pytorch.dcrnn_supervisor - INFO - evaluating now!
2023-07-24 12:04:09,937 - model.pytorch.dcrnn_supervisor - INFO - Epoch [15/1000] (2320) train_mae: 4.5565, val_mae: 4.7574, lr: 0.010000
2023-07-24 12:04:09,960 - model.pytorch.dcrnn_supervisor - INFO - Saved model at 15
2023-07-24 12:04:09,960 - model.pytorch.dcrnn_supervisor - INFO - Val loss decrease from 4.8027 to 4.7574, saving to data/model/pretrained/YINCHUAN/yc_best
2023-07-24 12:04:41,609 - model.pytorch.dcrnn_supervisor - INFO - epoch complete
2023-07-24 12:04:41,610 - model.pytorch.dcrnn_supervisor - INFO - evaluating now!
2023-07-24 12:04:43,720 - model.pytorch.dcrnn_supervisor - INFO - Epoch [16/1000] (2465) train_mae: 4.5526, val_mae: 4.8165, lr: 0.010000
2023-07-24 12:05:13,962 - model.pytorch.dcrnn_supervisor - INFO - epoch complete
2023-07-24 12:05:13,962 - model.pytorch.dcrnn_supervisor - INFO - evaluating now!
2023-07-24 12:05:15,894 - model.pytorch.dcrnn_supervisor - INFO - Epoch [17/1000] (2610) train_mae: 4.5422, val_mae: 4.7964, lr: 0.010000
2023-07-24 12:05:45,969 - model.pytorch.dcrnn_supervisor - INFO - epoch complete
2023-07-24 12:05:45,970 - model.pytorch.dcrnn_supervisor - INFO - evaluating now!
2023-07-24 12:05:47,946 - model.pytorch.dcrnn_supervisor - INFO - Epoch [18/1000] (2755) train_mae: 4.5404, val_mae: 4.8372, lr: 0.010000
2023-07-24 12:06:18,098 - model.pytorch.dcrnn_supervisor - INFO - epoch complete
2023-07-24 12:06:18,099 - model.pytorch.dcrnn_supervisor - INFO - evaluating now!
2023-07-24 12:06:20,100 - model.pytorch.dcrnn_supervisor - INFO - Epoch [19/1000] (2900) train_mae: 4.5360, val_mae: 4.7756, lr: 0.000100
2023-07-24 12:06:50,989 - model.pytorch.dcrnn_supervisor - INFO - epoch complete
2023-07-24 12:06:50,990 - model.pytorch.dcrnn_supervisor - INFO - evaluating now!
2023-07-24 12:06:53,181 - model.pytorch.dcrnn_supervisor - INFO - Epoch [20/1000] (3045) train_mae: 4.5411, val_mae: 4.7447, lr: 0.001000
2023-07-24 12:06:53,188 - model.pytorch.dcrnn_supervisor - INFO - Saved model at 20
2023-07-24 12:06:53,188 - model.pytorch.dcrnn_supervisor - INFO - Val loss decrease from 4.7574 to 4.7447, saving to data/model/pretrained/YINCHUAN/yc_best
2023-07-24 12:07:25,110 - model.pytorch.dcrnn_supervisor - INFO - epoch complete
2023-07-24 12:07:25,111 - model.pytorch.dcrnn_supervisor - INFO - evaluating now!
2023-07-24 12:07:27,056 - model.pytorch.dcrnn_supervisor - INFO - Epoch [21/1000] (3190) train_mae: 4.5344, val_mae: 4.7505, lr: 0.001000
2023-07-24 12:07:58,844 - model.pytorch.dcrnn_supervisor - INFO - epoch complete
2023-07-24 12:07:58,845 - model.pytorch.dcrnn_supervisor - INFO - evaluating now!
2023-07-24 12:08:00,855 - model.pytorch.dcrnn_supervisor - INFO - Epoch [22/1000] (3335) train_mae: 4.5290, val_mae: 4.7622, lr: 0.001000
2023-07-24 12:08:32,060 - model.pytorch.dcrnn_supervisor - INFO - epoch complete
2023-07-24 12:08:32,060 - model.pytorch.dcrnn_supervisor - INFO - evaluating now!
2023-07-24 12:08:34,247 - model.pytorch.dcrnn_supervisor - INFO - Epoch [23/1000] (3480) train_mae: 4.5296, val_mae: 4.7318, lr: 0.001000
2023-07-24 12:08:34,253 - model.pytorch.dcrnn_supervisor - INFO - Saved model at 23
2023-07-24 12:08:34,253 - model.pytorch.dcrnn_supervisor - INFO - Val loss decrease from 4.7447 to 4.7318, saving to data/model/pretrained/YINCHUAN/yc_best
2023-07-24 12:09:05,310 - model.pytorch.dcrnn_supervisor - INFO - epoch complete
2023-07-24 12:09:05,310 - model.pytorch.dcrnn_supervisor - INFO - evaluating now!
2023-07-24 12:09:07,325 - model.pytorch.dcrnn_supervisor - INFO - Epoch [24/1000] (3625) train_mae: 4.5252, val_mae: 4.7195, lr: 0.001000
2023-07-24 12:09:07,331 - model.pytorch.dcrnn_supervisor - INFO - Saved model at 24
2023-07-24 12:09:07,331 - model.pytorch.dcrnn_supervisor - INFO - Val loss decrease from 4.7318 to 4.7195, saving to data/model/pretrained/YINCHUAN/yc_best
2023-07-24 12:09:37,266 - model.pytorch.dcrnn_supervisor - INFO - epoch complete
2023-07-24 12:09:37,267 - model.pytorch.dcrnn_supervisor - INFO - evaluating now!
2023-07-24 12:09:39,367 - model.pytorch.dcrnn_supervisor - INFO - Epoch [25/1000] (3770) train_mae: 4.5225, val_mae: 4.7243, lr: 0.001000
2023-07-24 12:10:10,549 - model.pytorch.dcrnn_supervisor - INFO - epoch complete
2023-07-24 12:10:10,549 - model.pytorch.dcrnn_supervisor - INFO - evaluating now!
2023-07-24 12:10:12,511 - model.pytorch.dcrnn_supervisor - INFO - Epoch [26/1000] (3915) train_mae: 4.5216, val_mae: 4.7075, lr: 0.001000
2023-07-24 12:10:12,517 - model.pytorch.dcrnn_supervisor - INFO - Saved model at 26
2023-07-24 12:10:12,517 - model.pytorch.dcrnn_supervisor - INFO - Val loss decrease from 4.7195 to 4.7075, saving to data/model/pretrained/YINCHUAN/yc_best
2023-07-24 12:10:42,112 - model.pytorch.dcrnn_supervisor - INFO - epoch complete
2023-07-24 12:10:42,113 - model.pytorch.dcrnn_supervisor - INFO - evaluating now!
2023-07-24 12:10:44,051 - model.pytorch.dcrnn_supervisor - INFO - Epoch [27/1000] (4060) train_mae: 4.5238, val_mae: 4.7040, lr: 0.001000
2023-07-24 12:10:44,057 - model.pytorch.dcrnn_supervisor - INFO - Saved model at 27
2023-07-24 12:10:44,057 - model.pytorch.dcrnn_supervisor - INFO - Val loss decrease from 4.7075 to 4.7040, saving to data/model/pretrained/YINCHUAN/yc_best
2023-07-24 12:11:13,503 - model.pytorch.dcrnn_supervisor - INFO - epoch complete
2023-07-24 12:11:13,504 - model.pytorch.dcrnn_supervisor - INFO - evaluating now!
2023-07-24 12:11:15,497 - model.pytorch.dcrnn_supervisor - INFO - Epoch [28/1000] (4205) train_mae: 4.5340, val_mae: 4.7745, lr: 0.001000
2023-07-24 12:11:46,338 - model.pytorch.dcrnn_supervisor - INFO - epoch complete
2023-07-24 12:11:46,339 - model.pytorch.dcrnn_supervisor - INFO - evaluating now!
2023-07-24 12:11:48,284 - model.pytorch.dcrnn_supervisor - INFO - Epoch [29/1000] (4350) train_mae: 4.5130, val_mae: 4.7305, lr: 0.000010
2023-07-24 12:12:18,074 - model.pytorch.dcrnn_supervisor - INFO - epoch complete
2023-07-24 12:12:18,075 - model.pytorch.dcrnn_supervisor - INFO - evaluating now!
2023-07-24 12:12:20,065 - model.pytorch.dcrnn_supervisor - INFO - Epoch [30/1000] (4495) train_mae: 4.5110, val_mae: 4.6987, lr: 0.000100
2023-07-24 12:12:20,071 - model.pytorch.dcrnn_supervisor - INFO - Saved model at 30
2023-07-24 12:12:20,071 - model.pytorch.dcrnn_supervisor - INFO - Val loss decrease from 4.7040 to 4.6987, saving to data/model/pretrained/YINCHUAN/yc_best
2023-07-24 12:12:50,562 - model.pytorch.dcrnn_supervisor - INFO - epoch complete
2023-07-24 12:12:50,563 - model.pytorch.dcrnn_supervisor - INFO - evaluating now!
2023-07-24 12:12:52,524 - model.pytorch.dcrnn_supervisor - INFO - Epoch [31/1000] (4640) train_mae: 4.5116, val_mae: 4.7010, lr: 0.000100
2023-07-24 12:13:22,691 - model.pytorch.dcrnn_supervisor - INFO - epoch complete
2023-07-24 12:13:22,692 - model.pytorch.dcrnn_supervisor - INFO - evaluating now!
2023-07-24 12:13:24,964 - model.pytorch.dcrnn_supervisor - INFO - Epoch [32/1000] (4785) train_mae: 4.5159, val_mae: 4.7056, lr: 0.000100
2023-07-24 12:13:55,655 - model.pytorch.dcrnn_supervisor - INFO - epoch complete
2023-07-24 12:13:55,656 - model.pytorch.dcrnn_supervisor - INFO - evaluating now!
2023-07-24 12:13:57,643 - model.pytorch.dcrnn_supervisor - INFO - Epoch [33/1000] (4930) train_mae: 4.5120, val_mae: 4.6799, lr: 0.000100
2023-07-24 12:13:57,649 - model.pytorch.dcrnn_supervisor - INFO - Saved model at 33
2023-07-24 12:13:57,649 - model.pytorch.dcrnn_supervisor - INFO - Val loss decrease from 4.6987 to 4.6799, saving to data/model/pretrained/YINCHUAN/yc_best
2023-07-24 12:14:28,113 - model.pytorch.dcrnn_supervisor - INFO - epoch complete
2023-07-24 12:14:28,114 - model.pytorch.dcrnn_supervisor - INFO - evaluating now!
2023-07-24 12:14:30,064 - model.pytorch.dcrnn_supervisor - INFO - Epoch [34/1000] (5075) train_mae: 4.5093, val_mae: 4.6883, lr: 0.000100
2023-07-24 12:15:00,968 - model.pytorch.dcrnn_supervisor - INFO - epoch complete
2023-07-24 12:15:00,969 - model.pytorch.dcrnn_supervisor - INFO - evaluating now!
2023-07-24 12:15:02,886 - model.pytorch.dcrnn_supervisor - INFO - Epoch [35/1000] (5220) train_mae: 4.5078, val_mae: 4.6843, lr: 0.000100
2023-07-24 12:15:33,327 - model.pytorch.dcrnn_supervisor - INFO - epoch complete
2023-07-24 12:15:33,328 - model.pytorch.dcrnn_supervisor - INFO - evaluating now!
2023-07-24 12:15:35,635 - model.pytorch.dcrnn_supervisor - INFO - Epoch [36/1000] (5365) train_mae: 4.5048, val_mae: 4.6994, lr: 0.000100
2023-07-24 12:16:05,602 - model.pytorch.dcrnn_supervisor - INFO - epoch complete
2023-07-24 12:16:05,603 - model.pytorch.dcrnn_supervisor - INFO - evaluating now!
2023-07-24 12:16:07,523 - model.pytorch.dcrnn_supervisor - INFO - Epoch [37/1000] (5510) train_mae: 4.5029, val_mae: 4.6821, lr: 0.000100
2023-07-24 12:16:37,617 - model.pytorch.dcrnn_supervisor - INFO - epoch complete
2023-07-24 12:16:37,617 - model.pytorch.dcrnn_supervisor - INFO - evaluating now!
2023-07-24 12:16:39,542 - model.pytorch.dcrnn_supervisor - INFO - Epoch [38/1000] (5655) train_mae: 4.5051, val_mae: 4.9252, lr: 0.000100
2023-07-24 12:17:09,716 - model.pytorch.dcrnn_supervisor - INFO - epoch complete
2023-07-24 12:17:09,717 - model.pytorch.dcrnn_supervisor - INFO - evaluating now!
2023-07-24 12:17:11,669 - model.pytorch.dcrnn_supervisor - INFO - Epoch [39/1000] (5800) train_mae: 4.5041, val_mae: 4.6898, lr: 0.000001
2023-07-24 12:17:41,570 - model.pytorch.dcrnn_supervisor - INFO - epoch complete
2023-07-24 12:17:41,570 - model.pytorch.dcrnn_supervisor - INFO - evaluating now!
2023-07-24 12:17:43,580 - model.pytorch.dcrnn_supervisor - INFO - Epoch [40/1000] (5945) train_mae: 4.4957, val_mae: 4.6696, lr: 0.000010
2023-07-24 12:17:43,586 - model.pytorch.dcrnn_supervisor - INFO - Saved model at 40
2023-07-24 12:17:43,586 - model.pytorch.dcrnn_supervisor - INFO - Val loss decrease from 4.6799 to 4.6696, saving to data/model/pretrained/YINCHUAN/yc_best
2023-07-24 12:18:13,798 - model.pytorch.dcrnn_supervisor - INFO - epoch complete
2023-07-24 12:18:13,799 - model.pytorch.dcrnn_supervisor - INFO - evaluating now!
2023-07-24 12:18:15,697 - model.pytorch.dcrnn_supervisor - INFO - Epoch [41/1000] (6090) train_mae: 4.5022, val_mae: 4.6968, lr: 0.000010
2023-07-24 12:18:45,438 - model.pytorch.dcrnn_supervisor - INFO - epoch complete
2023-07-24 12:18:45,439 - model.pytorch.dcrnn_supervisor - INFO - evaluating now!
2023-07-24 12:18:47,435 - model.pytorch.dcrnn_supervisor - INFO - Epoch [42/1000] (6235) train_mae: 4.4949, val_mae: 4.6953, lr: 0.000010
2023-07-24 12:19:17,245 - model.pytorch.dcrnn_supervisor - INFO - epoch complete
2023-07-24 12:19:17,245 - model.pytorch.dcrnn_supervisor - INFO - evaluating now!
2023-07-24 12:19:19,202 - model.pytorch.dcrnn_supervisor - INFO - Epoch [43/1000] (6380) train_mae: 4.4967, val_mae: 4.6952, lr: 0.000010
2023-07-24 12:19:49,273 - model.pytorch.dcrnn_supervisor - INFO - epoch complete
2023-07-24 12:19:49,273 - model.pytorch.dcrnn_supervisor - INFO - evaluating now!
2023-07-24 12:19:51,280 - model.pytorch.dcrnn_supervisor - INFO - Epoch [44/1000] (6525) train_mae: 4.4904, val_mae: 4.6942, lr: 0.000010
2023-07-24 12:20:20,568 - model.pytorch.dcrnn_supervisor - INFO - epoch complete
2023-07-24 12:20:20,569 - model.pytorch.dcrnn_supervisor - INFO - evaluating now!
2023-07-24 12:20:22,723 - model.pytorch.dcrnn_supervisor - INFO - Epoch [45/1000] (6670) train_mae: 4.4922, val_mae: 4.6890, lr: 0.000010
2023-07-24 12:20:52,688 - model.pytorch.dcrnn_supervisor - INFO - epoch complete
2023-07-24 12:20:52,689 - model.pytorch.dcrnn_supervisor - INFO - evaluating now!
2023-07-24 12:20:54,833 - model.pytorch.dcrnn_supervisor - INFO - Epoch [46/1000] (6815) train_mae: 4.4876, val_mae: 4.6769, lr: 0.000010
2023-07-24 12:21:23,793 - model.pytorch.dcrnn_supervisor - INFO - epoch complete
2023-07-24 12:21:23,794 - model.pytorch.dcrnn_supervisor - INFO - evaluating now!
2023-07-24 12:21:25,859 - model.pytorch.dcrnn_supervisor - INFO - Epoch [47/1000] (6960) train_mae: 4.4905, val_mae: 4.8193, lr: 0.000010
2023-07-24 12:21:57,011 - model.pytorch.dcrnn_supervisor - INFO - epoch complete
2023-07-24 12:21:57,012 - model.pytorch.dcrnn_supervisor - INFO - evaluating now!
2023-07-24 12:21:59,016 - model.pytorch.dcrnn_supervisor - INFO - Epoch [48/1000] (7105) train_mae: 4.4874, val_mae: 4.6912, lr: 0.000010
2023-07-24 12:22:30,223 - model.pytorch.dcrnn_supervisor - INFO - epoch complete
2023-07-24 12:22:30,224 - model.pytorch.dcrnn_supervisor - INFO - evaluating now!
2023-07-24 12:22:32,679 - model.pytorch.dcrnn_supervisor - INFO - Epoch [49/1000] (7250) train_mae: 4.4888, val_mae: 4.6946, lr: 0.000000
2023-07-24 12:23:03,694 - model.pytorch.dcrnn_supervisor - INFO - epoch complete
2023-07-24 12:23:03,695 - model.pytorch.dcrnn_supervisor - INFO - evaluating now!
2023-07-24 12:23:05,960 - model.pytorch.dcrnn_supervisor - INFO - Epoch [50/1000] (7395) train_mae: 4.4844, val_mae: 4.8224, lr: 0.000001
2023-07-24 12:23:36,534 - model.pytorch.dcrnn_supervisor - INFO - epoch complete
2023-07-24 12:23:36,534 - model.pytorch.dcrnn_supervisor - INFO - evaluating now!
2023-07-24 12:23:38,559 - model.pytorch.dcrnn_supervisor - INFO - Epoch [51/1000] (7540) train_mae: 4.4843, val_mae: 4.6826, lr: 0.000001
2023-07-24 12:24:09,145 - model.pytorch.dcrnn_supervisor - INFO - epoch complete
2023-07-24 12:24:09,146 - model.pytorch.dcrnn_supervisor - INFO - evaluating now!
2023-07-24 12:24:11,185 - model.pytorch.dcrnn_supervisor - INFO - Epoch [52/1000] (7685) train_mae: 4.4777, val_mae: 4.6708, lr: 0.000001
2023-07-24 12:24:41,681 - model.pytorch.dcrnn_supervisor - INFO - epoch complete
2023-07-24 12:24:41,681 - model.pytorch.dcrnn_supervisor - INFO - evaluating now!
2023-07-24 12:24:43,633 - model.pytorch.dcrnn_supervisor - INFO - Epoch [53/1000] (7830) train_mae: 4.4787, val_mae: 4.6710, lr: 0.000001
2023-07-24 12:25:13,482 - model.pytorch.dcrnn_supervisor - INFO - epoch complete
2023-07-24 12:25:13,483 - model.pytorch.dcrnn_supervisor - INFO - evaluating now!
2023-07-24 12:25:15,407 - model.pytorch.dcrnn_supervisor - INFO - Epoch [54/1000] (7975) train_mae: 4.4896, val_mae: 4.6758, lr: 0.000001
2023-07-24 12:25:45,500 - model.pytorch.dcrnn_supervisor - INFO - epoch complete
2023-07-24 12:25:45,501 - model.pytorch.dcrnn_supervisor - INFO - evaluating now!
2023-07-24 12:25:47,394 - model.pytorch.dcrnn_supervisor - INFO - Epoch [55/1000] (8120) train_mae: 4.4813, val_mae: 4.6634, lr: 0.000001
2023-07-24 12:25:47,399 - model.pytorch.dcrnn_supervisor - INFO - Saved model at 55
2023-07-24 12:25:47,399 - model.pytorch.dcrnn_supervisor - INFO - Val loss decrease from 4.6696 to 4.6634, saving to data/model/pretrained/YINCHUAN/yc_best
2023-07-24 12:26:17,992 - model.pytorch.dcrnn_supervisor - INFO - epoch complete
2023-07-24 12:26:17,993 - model.pytorch.dcrnn_supervisor - INFO - evaluating now!
2023-07-24 12:26:19,956 - model.pytorch.dcrnn_supervisor - INFO - Epoch [56/1000] (8265) train_mae: 4.4811, val_mae: 4.6922, lr: 0.000001
2023-07-24 12:26:51,403 - model.pytorch.dcrnn_supervisor - INFO - epoch complete
2023-07-24 12:26:51,404 - model.pytorch.dcrnn_supervisor - INFO - evaluating now!
2023-07-24 12:26:53,335 - model.pytorch.dcrnn_supervisor - INFO - Epoch [57/1000] (8410) train_mae: 4.4777, val_mae: 4.6491, lr: 0.000001
2023-07-24 12:26:53,341 - model.pytorch.dcrnn_supervisor - INFO - Saved model at 57
2023-07-24 12:26:53,341 - model.pytorch.dcrnn_supervisor - INFO - Val loss decrease from 4.6634 to 4.6491, saving to data/model/pretrained/YINCHUAN/yc_best
2023-07-24 12:27:24,968 - model.pytorch.dcrnn_supervisor - INFO - epoch complete
2023-07-24 12:27:24,969 - model.pytorch.dcrnn_supervisor - INFO - evaluating now!
2023-07-24 12:27:26,953 - model.pytorch.dcrnn_supervisor - INFO - Epoch [58/1000] (8555) train_mae: 4.4844, val_mae: 4.6846, lr: 0.000001
2023-07-24 12:27:57,962 - model.pytorch.dcrnn_supervisor - INFO - epoch complete
2023-07-24 12:27:57,963 - model.pytorch.dcrnn_supervisor - INFO - evaluating now!
2023-07-24 12:27:59,919 - model.pytorch.dcrnn_supervisor - INFO - Epoch [59/1000] (8700) train_mae: 4.4760, val_mae: 4.6899, lr: 0.000001
2023-07-24 12:28:31,287 - model.pytorch.dcrnn_supervisor - INFO - epoch complete
2023-07-24 12:28:31,287 - model.pytorch.dcrnn_supervisor - INFO - evaluating now!
2023-07-24 12:28:33,221 - model.pytorch.dcrnn_supervisor - INFO - Epoch [60/1000] (8845) train_mae: 4.4730, val_mae: 4.6661, lr: 0.000001
2023-07-24 12:29:02,514 - model.pytorch.dcrnn_supervisor - INFO - epoch complete
2023-07-24 12:29:02,518 - model.pytorch.dcrnn_supervisor - INFO - evaluating now!
2023-07-24 12:29:04,553 - model.pytorch.dcrnn_supervisor - INFO - Epoch [61/1000] (8990) train_mae: 4.4751, val_mae: 4.6808, lr: 0.000001
2023-07-24 12:29:35,077 - model.pytorch.dcrnn_supervisor - INFO - epoch complete
2023-07-24 12:29:35,078 - model.pytorch.dcrnn_supervisor - INFO - evaluating now!
2023-07-24 12:29:37,046 - model.pytorch.dcrnn_supervisor - INFO - Epoch [62/1000] (9135) train_mae: 4.4765, val_mae: 4.6846, lr: 0.000001
2023-07-24 12:30:07,141 - model.pytorch.dcrnn_supervisor - INFO - epoch complete
2023-07-24 12:30:07,142 - model.pytorch.dcrnn_supervisor - INFO - evaluating now!
2023-07-24 12:30:09,207 - model.pytorch.dcrnn_supervisor - INFO - Epoch [63/1000] (9280) train_mae: 4.4769, val_mae: 4.6925, lr: 0.000001
2023-07-24 12:30:39,242 - model.pytorch.dcrnn_supervisor - INFO - epoch complete
2023-07-24 12:30:39,243 - model.pytorch.dcrnn_supervisor - INFO - evaluating now!
2023-07-24 12:30:41,312 - model.pytorch.dcrnn_supervisor - INFO - Epoch [64/1000] (9425) train_mae: 4.4730, val_mae: 4.6882, lr: 0.000001
2023-07-24 12:31:10,901 - model.pytorch.dcrnn_supervisor - INFO - epoch complete
2023-07-24 12:31:10,902 - model.pytorch.dcrnn_supervisor - INFO - evaluating now!
2023-07-24 12:31:13,009 - model.pytorch.dcrnn_supervisor - INFO - Epoch [65/1000] (9570) train_mae: 4.4776, val_mae: 4.6715, lr: 0.000001
2023-07-24 12:31:42,674 - model.pytorch.dcrnn_supervisor - INFO - epoch complete
2023-07-24 12:31:42,674 - model.pytorch.dcrnn_supervisor - INFO - evaluating now!
2023-07-24 12:31:44,676 - model.pytorch.dcrnn_supervisor - INFO - Epoch [66/1000] (9715) train_mae: 4.4784, val_mae: 4.6890, lr: 0.000001
2023-07-24 12:32:15,094 - model.pytorch.dcrnn_supervisor - INFO - epoch complete
2023-07-24 12:32:15,094 - model.pytorch.dcrnn_supervisor - INFO - evaluating now!
2023-07-24 12:32:17,094 - model.pytorch.dcrnn_supervisor - INFO - Epoch [67/1000] (9860) train_mae: 4.4745, val_mae: 4.6874, lr: 0.000001
2023-07-24 12:32:47,078 - model.pytorch.dcrnn_supervisor - INFO - epoch complete
2023-07-24 12:32:47,079 - model.pytorch.dcrnn_supervisor - INFO - evaluating now!
2023-07-24 12:32:49,075 - model.pytorch.dcrnn_supervisor - INFO - Epoch [68/1000] (10005) train_mae: 4.4735, val_mae: 4.6933, lr: 0.000001
2023-07-24 12:33:19,293 - model.pytorch.dcrnn_supervisor - INFO - epoch complete
2023-07-24 12:33:19,293 - model.pytorch.dcrnn_supervisor - INFO - evaluating now!
2023-07-24 12:33:21,642 - model.pytorch.dcrnn_supervisor - INFO - Epoch [69/1000] (10150) train_mae: 4.4798, val_mae: 4.7085, lr: 0.000001
2023-07-24 12:33:51,084 - model.pytorch.dcrnn_supervisor - INFO - epoch complete
2023-07-24 12:33:51,084 - model.pytorch.dcrnn_supervisor - INFO - evaluating now!
2023-07-24 12:33:53,041 - model.pytorch.dcrnn_supervisor - INFO - Epoch [70/1000] (10295) train_mae: 4.4867, val_mae: 4.7473, lr: 0.000001
2023-07-24 12:34:22,482 - model.pytorch.dcrnn_supervisor - INFO - epoch complete
2023-07-24 12:34:22,483 - model.pytorch.dcrnn_supervisor - INFO - evaluating now!
2023-07-24 12:34:24,589 - model.pytorch.dcrnn_supervisor - INFO - Epoch [71/1000] (10440) train_mae: 4.4802, val_mae: 4.7174, lr: 0.000001
2023-07-24 12:34:54,488 - model.pytorch.dcrnn_supervisor - INFO - epoch complete
2023-07-24 12:34:54,488 - model.pytorch.dcrnn_supervisor - INFO - evaluating now!
2023-07-24 12:34:56,444 - model.pytorch.dcrnn_supervisor - INFO - Epoch [72/1000] (10585) train_mae: 4.4817, val_mae: 4.6795, lr: 0.000001
2023-07-24 12:35:25,597 - model.pytorch.dcrnn_supervisor - INFO - epoch complete
2023-07-24 12:35:25,598 - model.pytorch.dcrnn_supervisor - INFO - evaluating now!
2023-07-24 12:35:27,725 - model.pytorch.dcrnn_supervisor - INFO - Epoch [73/1000] (10730) train_mae: 4.4844, val_mae: 4.6780, lr: 0.000001
2023-07-24 12:35:57,857 - model.pytorch.dcrnn_supervisor - INFO - epoch complete
2023-07-24 12:35:57,857 - model.pytorch.dcrnn_supervisor - INFO - evaluating now!
2023-07-24 12:36:00,166 - model.pytorch.dcrnn_supervisor - INFO - Epoch [74/1000] (10875) train_mae: 4.4913, val_mae: 4.6708, lr: 0.000001
2023-07-24 12:36:29,932 - model.pytorch.dcrnn_supervisor - INFO - epoch complete
2023-07-24 12:36:29,933 - model.pytorch.dcrnn_supervisor - INFO - evaluating now!
2023-07-24 12:36:31,883 - model.pytorch.dcrnn_supervisor - INFO - Epoch [75/1000] (11020) train_mae: 4.4871, val_mae: 4.7313, lr: 0.000001
2023-07-24 12:37:01,539 - model.pytorch.dcrnn_supervisor - INFO - epoch complete
2023-07-24 12:37:01,539 - model.pytorch.dcrnn_supervisor - INFO - evaluating now!
2023-07-24 12:37:03,504 - model.pytorch.dcrnn_supervisor - INFO - Epoch [76/1000] (11165) train_mae: 4.4917, val_mae: 4.7150, lr: 0.000001
2023-07-24 12:37:33,399 - model.pytorch.dcrnn_supervisor - INFO - epoch complete
2023-07-24 12:37:33,399 - model.pytorch.dcrnn_supervisor - INFO - evaluating now!
2023-07-24 12:37:35,363 - model.pytorch.dcrnn_supervisor - INFO - Epoch [77/1000] (11310) train_mae: 4.4936, val_mae: 4.8000, lr: 0.000001
2023-07-24 12:38:04,477 - model.pytorch.dcrnn_supervisor - INFO - epoch complete
2023-07-24 12:38:04,478 - model.pytorch.dcrnn_supervisor - INFO - evaluating now!
2023-07-24 12:38:06,248 - model.pytorch.dcrnn_supervisor - INFO - Epoch [78/1000] (11455) train_mae: 4.4993, val_mae: 4.6802, lr: 0.000001
2023-07-24 12:38:35,797 - model.pytorch.dcrnn_supervisor - INFO - epoch complete
2023-07-24 12:38:35,797 - model.pytorch.dcrnn_supervisor - INFO - evaluating now!
2023-07-24 12:38:37,826 - model.pytorch.dcrnn_supervisor - INFO - Epoch [79/1000] (11600) train_mae: 4.4981, val_mae: 4.6791, lr: 0.000001
2023-07-24 12:39:07,570 - model.pytorch.dcrnn_supervisor - INFO - epoch complete
2023-07-24 12:39:07,570 - model.pytorch.dcrnn_supervisor - INFO - evaluating now!
2023-07-24 12:39:09,677 - model.pytorch.dcrnn_supervisor - INFO - Epoch [80/1000] (11745) train_mae: 4.4985, val_mae: 4.6924, lr: 0.000001
2023-07-24 12:39:39,279 - model.pytorch.dcrnn_supervisor - INFO - epoch complete
2023-07-24 12:39:39,279 - model.pytorch.dcrnn_supervisor - INFO - evaluating now!
2023-07-24 12:39:41,238 - model.pytorch.dcrnn_supervisor - INFO - Epoch [81/1000] (11890) train_mae: 4.5029, val_mae: 4.7481, lr: 0.000001
2023-07-24 12:40:11,510 - model.pytorch.dcrnn_supervisor - INFO - epoch complete
2023-07-24 12:40:11,511 - model.pytorch.dcrnn_supervisor - INFO - evaluating now!
2023-07-24 12:40:13,459 - model.pytorch.dcrnn_supervisor - INFO - Epoch [82/1000] (12035) train_mae: 4.5136, val_mae: 4.6949, lr: 0.000001
2023-07-24 12:40:44,157 - model.pytorch.dcrnn_supervisor - INFO - epoch complete
2023-07-24 12:40:44,158 - model.pytorch.dcrnn_supervisor - INFO - evaluating now!
2023-07-24 12:40:46,221 - model.pytorch.dcrnn_supervisor - INFO - Epoch [83/1000] (12180) train_mae: 4.5013, val_mae: 4.6743, lr: 0.000001
2023-07-24 12:41:16,784 - model.pytorch.dcrnn_supervisor - INFO - epoch complete
2023-07-24 12:41:16,785 - model.pytorch.dcrnn_supervisor - INFO - evaluating now!
2023-07-24 12:41:19,145 - model.pytorch.dcrnn_supervisor - INFO - Epoch [84/1000] (12325) train_mae: 4.5081, val_mae: 4.6823, lr: 0.000001
2023-07-24 12:41:50,934 - model.pytorch.dcrnn_supervisor - INFO - epoch complete
2023-07-24 12:41:50,935 - model.pytorch.dcrnn_supervisor - INFO - evaluating now!
2023-07-24 12:41:53,351 - model.pytorch.dcrnn_supervisor - INFO - Epoch [85/1000] (12470) train_mae: 4.5086, val_mae: 4.7178, lr: 0.000001
2023-07-24 12:42:25,112 - model.pytorch.dcrnn_supervisor - INFO - epoch complete
2023-07-24 12:42:25,113 - model.pytorch.dcrnn_supervisor - INFO - evaluating now!
2023-07-24 12:42:27,068 - model.pytorch.dcrnn_supervisor - INFO - Epoch [86/1000] (12615) train_mae: 4.5290, val_mae: 4.7765, lr: 0.000001
2023-07-24 12:42:58,890 - model.pytorch.dcrnn_supervisor - INFO - epoch complete
2023-07-24 12:42:58,891 - model.pytorch.dcrnn_supervisor - INFO - evaluating now!
2023-07-24 12:43:01,165 - model.pytorch.dcrnn_supervisor - INFO - Epoch [87/1000] (12760) train_mae: 4.5262, val_mae: 4.8007, lr: 0.000001
2023-07-24 12:43:32,123 - model.pytorch.dcrnn_supervisor - INFO - epoch complete
2023-07-24 12:43:32,124 - model.pytorch.dcrnn_supervisor - INFO - evaluating now!
2023-07-24 12:43:34,081 - model.pytorch.dcrnn_supervisor - INFO - Epoch [88/1000] (12905) train_mae: 4.5390, val_mae: 4.7749, lr: 0.000001
2023-07-24 12:44:03,681 - model.pytorch.dcrnn_supervisor - INFO - epoch complete
2023-07-24 12:44:03,682 - model.pytorch.dcrnn_supervisor - INFO - evaluating now!
2023-07-24 12:44:05,709 - model.pytorch.dcrnn_supervisor - INFO - Epoch [89/1000] (13050) train_mae: 4.5419, val_mae: 4.7570, lr: 0.000001
2023-07-24 12:44:35,394 - model.pytorch.dcrnn_supervisor - INFO - epoch complete
2023-07-24 12:44:35,394 - model.pytorch.dcrnn_supervisor - INFO - evaluating now!
2023-07-24 12:44:37,453 - model.pytorch.dcrnn_supervisor - INFO - Epoch [90/1000] (13195) train_mae: 4.5320, val_mae: 4.7614, lr: 0.000001
2023-07-24 12:45:07,759 - model.pytorch.dcrnn_supervisor - INFO - epoch complete
2023-07-24 12:45:07,760 - model.pytorch.dcrnn_supervisor - INFO - evaluating now!
2023-07-24 12:45:09,705 - model.pytorch.dcrnn_supervisor - INFO - Epoch [91/1000] (13340) train_mae: 4.5524, val_mae: 4.6755, lr: 0.000001
2023-07-24 12:45:39,821 - model.pytorch.dcrnn_supervisor - INFO - epoch complete
2023-07-24 12:45:39,822 - model.pytorch.dcrnn_supervisor - INFO - evaluating now!
2023-07-24 12:45:41,780 - model.pytorch.dcrnn_supervisor - INFO - Epoch [92/1000] (13485) train_mae: 4.5566, val_mae: 4.7320, lr: 0.000001
2023-07-24 12:46:12,955 - model.pytorch.dcrnn_supervisor - INFO - epoch complete
2023-07-24 12:46:12,955 - model.pytorch.dcrnn_supervisor - INFO - evaluating now!
2023-07-24 12:46:14,929 - model.pytorch.dcrnn_supervisor - INFO - Epoch [93/1000] (13630) train_mae: 4.5715, val_mae: 4.6859, lr: 0.000001
2023-07-24 12:46:46,295 - model.pytorch.dcrnn_supervisor - INFO - epoch complete
2023-07-24 12:46:46,296 - model.pytorch.dcrnn_supervisor - INFO - evaluating now!
2023-07-24 12:46:48,237 - model.pytorch.dcrnn_supervisor - INFO - Epoch [94/1000] (13775) train_mae: 4.5682, val_mae: 4.6772, lr: 0.000001
2023-07-24 12:47:19,667 - model.pytorch.dcrnn_supervisor - INFO - epoch complete
2023-07-24 12:47:19,668 - model.pytorch.dcrnn_supervisor - INFO - evaluating now!
2023-07-24 12:47:21,718 - model.pytorch.dcrnn_supervisor - INFO - Epoch [95/1000] (13920) train_mae: 4.5722, val_mae: 4.6857, lr: 0.000001
2023-07-24 12:47:52,633 - model.pytorch.dcrnn_supervisor - INFO - epoch complete
2023-07-24 12:47:52,633 - model.pytorch.dcrnn_supervisor - INFO - evaluating now!
2023-07-24 12:47:54,540 - model.pytorch.dcrnn_supervisor - INFO - Epoch [96/1000] (14065) train_mae: 4.5868, val_mae: 4.7174, lr: 0.000001
2023-07-24 12:48:23,728 - model.pytorch.dcrnn_supervisor - INFO - epoch complete
2023-07-24 12:48:23,729 - model.pytorch.dcrnn_supervisor - INFO - evaluating now!
2023-07-24 12:48:25,639 - model.pytorch.dcrnn_supervisor - INFO - Epoch [97/1000] (14210) train_mae: 4.5979, val_mae: 4.6595, lr: 0.000001
2023-07-24 14:54:41,510 - model.pytorch.dcrnn_supervisor - INFO - Log directory: data/model/dcrnn/
2023-07-24 14:55:05,762 - model.pytorch.dcrnn_supervisor - INFO - Model created
2023-07-24 14:55:05,764 - model.pytorch.dcrnn_supervisor - INFO - Start training ...
2023-07-24 14:55:05,764 - model.pytorch.dcrnn_supervisor - INFO - num_batches:145
2023-07-24 14:55:11,330 - model.pytorch.dcrnn_supervisor - INFO - Total trainable parameters 372353
2023-07-24 14:55:41,780 - model.pytorch.dcrnn_supervisor - INFO - epoch complete
2023-07-24 14:55:41,782 - model.pytorch.dcrnn_supervisor - INFO - evaluating now!
2023-07-24 14:55:43,902 - model.pytorch.dcrnn_supervisor - INFO - Epoch [0/1000] (145) train_mae: 6.2859, val_mae: 6.1535, lr: 0.010000
2023-07-24 14:55:43,909 - model.pytorch.dcrnn_supervisor - INFO - Saved model at 0
2023-07-24 14:55:43,909 - model.pytorch.dcrnn_supervisor - INFO - Val loss decrease from inf to 6.1535, saving to data/model/pretrained/YINCHUAN/yc_best
2023-07-24 14:56:14,268 - model.pytorch.dcrnn_supervisor - INFO - epoch complete
2023-07-24 14:56:14,269 - model.pytorch.dcrnn_supervisor - INFO - evaluating now!
2023-07-24 14:56:16,156 - model.pytorch.dcrnn_supervisor - INFO - Epoch [1/1000] (290) train_mae: 4.8450, val_mae: 5.9133, lr: 0.010000
2023-07-24 14:56:16,161 - model.pytorch.dcrnn_supervisor - INFO - Saved model at 1
2023-07-24 14:56:16,161 - model.pytorch.dcrnn_supervisor - INFO - Val loss decrease from 6.1535 to 5.9133, saving to data/model/pretrained/YINCHUAN/yc_best
2023-07-24 14:56:46,349 - model.pytorch.dcrnn_supervisor - INFO - epoch complete
2023-07-24 14:56:46,350 - model.pytorch.dcrnn_supervisor - INFO - evaluating now!
2023-07-24 14:56:48,431 - model.pytorch.dcrnn_supervisor - INFO - Epoch [2/1000] (435) train_mae: 4.7751, val_mae: 5.3079, lr: 0.010000
2023-07-24 14:56:48,436 - model.pytorch.dcrnn_supervisor - INFO - Saved model at 2
2023-07-24 14:56:48,437 - model.pytorch.dcrnn_supervisor - INFO - Val loss decrease from 5.9133 to 5.3079, saving to data/model/pretrained/YINCHUAN/yc_best
2023-07-24 14:57:17,480 - model.pytorch.dcrnn_supervisor - INFO - epoch complete
2023-07-24 14:57:17,481 - model.pytorch.dcrnn_supervisor - INFO - evaluating now!
2023-07-24 14:57:19,302 - model.pytorch.dcrnn_supervisor - INFO - Epoch [3/1000] (580) train_mae: 4.7030, val_mae: 5.0131, lr: 0.010000
2023-07-24 14:57:19,306 - model.pytorch.dcrnn_supervisor - INFO - Saved model at 3
2023-07-24 14:57:19,306 - model.pytorch.dcrnn_supervisor - INFO - Val loss decrease from 5.3079 to 5.0131, saving to data/model/pretrained/YINCHUAN/yc_best
2023-07-24 14:57:48,464 - model.pytorch.dcrnn_supervisor - INFO - epoch complete
2023-07-24 14:57:48,465 - model.pytorch.dcrnn_supervisor - INFO - evaluating now!
2023-07-24 14:57:50,242 - model.pytorch.dcrnn_supervisor - INFO - Epoch [4/1000] (725) train_mae: 4.6445, val_mae: 5.0163, lr: 0.010000
2023-07-24 14:58:19,852 - model.pytorch.dcrnn_supervisor - INFO - epoch complete
2023-07-24 14:58:19,853 - model.pytorch.dcrnn_supervisor - INFO - evaluating now!
2023-07-24 14:58:22,164 - model.pytorch.dcrnn_supervisor - INFO - Epoch [5/1000] (870) train_mae: 4.6365, val_mae: 5.1210, lr: 0.010000
2023-07-24 14:58:51,827 - model.pytorch.dcrnn_supervisor - INFO - epoch complete
2023-07-24 14:58:51,828 - model.pytorch.dcrnn_supervisor - INFO - evaluating now!
2023-07-24 14:58:53,555 - model.pytorch.dcrnn_supervisor - INFO - Epoch [6/1000] (1015) train_mae: 4.6216, val_mae: 4.9268, lr: 0.010000
2023-07-24 14:58:53,560 - model.pytorch.dcrnn_supervisor - INFO - Saved model at 6
2023-07-24 14:58:53,560 - model.pytorch.dcrnn_supervisor - INFO - Val loss decrease from 5.0131 to 4.9268, saving to data/model/pretrained/YINCHUAN/yc_best
2023-07-24 14:59:23,187 - model.pytorch.dcrnn_supervisor - INFO - epoch complete
2023-07-24 14:59:23,188 - model.pytorch.dcrnn_supervisor - INFO - evaluating now!
2023-07-24 14:59:25,099 - model.pytorch.dcrnn_supervisor - INFO - Epoch [7/1000] (1160) train_mae: 4.6162, val_mae: 4.9502, lr: 0.010000
2023-07-24 14:59:54,440 - model.pytorch.dcrnn_supervisor - INFO - epoch complete
2023-07-24 14:59:54,441 - model.pytorch.dcrnn_supervisor - INFO - evaluating now!
2023-07-24 14:59:56,527 - model.pytorch.dcrnn_supervisor - INFO - Epoch [8/1000] (1305) train_mae: 4.5994, val_mae: 4.8085, lr: 0.010000
2023-07-24 14:59:56,533 - model.pytorch.dcrnn_supervisor - INFO - Saved model at 8
2023-07-24 14:59:56,534 - model.pytorch.dcrnn_supervisor - INFO - Val loss decrease from 4.9268 to 4.8085, saving to data/model/pretrained/YINCHUAN/yc_best
2023-07-24 15:00:26,236 - model.pytorch.dcrnn_supervisor - INFO - epoch complete
2023-07-24 15:00:26,237 - model.pytorch.dcrnn_supervisor - INFO - evaluating now!
2023-07-24 15:00:28,126 - model.pytorch.dcrnn_supervisor - INFO - Epoch [9/1000] (1450) train_mae: 4.5997, val_mae: 4.7700, lr: 0.010000
2023-07-24 15:00:28,131 - model.pytorch.dcrnn_supervisor - INFO - Saved model at 9
2023-07-24 15:00:28,131 - model.pytorch.dcrnn_supervisor - INFO - Val loss decrease from 4.8085 to 4.7700, saving to data/model/pretrained/YINCHUAN/yc_best
2023-07-24 15:00:57,615 - model.pytorch.dcrnn_supervisor - INFO - epoch complete
2023-07-24 15:00:57,615 - model.pytorch.dcrnn_supervisor - INFO - evaluating now!
2023-07-24 15:00:59,440 - model.pytorch.dcrnn_supervisor - INFO - Epoch [10/1000] (1595) train_mae: 4.5951, val_mae: 4.8077, lr: 0.010000
2023-07-24 15:01:28,686 - model.pytorch.dcrnn_supervisor - INFO - epoch complete
2023-07-24 15:01:28,687 - model.pytorch.dcrnn_supervisor - INFO - evaluating now!
2023-07-24 15:01:30,663 - model.pytorch.dcrnn_supervisor - INFO - Epoch [11/1000] (1740) train_mae: 4.5774, val_mae: 4.7765, lr: 0.010000
2023-07-24 15:01:59,639 - model.pytorch.dcrnn_supervisor - INFO - epoch complete
2023-07-24 15:01:59,640 - model.pytorch.dcrnn_supervisor - INFO - evaluating now!
2023-07-24 15:02:01,627 - model.pytorch.dcrnn_supervisor - INFO - Epoch [12/1000] (1885) train_mae: 4.5634, val_mae: 4.7867, lr: 0.010000
2023-07-24 15:02:30,677 - model.pytorch.dcrnn_supervisor - INFO - epoch complete
2023-07-24 15:02:30,678 - model.pytorch.dcrnn_supervisor - INFO - evaluating now!
2023-07-24 15:02:32,917 - model.pytorch.dcrnn_supervisor - INFO - Epoch [13/1000] (2030) train_mae: 4.5609, val_mae: 4.7565, lr: 0.010000
2023-07-24 15:02:32,922 - model.pytorch.dcrnn_supervisor - INFO - Saved model at 13
2023-07-24 15:02:32,922 - model.pytorch.dcrnn_supervisor - INFO - Val loss decrease from 4.7700 to 4.7565, saving to data/model/pretrained/YINCHUAN/yc_best
2023-07-24 15:03:02,581 - model.pytorch.dcrnn_supervisor - INFO - epoch complete
2023-07-24 15:03:02,582 - model.pytorch.dcrnn_supervisor - INFO - evaluating now!
2023-07-24 15:03:04,521 - model.pytorch.dcrnn_supervisor - INFO - Epoch [14/1000] (2175) train_mae: 4.5519, val_mae: 4.7300, lr: 0.010000
2023-07-24 15:03:04,526 - model.pytorch.dcrnn_supervisor - INFO - Saved model at 14
2023-07-24 15:03:04,526 - model.pytorch.dcrnn_supervisor - INFO - Val loss decrease from 4.7565 to 4.7300, saving to data/model/pretrained/YINCHUAN/yc_best
2023-07-24 15:03:33,814 - model.pytorch.dcrnn_supervisor - INFO - epoch complete
2023-07-24 15:03:33,815 - model.pytorch.dcrnn_supervisor - INFO - evaluating now!
2023-07-24 15:03:35,775 - model.pytorch.dcrnn_supervisor - INFO - Epoch [15/1000] (2320) train_mae: 4.5602, val_mae: 4.7488, lr: 0.010000
2023-07-24 15:04:06,245 - model.pytorch.dcrnn_supervisor - INFO - epoch complete
2023-07-24 15:04:06,246 - model.pytorch.dcrnn_supervisor - INFO - evaluating now!
2023-07-24 15:04:08,301 - model.pytorch.dcrnn_supervisor - INFO - Epoch [16/1000] (2465) train_mae: 4.5454, val_mae: 4.7307, lr: 0.010000
2023-07-24 15:04:40,858 - model.pytorch.dcrnn_supervisor - INFO - epoch complete
2023-07-24 15:04:40,859 - model.pytorch.dcrnn_supervisor - INFO - evaluating now!
2023-07-24 15:04:42,834 - model.pytorch.dcrnn_supervisor - INFO - Epoch [17/1000] (2610) train_mae: 4.5407, val_mae: 4.7289, lr: 0.010000
2023-07-24 15:04:42,838 - model.pytorch.dcrnn_supervisor - INFO - Saved model at 17
2023-07-24 15:04:42,839 - model.pytorch.dcrnn_supervisor - INFO - Val loss decrease from 4.7300 to 4.7289, saving to data/model/pretrained/YINCHUAN/yc_best
2023-07-24 15:05:14,289 - model.pytorch.dcrnn_supervisor - INFO - epoch complete
2023-07-24 15:05:14,290 - model.pytorch.dcrnn_supervisor - INFO - evaluating now!
2023-07-24 15:05:16,206 - model.pytorch.dcrnn_supervisor - INFO - Epoch [18/1000] (2755) train_mae: 4.5464, val_mae: 4.7014, lr: 0.010000
2023-07-24 15:05:16,212 - model.pytorch.dcrnn_supervisor - INFO - Saved model at 18
2023-07-24 15:05:16,212 - model.pytorch.dcrnn_supervisor - INFO - Val loss decrease from 4.7289 to 4.7014, saving to data/model/pretrained/YINCHUAN/yc_best
2023-07-24 15:05:47,374 - model.pytorch.dcrnn_supervisor - INFO - epoch complete
2023-07-24 15:05:47,374 - model.pytorch.dcrnn_supervisor - INFO - evaluating now!
2023-07-24 15:05:49,276 - model.pytorch.dcrnn_supervisor - INFO - Epoch [19/1000] (2900) train_mae: 4.5361, val_mae: 4.7048, lr: 0.000100
2023-07-24 15:06:18,157 - model.pytorch.dcrnn_supervisor - INFO - epoch complete
2023-07-24 15:06:18,158 - model.pytorch.dcrnn_supervisor - INFO - evaluating now!
2023-07-24 15:06:19,877 - model.pytorch.dcrnn_supervisor - INFO - Epoch [20/1000] (3045) train_mae: 4.5333, val_mae: 4.7265, lr: 0.001000
2023-07-24 15:06:48,644 - model.pytorch.dcrnn_supervisor - INFO - epoch complete
2023-07-24 15:06:48,644 - model.pytorch.dcrnn_supervisor - INFO - evaluating now!
2023-07-24 15:06:50,373 - model.pytorch.dcrnn_supervisor - INFO - Epoch [21/1000] (3190) train_mae: 4.5431, val_mae: 4.6942, lr: 0.001000
2023-07-24 15:06:50,378 - model.pytorch.dcrnn_supervisor - INFO - Saved model at 21
2023-07-24 15:06:50,378 - model.pytorch.dcrnn_supervisor - INFO - Val loss decrease from 4.7014 to 4.6942, saving to data/model/pretrained/YINCHUAN/yc_best
2023-07-24 15:07:19,393 - model.pytorch.dcrnn_supervisor - INFO - epoch complete
2023-07-24 15:07:19,394 - model.pytorch.dcrnn_supervisor - INFO - evaluating now!
2023-07-24 15:07:21,251 - model.pytorch.dcrnn_supervisor - INFO - Epoch [22/1000] (3335) train_mae: 4.5271, val_mae: 4.7009, lr: 0.001000
2023-07-24 15:07:49,874 - model.pytorch.dcrnn_supervisor - INFO - epoch complete
2023-07-24 15:07:49,875 - model.pytorch.dcrnn_supervisor - INFO - evaluating now!
2023-07-24 15:07:51,833 - model.pytorch.dcrnn_supervisor - INFO - Epoch [23/1000] (3480) train_mae: 4.5261, val_mae: 4.6983, lr: 0.001000
2023-07-24 15:08:20,631 - model.pytorch.dcrnn_supervisor - INFO - epoch complete
2023-07-24 15:08:20,632 - model.pytorch.dcrnn_supervisor - INFO - evaluating now!
2023-07-24 15:08:22,484 - model.pytorch.dcrnn_supervisor - INFO - Epoch [24/1000] (3625) train_mae: 4.5261, val_mae: 4.6694, lr: 0.001000
2023-07-24 15:08:22,489 - model.pytorch.dcrnn_supervisor - INFO - Saved model at 24
2023-07-24 15:08:22,490 - model.pytorch.dcrnn_supervisor - INFO - Val loss decrease from 4.6942 to 4.6694, saving to data/model/pretrained/YINCHUAN/yc_best
2023-07-24 15:08:51,703 - model.pytorch.dcrnn_supervisor - INFO - epoch complete
2023-07-24 15:08:51,704 - model.pytorch.dcrnn_supervisor - INFO - evaluating now!
2023-07-24 15:08:53,364 - model.pytorch.dcrnn_supervisor - INFO - Epoch [25/1000] (3770) train_mae: 4.5248, val_mae: 4.6661, lr: 0.001000
2023-07-24 15:08:53,369 - model.pytorch.dcrnn_supervisor - INFO - Saved model at 25
2023-07-24 15:08:53,369 - model.pytorch.dcrnn_supervisor - INFO - Val loss decrease from 4.6694 to 4.6661, saving to data/model/pretrained/YINCHUAN/yc_best
2023-07-24 15:09:21,800 - model.pytorch.dcrnn_supervisor - INFO - epoch complete
2023-07-24 15:09:21,800 - model.pytorch.dcrnn_supervisor - INFO - evaluating now!
2023-07-24 15:09:23,746 - model.pytorch.dcrnn_supervisor - INFO - Epoch [26/1000] (3915) train_mae: 4.5209, val_mae: 4.6769, lr: 0.001000
2023-07-24 15:09:51,877 - model.pytorch.dcrnn_supervisor - INFO - epoch complete
2023-07-24 15:09:51,878 - model.pytorch.dcrnn_supervisor - INFO - evaluating now!
2023-07-24 15:09:53,743 - model.pytorch.dcrnn_supervisor - INFO - Epoch [27/1000] (4060) train_mae: 4.5201, val_mae: 4.7106, lr: 0.001000
2023-07-24 15:10:23,401 - model.pytorch.dcrnn_supervisor - INFO - epoch complete
2023-07-24 15:10:23,402 - model.pytorch.dcrnn_supervisor - INFO - evaluating now!
2023-07-24 15:10:25,278 - model.pytorch.dcrnn_supervisor - INFO - Epoch [28/1000] (4205) train_mae: 4.5170, val_mae: 4.6641, lr: 0.001000
2023-07-24 15:10:25,283 - model.pytorch.dcrnn_supervisor - INFO - Saved model at 28
2023-07-24 15:10:25,283 - model.pytorch.dcrnn_supervisor - INFO - Val loss decrease from 4.6661 to 4.6641, saving to data/model/pretrained/YINCHUAN/yc_best
2023-07-24 15:10:52,763 - model.pytorch.dcrnn_supervisor - INFO - epoch complete
2023-07-24 15:10:52,764 - model.pytorch.dcrnn_supervisor - INFO - evaluating now!
2023-07-24 15:10:54,688 - model.pytorch.dcrnn_supervisor - INFO - Epoch [29/1000] (4350) train_mae: 4.5240, val_mae: 4.6956, lr: 0.000010
2023-07-24 15:11:23,389 - model.pytorch.dcrnn_supervisor - INFO - epoch complete
2023-07-24 15:11:23,390 - model.pytorch.dcrnn_supervisor - INFO - evaluating now!
2023-07-24 15:11:25,464 - model.pytorch.dcrnn_supervisor - INFO - Epoch [30/1000] (4495) train_mae: 4.5173, val_mae: 4.7289, lr: 0.000100
2023-07-24 15:11:53,814 - model.pytorch.dcrnn_supervisor - INFO - epoch complete
2023-07-24 15:11:53,814 - model.pytorch.dcrnn_supervisor - INFO - evaluating now!
2023-07-24 15:11:55,660 - model.pytorch.dcrnn_supervisor - INFO - Epoch [31/1000] (4640) train_mae: 4.5138, val_mae: 4.6878, lr: 0.000100
2023-07-24 15:12:24,002 - model.pytorch.dcrnn_supervisor - INFO - epoch complete
2023-07-24 15:12:24,003 - model.pytorch.dcrnn_supervisor - INFO - evaluating now!
2023-07-24 15:12:25,876 - model.pytorch.dcrnn_supervisor - INFO - Epoch [32/1000] (4785) train_mae: 4.5106, val_mae: 4.6659, lr: 0.000100
2023-07-24 15:12:54,610 - model.pytorch.dcrnn_supervisor - INFO - epoch complete
2023-07-24 15:12:54,611 - model.pytorch.dcrnn_supervisor - INFO - evaluating now!
2023-07-24 15:12:56,282 - model.pytorch.dcrnn_supervisor - INFO - Epoch [33/1000] (4930) train_mae: 4.5085, val_mae: 4.6937, lr: 0.000100
2023-07-24 15:13:24,522 - model.pytorch.dcrnn_supervisor - INFO - epoch complete
2023-07-24 15:13:24,522 - model.pytorch.dcrnn_supervisor - INFO - evaluating now!
2023-07-24 15:13:26,438 - model.pytorch.dcrnn_supervisor - INFO - Epoch [34/1000] (5075) train_mae: 4.5069, val_mae: 4.6650, lr: 0.000100
2023-07-24 15:13:54,908 - model.pytorch.dcrnn_supervisor - INFO - epoch complete
2023-07-24 15:13:54,909 - model.pytorch.dcrnn_supervisor - INFO - evaluating now!
2023-07-24 15:13:56,825 - model.pytorch.dcrnn_supervisor - INFO - Epoch [35/1000] (5220) train_mae: 4.5286, val_mae: 4.6740, lr: 0.000100
2023-07-24 15:14:25,252 - model.pytorch.dcrnn_supervisor - INFO - epoch complete
2023-07-24 15:14:25,252 - model.pytorch.dcrnn_supervisor - INFO - evaluating now!
2023-07-24 15:14:26,969 - model.pytorch.dcrnn_supervisor - INFO - Epoch [36/1000] (5365) train_mae: 4.5016, val_mae: 4.6629, lr: 0.000100
2023-07-24 15:14:26,975 - model.pytorch.dcrnn_supervisor - INFO - Saved model at 36
2023-07-24 15:14:26,975 - model.pytorch.dcrnn_supervisor - INFO - Val loss decrease from 4.6641 to 4.6629, saving to data/model/pretrained/YINCHUAN/yc_best
2023-07-24 15:14:55,243 - model.pytorch.dcrnn_supervisor - INFO - epoch complete
2023-07-24 15:14:55,243 - model.pytorch.dcrnn_supervisor - INFO - evaluating now!
2023-07-24 15:14:57,002 - model.pytorch.dcrnn_supervisor - INFO - Epoch [37/1000] (5510) train_mae: 4.5029, val_mae: 4.6917, lr: 0.000100
2023-07-24 15:15:25,864 - model.pytorch.dcrnn_supervisor - INFO - epoch complete
2023-07-24 15:15:25,864 - model.pytorch.dcrnn_supervisor - INFO - evaluating now!
2023-07-24 15:15:27,768 - model.pytorch.dcrnn_supervisor - INFO - Epoch [38/1000] (5655) train_mae: 4.5022, val_mae: 4.6437, lr: 0.000100
2023-07-24 15:15:27,773 - model.pytorch.dcrnn_supervisor - INFO - Saved model at 38
2023-07-24 15:15:27,773 - model.pytorch.dcrnn_supervisor - INFO - Val loss decrease from 4.6629 to 4.6437, saving to data/model/pretrained/YINCHUAN/yc_best
2023-07-24 15:15:56,394 - model.pytorch.dcrnn_supervisor - INFO - epoch complete
2023-07-24 15:15:56,394 - model.pytorch.dcrnn_supervisor - INFO - evaluating now!
2023-07-24 15:15:58,134 - model.pytorch.dcrnn_supervisor - INFO - Epoch [39/1000] (5800) train_mae: 4.5017, val_mae: 4.6496, lr: 0.000001
2023-07-24 15:16:26,468 - model.pytorch.dcrnn_supervisor - INFO - epoch complete
2023-07-24 15:16:26,468 - model.pytorch.dcrnn_supervisor - INFO - evaluating now!
2023-07-24 15:16:28,199 - model.pytorch.dcrnn_supervisor - INFO - Epoch [40/1000] (5945) train_mae: 4.4990, val_mae: 4.6914, lr: 0.000010
2023-07-24 15:16:56,590 - model.pytorch.dcrnn_supervisor - INFO - epoch complete
2023-07-24 15:16:56,591 - model.pytorch.dcrnn_supervisor - INFO - evaluating now!
2023-07-24 15:16:58,574 - model.pytorch.dcrnn_supervisor - INFO - Epoch [41/1000] (6090) train_mae: 4.5035, val_mae: 4.6488, lr: 0.000010
2023-07-24 15:17:26,947 - model.pytorch.dcrnn_supervisor - INFO - epoch complete
2023-07-24 15:17:26,947 - model.pytorch.dcrnn_supervisor - INFO - evaluating now!
2023-07-24 15:17:28,690 - model.pytorch.dcrnn_supervisor - INFO - Epoch [42/1000] (6235) train_mae: 4.4936, val_mae: 4.6617, lr: 0.000010
2023-07-24 15:17:57,005 - model.pytorch.dcrnn_supervisor - INFO - epoch complete
2023-07-24 15:17:57,005 - model.pytorch.dcrnn_supervisor - INFO - evaluating now!
2023-07-24 15:17:58,923 - model.pytorch.dcrnn_supervisor - INFO - Epoch [43/1000] (6380) train_mae: 4.4973, val_mae: 4.6657, lr: 0.000010
2023-07-24 15:18:27,254 - model.pytorch.dcrnn_supervisor - INFO - epoch complete
2023-07-24 15:18:27,255 - model.pytorch.dcrnn_supervisor - INFO - evaluating now!
2023-07-24 15:18:29,256 - model.pytorch.dcrnn_supervisor - INFO - Epoch [44/1000] (6525) train_mae: 4.4914, val_mae: 4.6811, lr: 0.000010
2023-07-24 15:18:57,294 - model.pytorch.dcrnn_supervisor - INFO - epoch complete
2023-07-24 15:18:57,294 - model.pytorch.dcrnn_supervisor - INFO - evaluating now!
2023-07-24 15:18:59,214 - model.pytorch.dcrnn_supervisor - INFO - Epoch [45/1000] (6670) train_mae: 4.4905, val_mae: 4.6816, lr: 0.000010
2023-07-24 15:19:27,382 - model.pytorch.dcrnn_supervisor - INFO - epoch complete
2023-07-24 15:19:27,383 - model.pytorch.dcrnn_supervisor - INFO - evaluating now!
2023-07-24 15:19:29,086 - model.pytorch.dcrnn_supervisor - INFO - Epoch [46/1000] (6815) train_mae: 4.4874, val_mae: 4.6733, lr: 0.000010
2023-07-24 15:19:57,638 - model.pytorch.dcrnn_supervisor - INFO - epoch complete
2023-07-24 15:19:57,638 - model.pytorch.dcrnn_supervisor - INFO - evaluating now!
2023-07-24 15:19:59,586 - model.pytorch.dcrnn_supervisor - INFO - Epoch [47/1000] (6960) train_mae: 4.4871, val_mae: 4.6571, lr: 0.000010
2023-07-24 15:20:27,569 - model.pytorch.dcrnn_supervisor - INFO - epoch complete
2023-07-24 15:20:27,570 - model.pytorch.dcrnn_supervisor - INFO - evaluating now!
2023-07-24 15:20:29,595 - model.pytorch.dcrnn_supervisor - INFO - Epoch [48/1000] (7105) train_mae: 4.4912, val_mae: 4.6774, lr: 0.000010
2023-07-24 15:20:58,133 - model.pytorch.dcrnn_supervisor - INFO - epoch complete
2023-07-24 15:20:58,134 - model.pytorch.dcrnn_supervisor - INFO - evaluating now!
2023-07-24 15:20:59,983 - model.pytorch.dcrnn_supervisor - INFO - Epoch [49/1000] (7250) train_mae: 4.4873, val_mae: 4.6604, lr: 0.000000
2023-07-24 15:21:29,279 - model.pytorch.dcrnn_supervisor - INFO - epoch complete
2023-07-24 15:21:29,280 - model.pytorch.dcrnn_supervisor - INFO - evaluating now!
2023-07-24 15:21:31,044 - model.pytorch.dcrnn_supervisor - INFO - Epoch [50/1000] (7395) train_mae: 4.4886, val_mae: 4.6728, lr: 0.000001
2023-07-24 15:22:00,196 - model.pytorch.dcrnn_supervisor - INFO - epoch complete
2023-07-24 15:22:00,196 - model.pytorch.dcrnn_supervisor - INFO - evaluating now!
2023-07-24 15:22:01,915 - model.pytorch.dcrnn_supervisor - INFO - Epoch [51/1000] (7540) train_mae: 4.4852, val_mae: 4.6503, lr: 0.000001
2023-07-24 15:22:31,878 - model.pytorch.dcrnn_supervisor - INFO - epoch complete
2023-07-24 15:22:31,878 - model.pytorch.dcrnn_supervisor - INFO - evaluating now!
2023-07-24 15:22:33,701 - model.pytorch.dcrnn_supervisor - INFO - Epoch [52/1000] (7685) train_mae: 4.4813, val_mae: 4.6611, lr: 0.000001
2023-07-24 15:23:05,642 - model.pytorch.dcrnn_supervisor - INFO - epoch complete
2023-07-24 15:23:05,643 - model.pytorch.dcrnn_supervisor - INFO - evaluating now!
2023-07-24 15:23:07,692 - model.pytorch.dcrnn_supervisor - INFO - Epoch [53/1000] (7830) train_mae: 4.4828, val_mae: 4.6771, lr: 0.000001
2023-07-24 15:23:39,864 - model.pytorch.dcrnn_supervisor - INFO - epoch complete
2023-07-24 15:23:39,864 - model.pytorch.dcrnn_supervisor - INFO - evaluating now!
2023-07-24 15:23:41,841 - model.pytorch.dcrnn_supervisor - INFO - Epoch [54/1000] (7975) train_mae: 4.4858, val_mae: 4.6687, lr: 0.000001
2023-07-24 15:24:13,502 - model.pytorch.dcrnn_supervisor - INFO - epoch complete
2023-07-24 15:24:13,503 - model.pytorch.dcrnn_supervisor - INFO - evaluating now!
2023-07-24 15:24:15,519 - model.pytorch.dcrnn_supervisor - INFO - Epoch [55/1000] (8120) train_mae: 4.4879, val_mae: 4.6857, lr: 0.000001
2023-07-24 15:24:45,334 - model.pytorch.dcrnn_supervisor - INFO - epoch complete
2023-07-24 15:24:45,334 - model.pytorch.dcrnn_supervisor - INFO - evaluating now!
2023-07-24 15:24:47,309 - model.pytorch.dcrnn_supervisor - INFO - Epoch [56/1000] (8265) train_mae: 4.4834, val_mae: 4.6570, lr: 0.000001
2023-07-24 15:25:15,069 - model.pytorch.dcrnn_supervisor - INFO - epoch complete
2023-07-24 15:25:15,070 - model.pytorch.dcrnn_supervisor - INFO - evaluating now!
2023-07-24 15:25:16,938 - model.pytorch.dcrnn_supervisor - INFO - Epoch [57/1000] (8410) train_mae: 4.4843, val_mae: 4.6881, lr: 0.000001
2023-07-24 15:25:44,944 - model.pytorch.dcrnn_supervisor - INFO - epoch complete
2023-07-24 15:25:44,945 - model.pytorch.dcrnn_supervisor - INFO - evaluating now!
2023-07-24 15:25:46,887 - model.pytorch.dcrnn_supervisor - INFO - Epoch [58/1000] (8555) train_mae: 4.4797, val_mae: 4.6649, lr: 0.000001
2023-07-24 15:26:14,946 - model.pytorch.dcrnn_supervisor - INFO - epoch complete
2023-07-24 15:26:14,946 - model.pytorch.dcrnn_supervisor - INFO - evaluating now!
2023-07-24 15:26:16,874 - model.pytorch.dcrnn_supervisor - INFO - Epoch [59/1000] (8700) train_mae: 4.4767, val_mae: 4.6559, lr: 0.000001
2023-07-24 15:26:44,876 - model.pytorch.dcrnn_supervisor - INFO - epoch complete
2023-07-24 15:26:44,877 - model.pytorch.dcrnn_supervisor - INFO - evaluating now!
2023-07-24 15:26:46,789 - model.pytorch.dcrnn_supervisor - INFO - Epoch [60/1000] (8845) train_mae: 4.4827, val_mae: 4.6709, lr: 0.000001
2023-07-24 15:27:15,343 - model.pytorch.dcrnn_supervisor - INFO - epoch complete
2023-07-24 15:27:15,344 - model.pytorch.dcrnn_supervisor - INFO - evaluating now!
2023-07-24 15:27:17,279 - model.pytorch.dcrnn_supervisor - INFO - Epoch [61/1000] (8990) train_mae: 4.4760, val_mae: 4.6996, lr: 0.000001
2023-07-24 15:27:45,441 - model.pytorch.dcrnn_supervisor - INFO - epoch complete
2023-07-24 15:27:45,442 - model.pytorch.dcrnn_supervisor - INFO - evaluating now!
2023-07-24 15:27:47,341 - model.pytorch.dcrnn_supervisor - INFO - Epoch [62/1000] (9135) train_mae: 4.4755, val_mae: 4.6757, lr: 0.000001
2023-07-24 15:28:15,633 - model.pytorch.dcrnn_supervisor - INFO - epoch complete
2023-07-24 15:28:15,635 - model.pytorch.dcrnn_supervisor - INFO - evaluating now!
2023-07-24 15:28:17,547 - model.pytorch.dcrnn_supervisor - INFO - Epoch [63/1000] (9280) train_mae: 4.4810, val_mae: 4.6814, lr: 0.000001
2023-07-24 15:28:45,950 - model.pytorch.dcrnn_supervisor - INFO - epoch complete
2023-07-24 15:28:45,950 - model.pytorch.dcrnn_supervisor - INFO - evaluating now!
2023-07-24 15:28:47,716 - model.pytorch.dcrnn_supervisor - INFO - Epoch [64/1000] (9425) train_mae: 4.4810, val_mae: 4.6834, lr: 0.000001
2023-07-24 15:29:15,562 - model.pytorch.dcrnn_supervisor - INFO - epoch complete
2023-07-24 15:29:15,565 - model.pytorch.dcrnn_supervisor - INFO - evaluating now!
2023-07-24 15:29:17,355 - model.pytorch.dcrnn_supervisor - INFO - Epoch [65/1000] (9570) train_mae: 4.4885, val_mae: 4.6835, lr: 0.000001
2023-07-24 15:29:45,302 - model.pytorch.dcrnn_supervisor - INFO - epoch complete
2023-07-24 15:29:45,303 - model.pytorch.dcrnn_supervisor - INFO - evaluating now!
2023-07-24 15:29:47,168 - model.pytorch.dcrnn_supervisor - INFO - Epoch [66/1000] (9715) train_mae: 4.4773, val_mae: 4.6817, lr: 0.000001
2023-07-24 15:30:14,788 - model.pytorch.dcrnn_supervisor - INFO - epoch complete
2023-07-24 15:30:14,789 - model.pytorch.dcrnn_supervisor - INFO - evaluating now!
2023-07-24 15:30:16,675 - model.pytorch.dcrnn_supervisor - INFO - Epoch [67/1000] (9860) train_mae: 4.4763, val_mae: 4.6793, lr: 0.000001
2023-07-24 15:30:44,693 - model.pytorch.dcrnn_supervisor - INFO - epoch complete
2023-07-24 15:30:44,693 - model.pytorch.dcrnn_supervisor - INFO - evaluating now!
2023-07-24 15:30:46,495 - model.pytorch.dcrnn_supervisor - INFO - Epoch [68/1000] (10005) train_mae: 4.4804, val_mae: 4.6815, lr: 0.000001
2023-07-24 15:31:14,048 - model.pytorch.dcrnn_supervisor - INFO - epoch complete
2023-07-24 15:31:14,049 - model.pytorch.dcrnn_supervisor - INFO - evaluating now!
2023-07-24 15:31:15,950 - model.pytorch.dcrnn_supervisor - INFO - Epoch [69/1000] (10150) train_mae: 4.4810, val_mae: 4.6842, lr: 0.000001
2023-07-24 15:31:43,732 - model.pytorch.dcrnn_supervisor - INFO - epoch complete
2023-07-24 15:31:43,733 - model.pytorch.dcrnn_supervisor - INFO - evaluating now!
2023-07-24 15:31:45,663 - model.pytorch.dcrnn_supervisor - INFO - Epoch [70/1000] (10295) train_mae: 4.4836, val_mae: 4.6915, lr: 0.000001
2023-07-24 15:32:13,356 - model.pytorch.dcrnn_supervisor - INFO - epoch complete
2023-07-24 15:32:13,357 - model.pytorch.dcrnn_supervisor - INFO - evaluating now!
2023-07-24 15:32:15,275 - model.pytorch.dcrnn_supervisor - INFO - Epoch [71/1000] (10440) train_mae: 4.4848, val_mae: 4.6837, lr: 0.000001
2023-07-24 15:32:43,223 - model.pytorch.dcrnn_supervisor - INFO - epoch complete
2023-07-24 15:32:43,224 - model.pytorch.dcrnn_supervisor - INFO - evaluating now!
2023-07-24 15:32:45,052 - model.pytorch.dcrnn_supervisor - INFO - Epoch [72/1000] (10585) train_mae: 4.4857, val_mae: 4.6718, lr: 0.000001
2023-07-24 15:33:12,138 - model.pytorch.dcrnn_supervisor - INFO - epoch complete
2023-07-24 15:33:12,139 - model.pytorch.dcrnn_supervisor - INFO - evaluating now!
2023-07-24 15:33:14,073 - model.pytorch.dcrnn_supervisor - INFO - Epoch [73/1000] (10730) train_mae: 4.4846, val_mae: 4.6841, lr: 0.000001
2023-07-24 15:33:41,878 - model.pytorch.dcrnn_supervisor - INFO - epoch complete
2023-07-24 15:33:41,879 - model.pytorch.dcrnn_supervisor - INFO - evaluating now!
2023-07-24 15:33:43,547 - model.pytorch.dcrnn_supervisor - INFO - Epoch [74/1000] (10875) train_mae: 4.4834, val_mae: 4.7151, lr: 0.000001
2023-07-24 15:34:10,359 - model.pytorch.dcrnn_supervisor - INFO - epoch complete
2023-07-24 15:34:10,360 - model.pytorch.dcrnn_supervisor - INFO - evaluating now!
2023-07-24 15:34:12,280 - model.pytorch.dcrnn_supervisor - INFO - Epoch [75/1000] (11020) train_mae: 4.4934, val_mae: 4.6960, lr: 0.000001
2023-07-24 15:34:38,705 - model.pytorch.dcrnn_supervisor - INFO - epoch complete
2023-07-24 15:34:38,706 - model.pytorch.dcrnn_supervisor - INFO - evaluating now!
2023-07-24 15:34:40,663 - model.pytorch.dcrnn_supervisor - INFO - Epoch [76/1000] (11165) train_mae: 4.4959, val_mae: 4.6828, lr: 0.000001
2023-07-24 15:35:08,349 - model.pytorch.dcrnn_supervisor - INFO - epoch complete
2023-07-24 15:35:08,350 - model.pytorch.dcrnn_supervisor - INFO - evaluating now!
2023-07-24 15:35:10,136 - model.pytorch.dcrnn_supervisor - INFO - Epoch [77/1000] (11310) train_mae: 4.4954, val_mae: 4.7137, lr: 0.000001
2023-07-24 15:35:37,910 - model.pytorch.dcrnn_supervisor - INFO - epoch complete
2023-07-24 15:35:37,910 - model.pytorch.dcrnn_supervisor - INFO - evaluating now!
2023-07-24 15:35:39,756 - model.pytorch.dcrnn_supervisor - INFO - Epoch [78/1000] (11455) train_mae: 4.4987, val_mae: 4.7164, lr: 0.000001
2023-07-24 15:36:07,295 - model.pytorch.dcrnn_supervisor - INFO - epoch complete
2023-07-24 15:36:07,296 - model.pytorch.dcrnn_supervisor - INFO - evaluating now!
2023-07-24 15:36:09,241 - model.pytorch.dcrnn_supervisor - INFO - Epoch [79/1000] (11600) train_mae: 4.5085, val_mae: 4.6898, lr: 0.000001
2023-07-24 15:36:36,565 - model.pytorch.dcrnn_supervisor - INFO - epoch complete
2023-07-24 15:36:36,566 - model.pytorch.dcrnn_supervisor - INFO - evaluating now!
2023-07-24 15:36:38,452 - model.pytorch.dcrnn_supervisor - INFO - Epoch [80/1000] (11745) train_mae: 4.5030, val_mae: 4.6926, lr: 0.000001
2023-07-24 15:37:06,081 - model.pytorch.dcrnn_supervisor - INFO - epoch complete
2023-07-24 15:37:06,082 - model.pytorch.dcrnn_supervisor - INFO - evaluating now!
2023-07-24 15:37:07,992 - model.pytorch.dcrnn_supervisor - INFO - Epoch [81/1000] (11890) train_mae: 4.5102, val_mae: 4.6709, lr: 0.000001
2023-07-24 15:37:35,142 - model.pytorch.dcrnn_supervisor - INFO - epoch complete
2023-07-24 15:37:35,143 - model.pytorch.dcrnn_supervisor - INFO - evaluating now!
2023-07-24 15:37:37,095 - model.pytorch.dcrnn_supervisor - INFO - Epoch [82/1000] (12035) train_mae: 4.5232, val_mae: 4.6677, lr: 0.000001
2023-07-24 15:38:04,662 - model.pytorch.dcrnn_supervisor - INFO - epoch complete
2023-07-24 15:38:04,663 - model.pytorch.dcrnn_supervisor - INFO - evaluating now!
2023-07-24 15:38:06,583 - model.pytorch.dcrnn_supervisor - INFO - Epoch [83/1000] (12180) train_mae: 4.5178, val_mae: 4.7095, lr: 0.000001
2023-07-24 15:38:34,056 - model.pytorch.dcrnn_supervisor - INFO - epoch complete
2023-07-24 15:38:34,057 - model.pytorch.dcrnn_supervisor - INFO - evaluating now!
2023-07-24 15:38:35,977 - model.pytorch.dcrnn_supervisor - INFO - Epoch [84/1000] (12325) train_mae: 4.5179, val_mae: 4.6721, lr: 0.000001
2023-07-24 15:39:02,590 - model.pytorch.dcrnn_supervisor - INFO - epoch complete
2023-07-24 15:39:02,591 - model.pytorch.dcrnn_supervisor - INFO - evaluating now!
2023-07-24 15:39:04,478 - model.pytorch.dcrnn_supervisor - INFO - Epoch [85/1000] (12470) train_mae: 4.5259, val_mae: 4.6762, lr: 0.000001
2023-07-24 15:39:30,888 - model.pytorch.dcrnn_supervisor - INFO - epoch complete
2023-07-24 15:39:30,889 - model.pytorch.dcrnn_supervisor - INFO - evaluating now!
2023-07-24 15:39:32,848 - model.pytorch.dcrnn_supervisor - INFO - Epoch [86/1000] (12615) train_mae: 4.5271, val_mae: 4.6724, lr: 0.000001
2023-07-24 15:40:00,103 - model.pytorch.dcrnn_supervisor - INFO - epoch complete
2023-07-24 15:40:00,104 - model.pytorch.dcrnn_supervisor - INFO - evaluating now!
2023-07-24 15:40:02,046 - model.pytorch.dcrnn_supervisor - INFO - Epoch [87/1000] (12760) train_mae: 4.5203, val_mae: 4.6864, lr: 0.000001
2023-07-24 15:40:29,000 - model.pytorch.dcrnn_supervisor - INFO - epoch complete
2023-07-24 15:40:29,001 - model.pytorch.dcrnn_supervisor - INFO - evaluating now!
2023-07-24 15:40:30,782 - model.pytorch.dcrnn_supervisor - INFO - Epoch [88/1000] (12905) train_mae: 4.5215, val_mae: 4.6977, lr: 0.000001
2023-07-24 15:40:57,632 - model.pytorch.dcrnn_supervisor - INFO - epoch complete
2023-07-24 15:40:57,633 - model.pytorch.dcrnn_supervisor - INFO - evaluating now!
2023-07-24 15:40:59,766 - model.pytorch.dcrnn_supervisor - INFO - Epoch [89/1000] (13050) train_mae: 4.5460, val_mae: 4.7144, lr: 0.000001
2023-07-24 15:41:27,664 - model.pytorch.dcrnn_supervisor - INFO - epoch complete
2023-07-24 15:41:27,665 - model.pytorch.dcrnn_supervisor - INFO - evaluating now!
2023-07-24 15:41:29,612 - model.pytorch.dcrnn_supervisor - INFO - Epoch [90/1000] (13195) train_mae: 4.5451, val_mae: 4.6974, lr: 0.000001
2023-07-24 15:41:57,678 - model.pytorch.dcrnn_supervisor - INFO - epoch complete
2023-07-24 15:41:57,678 - model.pytorch.dcrnn_supervisor - INFO - evaluating now!
2023-07-24 15:41:59,603 - model.pytorch.dcrnn_supervisor - INFO - Epoch [91/1000] (13340) train_mae: 4.5464, val_mae: 4.6880, lr: 0.000001
2023-07-24 15:42:27,737 - model.pytorch.dcrnn_supervisor - INFO - epoch complete
2023-07-24 15:42:27,738 - model.pytorch.dcrnn_supervisor - INFO - evaluating now!
2023-07-24 15:42:29,666 - model.pytorch.dcrnn_supervisor - INFO - Epoch [92/1000] (13485) train_mae: 4.5502, val_mae: 4.7215, lr: 0.000001
2023-07-24 15:42:56,688 - model.pytorch.dcrnn_supervisor - INFO - epoch complete
2023-07-24 15:42:56,688 - model.pytorch.dcrnn_supervisor - INFO - evaluating now!
2023-07-24 15:42:58,596 - model.pytorch.dcrnn_supervisor - INFO - Epoch [93/1000] (13630) train_mae: 4.5722, val_mae: 4.8615, lr: 0.000001
2023-07-24 15:43:25,551 - model.pytorch.dcrnn_supervisor - INFO - epoch complete
2023-07-24 15:43:25,552 - model.pytorch.dcrnn_supervisor - INFO - evaluating now!
2023-07-24 15:43:27,464 - model.pytorch.dcrnn_supervisor - INFO - Epoch [94/1000] (13775) train_mae: 4.5677, val_mae: 4.7056, lr: 0.000001
2023-07-24 15:43:55,334 - model.pytorch.dcrnn_supervisor - INFO - epoch complete
2023-07-24 15:43:55,334 - model.pytorch.dcrnn_supervisor - INFO - evaluating now!
2023-07-24 15:43:57,242 - model.pytorch.dcrnn_supervisor - INFO - Epoch [95/1000] (13920) train_mae: 4.5782, val_mae: 4.6605, lr: 0.000001
2023-07-24 15:44:24,554 - model.pytorch.dcrnn_supervisor - INFO - epoch complete
2023-07-24 15:44:24,554 - model.pytorch.dcrnn_supervisor - INFO - evaluating now!
2023-07-24 15:44:26,192 - model.pytorch.dcrnn_supervisor - INFO - Epoch [96/1000] (14065) train_mae: 4.5873, val_mae: 4.7046, lr: 0.000001
2023-07-24 15:44:53,696 - model.pytorch.dcrnn_supervisor - INFO - epoch complete
2023-07-24 15:44:53,697 - model.pytorch.dcrnn_supervisor - INFO - evaluating now!
2023-07-24 15:44:55,559 - model.pytorch.dcrnn_supervisor - INFO - Epoch [97/1000] (14210) train_mae: 4.5772, val_mae: 4.6992, lr: 0.000001
2023-07-24 15:45:22,476 - model.pytorch.dcrnn_supervisor - INFO - epoch complete
2023-07-24 15:45:22,476 - model.pytorch.dcrnn_supervisor - INFO - evaluating now!
2023-07-24 15:45:24,361 - model.pytorch.dcrnn_supervisor - INFO - Epoch [98/1000] (14355) train_mae: 4.5923, val_mae: 4.6728, lr: 0.000001
2023-07-24 15:45:51,455 - model.pytorch.dcrnn_supervisor - INFO - epoch complete
2023-07-24 15:45:51,456 - model.pytorch.dcrnn_supervisor - INFO - evaluating now!
2023-07-24 15:45:53,234 - model.pytorch.dcrnn_supervisor - INFO - Epoch [99/1000] (14500) train_mae: 4.5877, val_mae: 4.6922, lr: 0.000001
2023-07-24 15:46:20,625 - model.pytorch.dcrnn_supervisor - INFO - epoch complete
2023-07-24 15:46:20,625 - model.pytorch.dcrnn_supervisor - INFO - evaluating now!
2023-07-24 15:46:22,419 - model.pytorch.dcrnn_supervisor - INFO - Epoch [100/1000] (14645) train_mae: 4.5962, val_mae: 4.6752, lr: 0.000001
2023-07-24 15:46:49,932 - model.pytorch.dcrnn_supervisor - INFO - epoch complete
2023-07-24 15:46:49,932 - model.pytorch.dcrnn_supervisor - INFO - evaluating now!
2023-07-24 15:46:51,854 - model.pytorch.dcrnn_supervisor - INFO - Epoch [101/1000] (14790) train_mae: 4.6201, val_mae: 4.7192, lr: 0.000001
2023-07-30 16:19:40,105 - model.pytorch.dcrnn_supervisor - INFO - Log directory: data/model/dcrnn/
2023-07-30 16:20:08,015 - model.pytorch.dcrnn_supervisor - INFO - Model created
2023-07-30 16:20:08,016 - model.pytorch.dcrnn_supervisor - INFO - Start training ...
2023-07-30 16:20:08,016 - model.pytorch.dcrnn_supervisor - INFO - num_batches:145
2023-07-30 16:20:08,813 - model.pytorch.dcrnn_supervisor - INFO - Total trainable parameters 372353
2023-07-30 16:23:14,133 - model.pytorch.dcrnn_supervisor - INFO - epoch complete
2023-07-30 16:23:14,135 - model.pytorch.dcrnn_supervisor - INFO - evaluating now!
2023-07-30 16:23:27,471 - model.pytorch.dcrnn_supervisor - INFO - Epoch [0/1000] (145) train_mae: 6.5604, val_mae: 5.3334, lr: 0.010000
2023-07-30 16:23:27,476 - model.pytorch.dcrnn_supervisor - INFO - Saved model at 0
2023-07-30 16:23:27,476 - model.pytorch.dcrnn_supervisor - INFO - Val loss decrease from inf to 5.3334, saving to data/model/pretrained/YINCHUAN/yc_best
2023-07-30 16:26:34,016 - model.pytorch.dcrnn_supervisor - INFO - epoch complete
2023-07-30 16:26:34,017 - model.pytorch.dcrnn_supervisor - INFO - evaluating now!
2023-07-30 16:26:47,415 - model.pytorch.dcrnn_supervisor - INFO - Epoch [1/1000] (290) train_mae: 4.7698, val_mae: 5.2992, lr: 0.010000
2023-07-30 16:26:47,421 - model.pytorch.dcrnn_supervisor - INFO - Saved model at 1
2023-07-30 16:26:47,421 - model.pytorch.dcrnn_supervisor - INFO - Val loss decrease from 5.3334 to 5.2992, saving to data/model/pretrained/YINCHUAN/yc_best
2023-07-30 16:29:54,566 - model.pytorch.dcrnn_supervisor - INFO - epoch complete
2023-07-30 16:29:54,567 - model.pytorch.dcrnn_supervisor - INFO - evaluating now!
2023-07-30 16:30:07,972 - model.pytorch.dcrnn_supervisor - INFO - Epoch [2/1000] (435) train_mae: 4.6628, val_mae: 5.0192, lr: 0.010000
2023-07-30 16:30:07,977 - model.pytorch.dcrnn_supervisor - INFO - Saved model at 2
2023-07-30 16:30:07,977 - model.pytorch.dcrnn_supervisor - INFO - Val loss decrease from 5.2992 to 5.0192, saving to data/model/pretrained/YINCHUAN/yc_best
2023-07-30 16:33:15,980 - model.pytorch.dcrnn_supervisor - INFO - epoch complete
2023-07-30 16:33:15,981 - model.pytorch.dcrnn_supervisor - INFO - evaluating now!
2023-07-30 16:33:29,438 - model.pytorch.dcrnn_supervisor - INFO - Epoch [3/1000] (580) train_mae: 4.6183, val_mae: 4.9721, lr: 0.010000
2023-07-30 16:33:29,443 - model.pytorch.dcrnn_supervisor - INFO - Saved model at 3
2023-07-30 16:33:29,443 - model.pytorch.dcrnn_supervisor - INFO - Val loss decrease from 5.0192 to 4.9721, saving to data/model/pretrained/YINCHUAN/yc_best
2023-07-30 16:36:36,022 - model.pytorch.dcrnn_supervisor - INFO - epoch complete
2023-07-30 16:36:36,023 - model.pytorch.dcrnn_supervisor - INFO - evaluating now!
2023-07-30 16:36:49,447 - model.pytorch.dcrnn_supervisor - INFO - Epoch [4/1000] (725) train_mae: 4.5745, val_mae: 5.3972, lr: 0.010000
2023-07-30 16:39:54,956 - model.pytorch.dcrnn_supervisor - INFO - epoch complete
2023-07-30 16:39:54,957 - model.pytorch.dcrnn_supervisor - INFO - evaluating now!
2023-07-30 16:40:08,509 - model.pytorch.dcrnn_supervisor - INFO - Epoch [5/1000] (870) train_mae: 4.5048, val_mae: 4.7611, lr: 0.010000
2023-07-30 16:40:08,514 - model.pytorch.dcrnn_supervisor - INFO - Saved model at 5
2023-07-30 16:40:08,515 - model.pytorch.dcrnn_supervisor - INFO - Val loss decrease from 4.9721 to 4.7611, saving to data/model/pretrained/YINCHUAN/yc_best
2023-07-30 16:40:25,659 - model.pytorch.dcrnn_supervisor - INFO - Log directory: data/model/dcrnn/
2023-07-30 16:41:00,319 - model.pytorch.dcrnn_supervisor - INFO - Model created
2023-07-30 16:41:00,320 - model.pytorch.dcrnn_supervisor - INFO - Start training ...
2023-07-30 16:41:00,320 - model.pytorch.dcrnn_supervisor - INFO - num_batches:145
2023-07-30 16:41:01,265 - model.pytorch.dcrnn_supervisor - INFO - Total trainable parameters 372353
2023-07-30 16:44:08,305 - model.pytorch.dcrnn_supervisor - INFO - epoch complete
2023-07-30 16:44:08,308 - model.pytorch.dcrnn_supervisor - INFO - evaluating now!
2023-07-30 16:44:21,894 - model.pytorch.dcrnn_supervisor - INFO - Epoch [0/1000] (145) train_mae: 6.6655, val_mae: 6.5475, lr: 0.010000
2023-07-30 16:44:21,900 - model.pytorch.dcrnn_supervisor - INFO - Saved model at 0
2023-07-30 16:44:21,900 - model.pytorch.dcrnn_supervisor - INFO - Val loss decrease from inf to 6.5475, saving to data/model/pretrained/YINCHUAN/yc_best
2023-07-30 16:47:29,546 - model.pytorch.dcrnn_supervisor - INFO - epoch complete
2023-07-30 16:47:29,547 - model.pytorch.dcrnn_supervisor - INFO - evaluating now!
2023-07-30 16:47:43,283 - model.pytorch.dcrnn_supervisor - INFO - Epoch [1/1000] (290) train_mae: 4.8045, val_mae: 5.1518, lr: 0.010000
2023-07-30 16:47:43,288 - model.pytorch.dcrnn_supervisor - INFO - Saved model at 1
2023-07-30 16:47:43,288 - model.pytorch.dcrnn_supervisor - INFO - Val loss decrease from 6.5475 to 5.1518, saving to data/model/pretrained/YINCHUAN/yc_best
2023-07-30 16:50:53,044 - model.pytorch.dcrnn_supervisor - INFO - epoch complete
2023-07-30 16:50:53,045 - model.pytorch.dcrnn_supervisor - INFO - evaluating now!
2023-07-30 16:51:06,602 - model.pytorch.dcrnn_supervisor - INFO - Epoch [2/1000] (435) train_mae: 4.7025, val_mae: 5.3765, lr: 0.010000
2023-07-30 16:54:12,231 - model.pytorch.dcrnn_supervisor - INFO - epoch complete
2023-07-30 16:54:12,231 - model.pytorch.dcrnn_supervisor - INFO - evaluating now!
2023-07-30 16:54:25,767 - model.pytorch.dcrnn_supervisor - INFO - Epoch [3/1000] (580) train_mae: 4.6271, val_mae: 4.9666, lr: 0.010000
2023-07-30 16:54:25,772 - model.pytorch.dcrnn_supervisor - INFO - Saved model at 3
2023-07-30 16:54:25,772 - model.pytorch.dcrnn_supervisor - INFO - Val loss decrease from 5.1518 to 4.9666, saving to data/model/pretrained/YINCHUAN/yc_best
2023-07-30 16:57:32,031 - model.pytorch.dcrnn_supervisor - INFO - epoch complete
2023-07-30 16:57:32,032 - model.pytorch.dcrnn_supervisor - INFO - evaluating now!
2023-07-30 16:57:45,482 - model.pytorch.dcrnn_supervisor - INFO - Epoch [4/1000] (725) train_mae: 4.6504, val_mae: 4.9302, lr: 0.010000
2023-07-30 16:57:45,486 - model.pytorch.dcrnn_supervisor - INFO - Saved model at 4
2023-07-30 16:57:45,486 - model.pytorch.dcrnn_supervisor - INFO - Val loss decrease from 4.9666 to 4.9302, saving to data/model/pretrained/YINCHUAN/yc_best
2023-07-30 17:13:14,543 - model.pytorch.dcrnn_supervisor - INFO - epoch complete
2023-07-30 17:13:14,545 - model.pytorch.dcrnn_supervisor - INFO - evaluating now!
2023-07-30 17:13:35,854 - model.pytorch.dcrnn_supervisor - INFO - Epoch [5/1000] (870) train_mae: 4.5137, val_mae: 4.8292, lr: 0.010000
2023-07-30 17:13:35,859 - model.pytorch.dcrnn_supervisor - INFO - Saved model at 5
2023-07-30 17:13:35,859 - model.pytorch.dcrnn_supervisor - INFO - Val loss decrease from 4.9302 to 4.8292, saving to data/model/pretrained/YINCHUAN/yc_best
2023-07-30 17:16:42,439 - model.pytorch.dcrnn_supervisor - INFO - epoch complete
2023-07-30 17:16:42,439 - model.pytorch.dcrnn_supervisor - INFO - evaluating now!
2023-07-30 17:16:55,885 - model.pytorch.dcrnn_supervisor - INFO - Epoch [6/1000] (1015) train_mae: 4.5060, val_mae: 4.9604, lr: 0.010000
2023-07-30 17:20:02,958 - model.pytorch.dcrnn_supervisor - INFO - epoch complete
2023-07-30 17:20:02,958 - model.pytorch.dcrnn_supervisor - INFO - evaluating now!
2023-07-30 17:20:16,563 - model.pytorch.dcrnn_supervisor - INFO - Epoch [7/1000] (1160) train_mae: 4.4368, val_mae: 4.9049, lr: 0.010000
2023-07-30 17:23:22,978 - model.pytorch.dcrnn_supervisor - INFO - epoch complete
2023-07-30 17:23:22,979 - model.pytorch.dcrnn_supervisor - INFO - evaluating now!
2023-07-30 17:23:36,585 - model.pytorch.dcrnn_supervisor - INFO - Epoch [8/1000] (1305) train_mae: 4.3815, val_mae: 4.7338, lr: 0.010000
2023-07-30 17:23:36,591 - model.pytorch.dcrnn_supervisor - INFO - Saved model at 8
2023-07-30 17:23:36,591 - model.pytorch.dcrnn_supervisor - INFO - Val loss decrease from 4.8292 to 4.7338, saving to data/model/pretrained/YINCHUAN/yc_best
2023-07-30 17:26:44,282 - model.pytorch.dcrnn_supervisor - INFO - epoch complete
2023-07-30 17:26:44,284 - model.pytorch.dcrnn_supervisor - INFO - evaluating now!
2023-07-30 17:26:57,807 - model.pytorch.dcrnn_supervisor - INFO - Epoch [9/1000] (1450) train_mae: 4.3261, val_mae: 4.7729, lr: 0.010000
2023-07-30 17:30:04,674 - model.pytorch.dcrnn_supervisor - INFO - epoch complete
2023-07-30 17:30:04,675 - model.pytorch.dcrnn_supervisor - INFO - evaluating now!
2023-07-30 17:30:18,322 - model.pytorch.dcrnn_supervisor - INFO - Epoch [10/1000] (1595) train_mae: 4.2759, val_mae: 4.6256, lr: 0.010000
2023-07-30 17:30:18,326 - model.pytorch.dcrnn_supervisor - INFO - Saved model at 10
2023-07-30 17:30:18,327 - model.pytorch.dcrnn_supervisor - INFO - Val loss decrease from 4.7338 to 4.6256, saving to data/model/pretrained/YINCHUAN/yc_best
2023-07-30 17:33:24,851 - model.pytorch.dcrnn_supervisor - INFO - epoch complete
2023-07-30 17:33:24,852 - model.pytorch.dcrnn_supervisor - INFO - evaluating now!
2023-07-30 17:33:38,401 - model.pytorch.dcrnn_supervisor - INFO - Epoch [11/1000] (1740) train_mae: 4.2354, val_mae: 4.6130, lr: 0.010000
2023-07-30 17:33:38,406 - model.pytorch.dcrnn_supervisor - INFO - Saved model at 11
2023-07-30 17:33:38,406 - model.pytorch.dcrnn_supervisor - INFO - Val loss decrease from 4.6256 to 4.6130, saving to data/model/pretrained/YINCHUAN/yc_best
2023-07-30 17:36:45,048 - model.pytorch.dcrnn_supervisor - INFO - epoch complete
2023-07-30 17:36:45,049 - model.pytorch.dcrnn_supervisor - INFO - evaluating now!
2023-07-30 17:36:58,636 - model.pytorch.dcrnn_supervisor - INFO - Epoch [12/1000] (1885) train_mae: 4.1960, val_mae: 4.5916, lr: 0.010000
2023-07-30 17:36:58,640 - model.pytorch.dcrnn_supervisor - INFO - Saved model at 12
2023-07-30 17:36:58,640 - model.pytorch.dcrnn_supervisor - INFO - Val loss decrease from 4.6130 to 4.5916, saving to data/model/pretrained/YINCHUAN/yc_best
2023-07-30 17:40:05,149 - model.pytorch.dcrnn_supervisor - INFO - epoch complete
2023-07-30 17:40:05,149 - model.pytorch.dcrnn_supervisor - INFO - evaluating now!
2023-07-30 17:40:18,713 - model.pytorch.dcrnn_supervisor - INFO - Epoch [13/1000] (2030) train_mae: 4.1744, val_mae: 4.5221, lr: 0.010000
2023-07-30 17:40:18,718 - model.pytorch.dcrnn_supervisor - INFO - Saved model at 13
2023-07-30 17:40:18,718 - model.pytorch.dcrnn_supervisor - INFO - Val loss decrease from 4.5916 to 4.5221, saving to data/model/pretrained/YINCHUAN/yc_best
2023-07-30 17:43:25,479 - model.pytorch.dcrnn_supervisor - INFO - epoch complete
2023-07-30 17:43:25,480 - model.pytorch.dcrnn_supervisor - INFO - evaluating now!
2023-07-30 17:43:39,241 - model.pytorch.dcrnn_supervisor - INFO - Epoch [14/1000] (2175) train_mae: 4.1225, val_mae: 4.5455, lr: 0.010000
2023-07-30 17:46:45,861 - model.pytorch.dcrnn_supervisor - INFO - epoch complete
2023-07-30 17:46:45,862 - model.pytorch.dcrnn_supervisor - INFO - evaluating now!
2023-07-30 17:46:59,635 - model.pytorch.dcrnn_supervisor - INFO - Epoch [15/1000] (2320) train_mae: 4.0932, val_mae: 4.4671, lr: 0.010000
2023-07-30 17:46:59,640 - model.pytorch.dcrnn_supervisor - INFO - Saved model at 15
2023-07-30 17:46:59,640 - model.pytorch.dcrnn_supervisor - INFO - Val loss decrease from 4.5221 to 4.4671, saving to data/model/pretrained/YINCHUAN/yc_best
2023-07-30 17:50:07,138 - model.pytorch.dcrnn_supervisor - INFO - epoch complete
2023-07-30 17:50:07,138 - model.pytorch.dcrnn_supervisor - INFO - evaluating now!
2023-07-30 17:50:20,613 - model.pytorch.dcrnn_supervisor - INFO - Epoch [16/1000] (2465) train_mae: 4.0650, val_mae: 4.6227, lr: 0.010000
2023-07-30 17:53:27,218 - model.pytorch.dcrnn_supervisor - INFO - epoch complete
2023-07-30 17:53:27,219 - model.pytorch.dcrnn_supervisor - INFO - evaluating now!
2023-07-30 17:53:40,692 - model.pytorch.dcrnn_supervisor - INFO - Epoch [17/1000] (2610) train_mae: 4.0581, val_mae: 4.7215, lr: 0.010000
2023-07-30 17:56:47,345 - model.pytorch.dcrnn_supervisor - INFO - epoch complete
2023-07-30 17:56:47,345 - model.pytorch.dcrnn_supervisor - INFO - evaluating now!
2023-07-30 17:57:00,809 - model.pytorch.dcrnn_supervisor - INFO - Epoch [18/1000] (2755) train_mae: 4.0343, val_mae: 4.4464, lr: 0.010000
2023-07-30 17:57:00,814 - model.pytorch.dcrnn_supervisor - INFO - Saved model at 18
2023-07-30 17:57:00,814 - model.pytorch.dcrnn_supervisor - INFO - Val loss decrease from 4.4671 to 4.4464, saving to data/model/pretrained/YINCHUAN/yc_best
2023-07-30 18:00:07,596 - model.pytorch.dcrnn_supervisor - INFO - epoch complete
2023-07-30 18:00:07,597 - model.pytorch.dcrnn_supervisor - INFO - evaluating now!
2023-07-30 18:00:21,114 - model.pytorch.dcrnn_supervisor - INFO - Epoch [19/1000] (2900) train_mae: 4.0192, val_mae: 4.4294, lr: 0.000100
2023-07-30 18:00:21,119 - model.pytorch.dcrnn_supervisor - INFO - Saved model at 19
2023-07-30 18:00:21,119 - model.pytorch.dcrnn_supervisor - INFO - Val loss decrease from 4.4464 to 4.4294, saving to data/model/pretrained/YINCHUAN/yc_best
2023-07-30 18:03:27,446 - model.pytorch.dcrnn_supervisor - INFO - epoch complete
2023-07-30 18:03:27,447 - model.pytorch.dcrnn_supervisor - INFO - evaluating now!
2023-07-30 18:03:40,968 - model.pytorch.dcrnn_supervisor - INFO - Epoch [20/1000] (3045) train_mae: 3.9936, val_mae: 4.4771, lr: 0.001000
2023-07-30 18:06:48,079 - model.pytorch.dcrnn_supervisor - INFO - epoch complete
2023-07-30 18:06:48,080 - model.pytorch.dcrnn_supervisor - INFO - evaluating now!
2023-07-30 18:07:01,774 - model.pytorch.dcrnn_supervisor - INFO - Epoch [21/1000] (3190) train_mae: 3.9842, val_mae: 4.6870, lr: 0.001000
2023-07-30 18:10:08,581 - model.pytorch.dcrnn_supervisor - INFO - epoch complete
2023-07-30 18:10:08,582 - model.pytorch.dcrnn_supervisor - INFO - evaluating now!
2023-07-30 18:10:22,363 - model.pytorch.dcrnn_supervisor - INFO - Epoch [22/1000] (3335) train_mae: 3.9667, val_mae: 4.8806, lr: 0.001000
2023-07-30 18:13:30,168 - model.pytorch.dcrnn_supervisor - INFO - epoch complete
2023-07-30 18:13:30,169 - model.pytorch.dcrnn_supervisor - INFO - evaluating now!
2023-07-30 18:13:43,768 - model.pytorch.dcrnn_supervisor - INFO - Epoch [23/1000] (3480) train_mae: 3.9655, val_mae: 4.5226, lr: 0.001000
2023-07-30 18:16:50,085 - model.pytorch.dcrnn_supervisor - INFO - epoch complete
2023-07-30 18:16:50,085 - model.pytorch.dcrnn_supervisor - INFO - evaluating now!
2023-07-30 18:17:03,623 - model.pytorch.dcrnn_supervisor - INFO - Epoch [24/1000] (3625) train_mae: 3.9406, val_mae: 4.5677, lr: 0.001000
2023-07-30 18:20:10,099 - model.pytorch.dcrnn_supervisor - INFO - epoch complete
2023-07-30 18:20:10,100 - model.pytorch.dcrnn_supervisor - INFO - evaluating now!
2023-07-30 18:20:23,705 - model.pytorch.dcrnn_supervisor - INFO - Epoch [25/1000] (3770) train_mae: 3.9324, val_mae: 4.4280, lr: 0.001000
2023-07-30 18:20:23,710 - model.pytorch.dcrnn_supervisor - INFO - Saved model at 25
2023-07-30 18:20:23,710 - model.pytorch.dcrnn_supervisor - INFO - Val loss decrease from 4.4294 to 4.4280, saving to data/model/pretrained/YINCHUAN/yc_best
2023-07-30 18:23:30,517 - model.pytorch.dcrnn_supervisor - INFO - epoch complete
2023-07-30 18:23:30,517 - model.pytorch.dcrnn_supervisor - INFO - evaluating now!
2023-07-30 18:23:43,929 - model.pytorch.dcrnn_supervisor - INFO - Epoch [26/1000] (3915) train_mae: 3.9465, val_mae: 4.5287, lr: 0.001000
2023-07-30 18:26:50,354 - model.pytorch.dcrnn_supervisor - INFO - epoch complete
2023-07-30 18:26:50,355 - model.pytorch.dcrnn_supervisor - INFO - evaluating now!
2023-07-30 18:27:03,837 - model.pytorch.dcrnn_supervisor - INFO - Epoch [27/1000] (4060) train_mae: 3.9161, val_mae: 4.3932, lr: 0.001000
2023-07-30 18:27:03,842 - model.pytorch.dcrnn_supervisor - INFO - Saved model at 27
2023-07-30 18:27:03,842 - model.pytorch.dcrnn_supervisor - INFO - Val loss decrease from 4.4280 to 4.3932, saving to data/model/pretrained/YINCHUAN/yc_best
2023-07-30 18:30:10,307 - model.pytorch.dcrnn_supervisor - INFO - epoch complete
2023-07-30 18:30:10,308 - model.pytorch.dcrnn_supervisor - INFO - evaluating now!
2023-07-30 18:30:23,709 - model.pytorch.dcrnn_supervisor - INFO - Epoch [28/1000] (4205) train_mae: 3.9006, val_mae: 4.4373, lr: 0.001000
2023-07-30 18:33:30,103 - model.pytorch.dcrnn_supervisor - INFO - epoch complete
2023-07-30 18:33:30,104 - model.pytorch.dcrnn_supervisor - INFO - evaluating now!
2023-07-30 18:33:43,644 - model.pytorch.dcrnn_supervisor - INFO - Epoch [29/1000] (4350) train_mae: 3.9198, val_mae: 4.3948, lr: 0.000010
2023-07-30 18:36:51,017 - model.pytorch.dcrnn_supervisor - INFO - epoch complete
2023-07-30 18:36:51,018 - model.pytorch.dcrnn_supervisor - INFO - evaluating now!
2023-07-30 18:37:04,554 - model.pytorch.dcrnn_supervisor - INFO - Epoch [30/1000] (4495) train_mae: 3.8826, val_mae: 4.4003, lr: 0.000100
2023-07-30 18:40:10,905 - model.pytorch.dcrnn_supervisor - INFO - epoch complete
2023-07-30 18:40:10,906 - model.pytorch.dcrnn_supervisor - INFO - evaluating now!
2023-07-30 18:40:24,395 - model.pytorch.dcrnn_supervisor - INFO - Epoch [31/1000] (4640) train_mae: 3.8773, val_mae: 4.4119, lr: 0.000100
2023-07-30 18:43:30,616 - model.pytorch.dcrnn_supervisor - INFO - epoch complete
2023-07-30 18:43:30,617 - model.pytorch.dcrnn_supervisor - INFO - evaluating now!
2023-07-30 18:43:44,192 - model.pytorch.dcrnn_supervisor - INFO - Epoch [32/1000] (4785) train_mae: 3.8693, val_mae: 4.3675, lr: 0.000100
2023-07-30 18:43:44,197 - model.pytorch.dcrnn_supervisor - INFO - Saved model at 32
2023-07-30 18:43:44,197 - model.pytorch.dcrnn_supervisor - INFO - Val loss decrease from 4.3932 to 4.3675, saving to data/model/pretrained/YINCHUAN/yc_best
2023-07-30 18:46:50,830 - model.pytorch.dcrnn_supervisor - INFO - epoch complete
2023-07-30 18:46:50,832 - model.pytorch.dcrnn_supervisor - INFO - evaluating now!
2023-07-30 18:47:04,386 - model.pytorch.dcrnn_supervisor - INFO - Epoch [33/1000] (4930) train_mae: 3.8789, val_mae: 4.4419, lr: 0.000100
2023-07-30 18:50:10,689 - model.pytorch.dcrnn_supervisor - INFO - epoch complete
2023-07-30 18:50:10,690 - model.pytorch.dcrnn_supervisor - INFO - evaluating now!
2023-07-30 18:50:24,145 - model.pytorch.dcrnn_supervisor - INFO - Epoch [34/1000] (5075) train_mae: 3.8604, val_mae: 4.4335, lr: 0.000100
2023-07-30 18:53:30,088 - model.pytorch.dcrnn_supervisor - INFO - epoch complete
2023-07-30 18:53:30,089 - model.pytorch.dcrnn_supervisor - INFO - evaluating now!
2023-07-30 18:53:43,541 - model.pytorch.dcrnn_supervisor - INFO - Epoch [35/1000] (5220) train_mae: 3.8440, val_mae: 4.4184, lr: 0.000100
2023-07-30 18:56:50,014 - model.pytorch.dcrnn_supervisor - INFO - epoch complete
2023-07-30 18:56:50,015 - model.pytorch.dcrnn_supervisor - INFO - evaluating now!
2023-07-30 18:57:03,576 - model.pytorch.dcrnn_supervisor - INFO - Epoch [36/1000] (5365) train_mae: 3.8344, val_mae: 4.3930, lr: 0.000100
2023-07-30 19:00:11,891 - model.pytorch.dcrnn_supervisor - INFO - epoch complete
2023-07-30 19:00:11,893 - model.pytorch.dcrnn_supervisor - INFO - evaluating now!
2023-07-30 19:00:25,546 - model.pytorch.dcrnn_supervisor - INFO - Epoch [37/1000] (5510) train_mae: 3.8480, val_mae: 4.4026, lr: 0.000100
2023-07-30 19:03:32,156 - model.pytorch.dcrnn_supervisor - INFO - epoch complete
2023-07-30 19:03:32,157 - model.pytorch.dcrnn_supervisor - INFO - evaluating now!
2023-07-30 19:03:45,688 - model.pytorch.dcrnn_supervisor - INFO - Epoch [38/1000] (5655) train_mae: 3.8238, val_mae: 4.4254, lr: 0.000100
2023-07-30 19:06:52,100 - model.pytorch.dcrnn_supervisor - INFO - epoch complete
2023-07-30 19:06:52,101 - model.pytorch.dcrnn_supervisor - INFO - evaluating now!
2023-07-30 19:07:05,780 - model.pytorch.dcrnn_supervisor - INFO - Epoch [39/1000] (5800) train_mae: 3.8193, val_mae: 4.3942, lr: 0.000001
2023-07-30 19:10:12,206 - model.pytorch.dcrnn_supervisor - INFO - epoch complete
2023-07-30 19:10:12,207 - model.pytorch.dcrnn_supervisor - INFO - evaluating now!
2023-07-30 19:10:25,727 - model.pytorch.dcrnn_supervisor - INFO - Epoch [40/1000] (5945) train_mae: 3.8028, val_mae: 4.4556, lr: 0.000010
2023-07-30 19:13:31,862 - model.pytorch.dcrnn_supervisor - INFO - epoch complete
2023-07-30 19:13:31,864 - model.pytorch.dcrnn_supervisor - INFO - evaluating now!
2023-07-30 19:13:45,458 - model.pytorch.dcrnn_supervisor - INFO - Epoch [41/1000] (6090) train_mae: 3.8051, val_mae: 4.3965, lr: 0.000010
2023-07-30 19:16:51,986 - model.pytorch.dcrnn_supervisor - INFO - epoch complete
2023-07-30 19:16:51,987 - model.pytorch.dcrnn_supervisor - INFO - evaluating now!
2023-07-30 19:17:05,440 - model.pytorch.dcrnn_supervisor - INFO - Epoch [42/1000] (6235) train_mae: 3.8072, val_mae: 4.4091, lr: 0.000010
2023-07-30 19:17:05,441 - model.pytorch.dcrnn_supervisor - WARNING - Early stopping at epoch: 42
2023-07-30 19:17:06,100 - model.pytorch.dcrnn_supervisor - INFO - Loaded model successfully!
2023-07-30 20:13:42,182 - model.pytorch.dcrnn_supervisor - INFO - Log directory: data/model/dcrnn/
2025-11-05 21:22:13,571 - model.pytorch.dcrnn_supervisor - INFO - Log directory: data/model\dcrnn/
2025-11-05 21:24:51,962 - model.pytorch.dcrnn_supervisor - INFO - Log directory: data/model\dcrnn/
2025-11-05 21:27:28,469 - model.pytorch.dcrnn_supervisor - INFO - Log directory: data/model\dcrnn/
2025-11-05 21:30:45,594 - model.pytorch.dcrnn_supervisor - INFO - Log directory: data/model\dcrnn/
2025-11-05 21:30:59,393 - model.pytorch.dcrnn_supervisor - INFO - Model created
2025-11-05 21:33:10,496 - model.pytorch.dcrnn_supervisor - INFO - Log directory: data/model\dcrnn/
2025-11-05 21:33:19,028 - model.pytorch.dcrnn_supervisor - INFO - Model created
2025-11-05 21:36:52,161 - model.pytorch.dcrnn_supervisor - INFO - Log directory: data/model\dcrnn/
2025-11-05 21:37:00,823 - model.pytorch.dcrnn_supervisor - INFO - Model created
2025-11-05 21:38:36,503 - model.pytorch.dcrnn_supervisor - INFO - Log directory: data/model\dcrnn/
2025-11-05 21:38:45,040 - model.pytorch.dcrnn_supervisor - INFO - Model created
2025-11-05 21:38:45,494 - model.pytorch.dcrnn_supervisor - INFO - Loaded model successfully!
2025-11-05 23:02:00,181 - model.pytorch.dcrnn_supervisor - INFO - Log directory: data/model\dcrnn/
2025-11-05 23:02:58,110 - model.pytorch.dcrnn_supervisor - INFO - Model created
2025-11-05 23:02:59,128 - model.pytorch.dcrnn_supervisor - INFO - Start training ...
2025-11-05 23:02:59,129 - model.pytorch.dcrnn_supervisor - INFO - num_batches:145
2025-11-05 23:05:57,576 - model.pytorch.dcrnn_supervisor - INFO - Log directory: data/model\dcrnn/
2025-11-05 23:06:53,420 - model.pytorch.dcrnn_supervisor - INFO - Model created
2025-11-05 23:06:54,327 - model.pytorch.dcrnn_supervisor - INFO - Start training ...
2025-11-05 23:06:54,327 - model.pytorch.dcrnn_supervisor - INFO - num_batches:145
2025-11-05 23:06:55,107 - model.pytorch.dcrnn_supervisor - INFO - Total trainable parameters 403073
2025-11-05 23:09:13,075 - model.pytorch.dcrnn_supervisor - INFO - epoch complete
2025-11-05 23:09:13,091 - model.pytorch.dcrnn_supervisor - INFO - evaluating now!
2025-11-05 23:09:22,000 - model.pytorch.dcrnn_supervisor - INFO - Epoch [0/1000] (145) train_mae: 6.3786, val_mae: 6.5932, lr: 0.010000
2025-11-05 23:09:22,003 - model.pytorch.dcrnn_supervisor - INFO - Saved model at 0
2025-11-05 23:09:22,003 - model.pytorch.dcrnn_supervisor - INFO - Val loss decrease from inf to 6.5932, saving to data/model/pretrained/YINCHUAN/yc_best
2025-11-05 23:11:42,049 - model.pytorch.dcrnn_supervisor - INFO - epoch complete
2025-11-05 23:11:42,049 - model.pytorch.dcrnn_supervisor - INFO - evaluating now!
2025-11-05 23:11:52,333 - model.pytorch.dcrnn_supervisor - INFO - Epoch [1/1000] (290) train_mae: 4.7472, val_mae: 4.9347, lr: 0.010000
2025-11-05 23:11:52,337 - model.pytorch.dcrnn_supervisor - INFO - Saved model at 1
2025-11-05 23:11:52,337 - model.pytorch.dcrnn_supervisor - INFO - Val loss decrease from 6.5932 to 4.9347, saving to data/model/pretrained/YINCHUAN/yc_best
2025-11-05 23:14:11,465 - model.pytorch.dcrnn_supervisor - INFO - epoch complete
2025-11-05 23:14:11,466 - model.pytorch.dcrnn_supervisor - INFO - evaluating now!
2025-11-05 23:14:21,059 - model.pytorch.dcrnn_supervisor - INFO - Epoch [2/1000] (435) train_mae: 4.6317, val_mae: 5.1564, lr: 0.010000
2025-11-05 23:16:41,923 - model.pytorch.dcrnn_supervisor - INFO - epoch complete
2025-11-05 23:16:41,923 - model.pytorch.dcrnn_supervisor - INFO - evaluating now!
2025-11-05 23:16:52,375 - model.pytorch.dcrnn_supervisor - INFO - Epoch [3/1000] (580) train_mae: 4.5734, val_mae: 5.0077, lr: 0.010000
2025-11-05 23:19:06,243 - model.pytorch.dcrnn_supervisor - INFO - Log directory: data/model\dcrnn/
2025-11-05 23:20:02,153 - model.pytorch.dcrnn_supervisor - INFO - Model created
2025-11-05 23:20:03,075 - model.pytorch.dcrnn_supervisor - INFO - Start training ...
2025-11-05 23:20:03,076 - model.pytorch.dcrnn_supervisor - INFO - num_batches:145
2025-11-05 23:20:03,846 - model.pytorch.dcrnn_supervisor - INFO - Total trainable parameters 403073
2025-11-05 23:22:22,927 - model.pytorch.dcrnn_supervisor - INFO - epoch complete
2025-11-05 23:22:22,928 - model.pytorch.dcrnn_supervisor - INFO - evaluating now!
2025-11-05 23:22:32,529 - model.pytorch.dcrnn_supervisor - INFO - Epoch [0/1] (145) train_mae: 6.6074, val_mae: 5.9570, lr: 0.010000
2025-11-05 23:22:32,533 - model.pytorch.dcrnn_supervisor - INFO - Saved model at 0
2025-11-05 23:22:32,533 - model.pytorch.dcrnn_supervisor - INFO - Val loss decrease from inf to 5.9570, saving to data/model/pretrained/YINCHUAN/yc_best
2025-11-05 23:22:33,024 - model.pytorch.dcrnn_supervisor - INFO - Loaded model successfully!
2025-11-05 23:33:37,984 - model.pytorch.dcrnn_supervisor - INFO - Log directory: data/model\dcrnn/
2025-11-05 23:34:35,345 - model.pytorch.dcrnn_supervisor - INFO - Model created
2025-11-05 23:34:36,486 - model.pytorch.dcrnn_supervisor - INFO - Start training ...
2025-11-05 23:34:36,486 - model.pytorch.dcrnn_supervisor - INFO - num_batches:145
2025-11-05 23:34:37,257 - model.pytorch.dcrnn_supervisor - INFO - Total trainable parameters 403073
2025-11-05 23:36:56,990 - model.pytorch.dcrnn_supervisor - INFO - epoch complete
2025-11-05 23:36:56,991 - model.pytorch.dcrnn_supervisor - INFO - evaluating now!
2025-11-05 23:37:07,282 - model.pytorch.dcrnn_supervisor - INFO - Epoch [0/1] (145) train_mae: 6.5723, val_mae: 5.8896, lr: 0.010000
2025-11-05 23:37:07,287 - model.pytorch.dcrnn_supervisor - INFO - Saved model at 0
2025-11-05 23:37:07,287 - model.pytorch.dcrnn_supervisor - INFO - Val loss decrease from inf to 5.8896, saving to data/model/pretrained/YINCHUAN/yc_best
2025-11-05 23:37:07,809 - model.pytorch.dcrnn_supervisor - INFO - Loaded model successfully!
2025-11-06 00:26:50,393 - model.pytorch.dcrnn_supervisor - INFO - Log directory: data/model\dcrnn/
2025-11-06 00:27:44,007 - model.pytorch.dcrnn_supervisor - INFO - Model created
2025-11-06 00:27:45,049 - model.pytorch.dcrnn_supervisor - INFO - Start training ...
2025-11-06 00:27:45,049 - model.pytorch.dcrnn_supervisor - INFO - num_batches:145
2025-11-06 00:39:55,256 - model.pytorch.dcrnn_supervisor - INFO - Log directory: data/model\dcrnn/
2025-11-06 00:40:50,938 - model.pytorch.dcrnn_supervisor - INFO - Model created
2025-11-06 00:40:51,917 - model.pytorch.dcrnn_supervisor - INFO - Start training ...
2025-11-06 00:40:51,917 - model.pytorch.dcrnn_supervisor - INFO - num_batches:145
2025-11-06 00:48:50,273 - model.pytorch.dcrnn_supervisor - INFO - Log directory: data/model\dcrnn/
2025-11-06 00:49:46,063 - model.pytorch.dcrnn_supervisor - INFO - Model created
2025-11-06 00:49:47,013 - model.pytorch.dcrnn_supervisor - INFO - Start training ...
2025-11-06 00:49:47,013 - model.pytorch.dcrnn_supervisor - INFO - num_batches:145
2025-11-06 00:56:33,526 - model.pytorch.dcrnn_supervisor - INFO - Log directory: data/model\dcrnn/
2025-11-06 00:57:29,217 - model.pytorch.dcrnn_supervisor - INFO - Model created
2025-11-06 00:57:30,138 - model.pytorch.dcrnn_supervisor - INFO - Start training ...
2025-11-06 00:57:30,138 - model.pytorch.dcrnn_supervisor - INFO - num_batches:145
2025-11-06 01:02:22,123 - model.pytorch.dcrnn_supervisor - INFO - Log directory: data/model\dcrnn/
2025-11-06 01:03:17,695 - model.pytorch.dcrnn_supervisor - INFO - Model created
2025-11-06 01:03:18,625 - model.pytorch.dcrnn_supervisor - INFO - Start training ...
2025-11-06 01:03:18,625 - model.pytorch.dcrnn_supervisor - INFO - num_batches:145
2025-11-06 01:08:27,659 - model.pytorch.dcrnn_supervisor - INFO - Log directory: data/model\dcrnn/
2025-11-06 01:09:52,429 - model.pytorch.dcrnn_supervisor - INFO - Log directory: data/model\dcrnn/
2025-11-06 01:19:38,677 - model.pytorch.dcrnn_supervisor - INFO - Log directory: data/model\dcrnn/
2025-11-06 01:20:34,559 - model.pytorch.dcrnn_supervisor - INFO - Model created
2025-11-06 01:20:35,460 - model.pytorch.dcrnn_supervisor - INFO - Start training ...
2025-11-06 01:20:35,460 - model.pytorch.dcrnn_supervisor - INFO - num_batches:145
2025-11-06 01:37:37,049 - model.pytorch.dcrnn_supervisor - INFO - Log directory: data/model\dcrnn/
2025-11-06 01:38:33,160 - model.pytorch.dcrnn_supervisor - INFO - Model created
2025-11-06 01:38:34,074 - model.pytorch.dcrnn_supervisor - INFO - Start training ...
2025-11-06 01:38:34,077 - model.pytorch.dcrnn_supervisor - INFO - num_batches:145
2025-11-06 01:41:54,312 - model.pytorch.dcrnn_supervisor - INFO - Log directory: data/model\dcrnn/
2025-11-06 01:42:49,919 - model.pytorch.dcrnn_supervisor - INFO - Model created
2025-11-06 01:42:50,873 - model.pytorch.dcrnn_supervisor - INFO - Start training ...
2025-11-06 01:42:50,873 - model.pytorch.dcrnn_supervisor - INFO - num_batches:145
2025-11-06 01:43:14,808 - model.pytorch.dcrnn_supervisor - INFO - Log directory: data/model\dcrnn/
2025-11-06 01:44:10,501 - model.pytorch.dcrnn_supervisor - INFO - Model created
2025-11-06 01:44:11,419 - model.pytorch.dcrnn_supervisor - INFO - Start training ...
2025-11-06 01:44:11,419 - model.pytorch.dcrnn_supervisor - INFO - num_batches:145
2025-11-06 01:46:39,934 - model.pytorch.dcrnn_supervisor - INFO - Log directory: data/model\dcrnn/
2025-11-06 01:47:35,472 - model.pytorch.dcrnn_supervisor - INFO - Model created
2025-11-06 01:47:36,398 - model.pytorch.dcrnn_supervisor - INFO - Start training ...
2025-11-06 01:47:36,398 - model.pytorch.dcrnn_supervisor - INFO - num_batches:145
2025-11-06 02:11:38,364 - model.pytorch.dcrnn_supervisor - INFO - Log directory: data/model\dcrnn/
2025-11-06 02:12:34,102 - model.pytorch.dcrnn_supervisor - INFO - Model created
2025-11-06 02:12:35,031 - model.pytorch.dcrnn_supervisor - INFO - Start training ...
2025-11-06 02:12:35,031 - model.pytorch.dcrnn_supervisor - INFO - num_batches:145
2025-11-06 02:12:35,463 - model.pytorch.dcrnn_supervisor - INFO - Total trainable parameters 217409
2025-11-06 02:15:56,465 - model.pytorch.dcrnn_supervisor - INFO - Log directory: data/model\dcrnn/
2025-11-06 02:16:52,085 - model.pytorch.dcrnn_supervisor - INFO - Model created
2025-11-06 02:16:52,954 - model.pytorch.dcrnn_supervisor - INFO - Start training ...
2025-11-06 02:16:52,954 - model.pytorch.dcrnn_supervisor - INFO - num_batches:145
2025-11-06 02:21:08,510 - model.pytorch.dcrnn_supervisor - INFO - Log directory: data/model\dcrnn/
2025-11-06 02:22:04,547 - model.pytorch.dcrnn_supervisor - INFO - Model created
2025-11-06 02:22:05,470 - model.pytorch.dcrnn_supervisor - INFO - Start training ...
2025-11-06 02:22:05,470 - model.pytorch.dcrnn_supervisor - INFO - num_batches:145
2025-11-06 02:22:06,204 - model.pytorch.dcrnn_supervisor - INFO - Total trainable parameters 433793
2025-11-06 02:26:58,124 - model.pytorch.dcrnn_supervisor - INFO - Log directory: data/model\dcrnn/
2025-11-06 02:27:53,658 - model.pytorch.dcrnn_supervisor - INFO - Model created
2025-11-06 02:27:54,571 - model.pytorch.dcrnn_supervisor - INFO - Start training ...
2025-11-06 02:27:54,571 - model.pytorch.dcrnn_supervisor - INFO - num_batches:145
2025-11-06 02:27:55,438 - model.pytorch.dcrnn_supervisor - INFO - Total trainable parameters 433793
2025-11-06 02:33:33,190 - model.pytorch.dcrnn_supervisor - INFO - Log directory: data/model\dcrnn/
2025-11-06 02:34:28,669 - model.pytorch.dcrnn_supervisor - INFO - Model created
2025-11-06 02:34:29,582 - model.pytorch.dcrnn_supervisor - INFO - Start training ...
2025-11-06 02:34:29,582 - model.pytorch.dcrnn_supervisor - INFO - num_batches:145
2025-11-06 02:34:30,240 - model.pytorch.dcrnn_supervisor - INFO - Total trainable parameters 433793
2025-11-06 02:36:54,321 - model.pytorch.dcrnn_supervisor - INFO - epoch complete
2025-11-06 02:36:54,322 - model.pytorch.dcrnn_supervisor - INFO - evaluating now!
2025-11-06 02:37:03,984 - model.pytorch.dcrnn_supervisor - INFO - Epoch [0/1] (145) train_mae: 6.6689, val_mae: 6.1556, lr: 0.010000
2025-11-06 02:37:04,012 - model.pytorch.dcrnn_supervisor - INFO - Saved model at 0
2025-11-06 02:37:04,012 - model.pytorch.dcrnn_supervisor - INFO - Val loss decrease from inf to 6.1556, saving to data/model/pretrained/YINCHUAN/yc_best
2025-11-06 02:37:04,508 - model.pytorch.dcrnn_supervisor - INFO - Loaded model successfully!
2025-11-06 02:37:53,973 - model.pytorch.dcrnn_supervisor - INFO - Log directory: data/model\dcrnn/
2025-11-06 02:38:49,707 - model.pytorch.dcrnn_supervisor - INFO - Model created
2025-11-06 02:38:50,585 - model.pytorch.dcrnn_supervisor - INFO - Start training ...
2025-11-06 02:38:50,585 - model.pytorch.dcrnn_supervisor - INFO - num_batches:145
2025-11-06 02:38:51,361 - model.pytorch.dcrnn_supervisor - INFO - Total trainable parameters 433793
2025-11-06 02:42:42,754 - model.pytorch.dcrnn_supervisor - INFO - Log directory: data/model\dcrnn/
2025-11-06 02:43:38,584 - model.pytorch.dcrnn_supervisor - INFO - Model created
2025-11-06 02:43:39,544 - model.pytorch.dcrnn_supervisor - INFO - Start training ...
2025-11-06 02:43:39,544 - model.pytorch.dcrnn_supervisor - INFO - num_batches:145
2025-11-06 02:43:40,283 - model.pytorch.dcrnn_supervisor - INFO - Total trainable parameters 433793
2025-11-06 02:44:12,228 - model.pytorch.dcrnn_supervisor - INFO - Log directory: data/model\dcrnn/
2025-11-06 02:45:08,180 - model.pytorch.dcrnn_supervisor - INFO - Model created
2025-11-06 02:45:09,078 - model.pytorch.dcrnn_supervisor - INFO - Start training ...
2025-11-06 02:45:09,078 - model.pytorch.dcrnn_supervisor - INFO - num_batches:145
2025-11-06 02:45:09,877 - model.pytorch.dcrnn_supervisor - INFO - Total trainable parameters 433793
2025-11-06 02:47:30,519 - model.pytorch.dcrnn_supervisor - INFO - epoch complete
2025-11-06 02:47:30,520 - model.pytorch.dcrnn_supervisor - INFO - evaluating now!
2025-11-06 02:47:39,839 - model.pytorch.dcrnn_supervisor - INFO - Epoch [0/1] (145) train_mae: 6.2917, val_mae: 6.2069, lr: 0.010000
2025-11-06 02:47:39,866 - model.pytorch.dcrnn_supervisor - INFO - Saved model at 0
2025-11-06 02:47:39,868 - model.pytorch.dcrnn_supervisor - INFO - Val loss decrease from inf to 6.2069, saving to data/model/pretrained/YINCHUAN/yc_best
2025-11-06 02:47:40,356 - model.pytorch.dcrnn_supervisor - INFO - Loaded model successfully!
2025-11-06 02:50:31,234 - model.pytorch.dcrnn_supervisor - INFO - Log directory: data/model\dcrnn/
2025-11-06 02:51:27,096 - model.pytorch.dcrnn_supervisor - INFO - Model created
2025-11-06 02:51:28,026 - model.pytorch.dcrnn_supervisor - INFO - Start training ...
2025-11-06 02:51:28,026 - model.pytorch.dcrnn_supervisor - INFO - num_batches:145
2025-11-06 02:51:28,818 - model.pytorch.dcrnn_supervisor - INFO - Total trainable parameters 433793
2025-11-06 02:53:46,855 - model.pytorch.dcrnn_supervisor - INFO - epoch complete
2025-11-06 02:53:46,856 - model.pytorch.dcrnn_supervisor - INFO - evaluating now!
2025-11-06 02:53:57,061 - model.pytorch.dcrnn_supervisor - INFO - Epoch [0/1] (145) train_mae: 7.1156, val_mae: 7.0114, lr: 0.010000
2025-11-06 02:53:57,089 - model.pytorch.dcrnn_supervisor - INFO - Saved model at 0
2025-11-06 02:53:57,090 - model.pytorch.dcrnn_supervisor - INFO - Val loss decrease from inf to 7.0114, saving to data/model/pretrained/YINCHUAN/yc_best
2025-11-06 02:53:57,575 - model.pytorch.dcrnn_supervisor - INFO - Loaded model successfully!
2025-11-06 02:58:14,051 - model.pytorch.dcrnn_supervisor - INFO - Log directory: data/model\dcrnn/
2025-11-06 02:59:09,647 - model.pytorch.dcrnn_supervisor - INFO - Model created
2025-11-06 02:59:10,540 - model.pytorch.dcrnn_supervisor - INFO - Start training ...
2025-11-06 02:59:10,540 - model.pytorch.dcrnn_supervisor - INFO - num_batches:145
2025-11-06 02:59:11,270 - model.pytorch.dcrnn_supervisor - INFO - Total trainable parameters 433793
2025-11-06 03:01:28,567 - model.pytorch.dcrnn_supervisor - INFO - epoch complete
2025-11-06 03:01:28,567 - model.pytorch.dcrnn_supervisor - INFO - evaluating now!
2025-11-06 03:01:39,208 - model.pytorch.dcrnn_supervisor - INFO - Epoch [0/1] (145) train_mae: 6.5094, val_mae: 5.9704, lr: 0.010000
2025-11-06 03:01:39,236 - model.pytorch.dcrnn_supervisor - INFO - Saved model at 0
2025-11-06 03:01:39,236 - model.pytorch.dcrnn_supervisor - INFO - Val loss decrease from inf to 5.9704, saving to data/model/pretrained/YINCHUAN/yc_best
2025-11-06 03:01:39,736 - model.pytorch.dcrnn_supervisor - INFO - Loaded model successfully!
2025-11-06 03:03:39,491 - model.pytorch.dcrnn_supervisor - INFO - Log directory: data/model\dcrnn/
2025-11-06 03:04:43,460 - model.pytorch.dcrnn_supervisor - INFO - Model created
2025-11-06 03:04:45,863 - model.pytorch.dcrnn_supervisor - INFO - Start training ...
2025-11-06 03:04:45,863 - model.pytorch.dcrnn_supervisor - INFO - num_batches:145
2025-11-06 03:04:46,710 - model.pytorch.dcrnn_supervisor - INFO - Total trainable parameters 433793
2025-11-06 03:07:11,232 - model.pytorch.dcrnn_supervisor - INFO - epoch complete
2025-11-06 03:07:11,232 - model.pytorch.dcrnn_supervisor - INFO - evaluating now!
2025-11-06 03:07:22,279 - model.pytorch.dcrnn_supervisor - INFO - Epoch [0/1] (145) train_mae: 6.4672, val_mae: 6.7803, lr: 0.010000
2025-11-06 03:07:22,306 - model.pytorch.dcrnn_supervisor - INFO - Saved model at 0
2025-11-06 03:07:22,306 - model.pytorch.dcrnn_supervisor - INFO - Val loss decrease from inf to 6.7803, saving to data/model/pretrained/YINCHUAN/yc_best
2025-11-06 03:07:22,824 - model.pytorch.dcrnn_supervisor - INFO - Loaded model successfully!
2025-11-06 03:10:15,943 - model.pytorch.dcrnn_supervisor - INFO - Log directory: data/model\dcrnn/
2025-11-06 03:11:24,626 - model.pytorch.dcrnn_supervisor - INFO - Model created
2025-11-06 03:21:27,196 - model.pytorch.dcrnn_supervisor - INFO - Log directory: data/model\dcrnn/
2025-11-06 03:22:22,793 - model.pytorch.dcrnn_supervisor - INFO - Model created
2025-11-06 03:23:03,506 - model.pytorch.dcrnn_supervisor - INFO - Log directory: data/model\dcrnn/
2025-11-06 03:23:59,068 - model.pytorch.dcrnn_supervisor - INFO - Model created
2025-11-06 03:23:59,929 - model.pytorch.dcrnn_supervisor - INFO - Start training ...
2025-11-06 03:23:59,929 - model.pytorch.dcrnn_supervisor - INFO - num_batches:145
2025-11-06 03:24:00,716 - model.pytorch.dcrnn_supervisor - INFO - Total trainable parameters 433793
2025-11-06 03:26:19,241 - model.pytorch.dcrnn_supervisor - INFO - epoch complete
2025-11-06 03:26:19,242 - model.pytorch.dcrnn_supervisor - INFO - evaluating now!
2025-11-06 03:26:29,482 - model.pytorch.dcrnn_supervisor - INFO - Epoch [0/1] (145) train_mae: 6.8344, val_mae: 6.5943, lr: 0.010000
2025-11-06 03:26:29,512 - model.pytorch.dcrnn_supervisor - INFO - Saved model at 0
2025-11-06 03:26:29,512 - model.pytorch.dcrnn_supervisor - INFO - Val loss decrease from inf to 6.5943, saving to data/model/pretrained/YINCHUAN/yc_best
2025-11-06 03:26:30,022 - model.pytorch.dcrnn_supervisor - INFO - Loaded model successfully!
2025-11-06 03:28:06,108 - model.pytorch.dcrnn_supervisor - INFO - Log directory: data/model\dcrnn/
2025-11-06 03:29:01,936 - model.pytorch.dcrnn_supervisor - INFO - Model created
2025-11-06 03:29:03,129 - model.pytorch.dcrnn_supervisor - INFO - Start training ...
2025-11-06 03:29:03,129 - model.pytorch.dcrnn_supervisor - INFO - num_batches:145
2025-11-06 03:29:03,924 - model.pytorch.dcrnn_supervisor - INFO - Total trainable parameters 433793
2025-11-06 03:31:26,891 - model.pytorch.dcrnn_supervisor - INFO - epoch complete
2025-11-06 03:31:26,892 - model.pytorch.dcrnn_supervisor - INFO - evaluating now!
2025-11-06 03:31:37,456 - model.pytorch.dcrnn_supervisor - INFO - Epoch [0/200] (145) train_mae: 6.4994, val_mae: 6.7511, lr: 0.010000
2025-11-06 03:31:37,484 - model.pytorch.dcrnn_supervisor - INFO - Saved model at 0
2025-11-06 03:31:37,484 - model.pytorch.dcrnn_supervisor - INFO - Val loss decrease from inf to 6.7511, saving to data/model/pretrained/YINCHUAN/yc_best
2025-11-06 03:34:00,926 - model.pytorch.dcrnn_supervisor - INFO - epoch complete
2025-11-06 03:34:00,926 - model.pytorch.dcrnn_supervisor - INFO - evaluating now!
2025-11-06 03:34:10,831 - model.pytorch.dcrnn_supervisor - INFO - Epoch [1/200] (290) train_mae: 4.8063, val_mae: 5.6875, lr: 0.010000
2025-11-06 03:34:10,859 - model.pytorch.dcrnn_supervisor - INFO - Saved model at 1
2025-11-06 03:34:10,859 - model.pytorch.dcrnn_supervisor - INFO - Val loss decrease from 6.7511 to 5.6875, saving to data/model/pretrained/YINCHUAN/yc_best
2025-11-06 03:40:30,025 - model.pytorch.dcrnn_supervisor - INFO - epoch complete
2025-11-06 03:40:30,027 - model.pytorch.dcrnn_supervisor - INFO - evaluating now!
2025-11-06 03:40:39,658 - model.pytorch.dcrnn_supervisor - INFO - Epoch [2/200] (435) train_mae: 4.6970, val_mae: 5.4599, lr: 0.010000
2025-11-06 03:40:39,684 - model.pytorch.dcrnn_supervisor - INFO - Saved model at 2
2025-11-06 03:40:39,684 - model.pytorch.dcrnn_supervisor - INFO - Val loss decrease from 5.6875 to 5.4599, saving to data/model/pretrained/YINCHUAN/yc_best
2025-11-06 03:43:00,934 - model.pytorch.dcrnn_supervisor - INFO - epoch complete
2025-11-06 03:43:00,934 - model.pytorch.dcrnn_supervisor - INFO - evaluating now!
2025-11-06 03:43:10,836 - model.pytorch.dcrnn_supervisor - INFO - Epoch [3/200] (580) train_mae: 4.5756, val_mae: 5.3332, lr: 0.010000
2025-11-06 03:43:10,860 - model.pytorch.dcrnn_supervisor - INFO - Saved model at 3
2025-11-06 03:43:10,860 - model.pytorch.dcrnn_supervisor - INFO - Val loss decrease from 5.4599 to 5.3332, saving to data/model/pretrained/YINCHUAN/yc_best
2025-11-06 03:45:33,457 - model.pytorch.dcrnn_supervisor - INFO - epoch complete
2025-11-06 03:45:33,457 - model.pytorch.dcrnn_supervisor - INFO - evaluating now!
2025-11-06 03:45:43,102 - model.pytorch.dcrnn_supervisor - INFO - Epoch [4/200] (725) train_mae: 4.5359, val_mae: 5.1222, lr: 0.010000
2025-11-06 03:45:43,132 - model.pytorch.dcrnn_supervisor - INFO - Saved model at 4
2025-11-06 03:45:43,132 - model.pytorch.dcrnn_supervisor - INFO - Val loss decrease from 5.3332 to 5.1222, saving to data/model/pretrained/YINCHUAN/yc_best
2025-11-06 03:48:06,419 - model.pytorch.dcrnn_supervisor - INFO - epoch complete
2025-11-06 03:48:06,419 - model.pytorch.dcrnn_supervisor - INFO - evaluating now!
2025-11-06 03:48:16,684 - model.pytorch.dcrnn_supervisor - INFO - Epoch [5/200] (870) train_mae: 4.4600, val_mae: 5.4074, lr: 0.010000
2025-11-06 03:50:38,465 - model.pytorch.dcrnn_supervisor - INFO - epoch complete
2025-11-06 03:50:38,466 - model.pytorch.dcrnn_supervisor - INFO - evaluating now!
2025-11-06 03:50:47,756 - model.pytorch.dcrnn_supervisor - INFO - Epoch [6/200] (1015) train_mae: 4.4443, val_mae: 5.1302, lr: 0.010000
2025-11-06 03:53:10,698 - model.pytorch.dcrnn_supervisor - INFO - epoch complete
2025-11-06 03:53:10,698 - model.pytorch.dcrnn_supervisor - INFO - evaluating now!
2025-11-06 03:53:21,633 - model.pytorch.dcrnn_supervisor - INFO - Epoch [7/200] (1160) train_mae: 4.4478, val_mae: 5.3172, lr: 0.010000
2025-11-06 03:55:44,648 - model.pytorch.dcrnn_supervisor - INFO - epoch complete
2025-11-06 03:55:44,648 - model.pytorch.dcrnn_supervisor - INFO - evaluating now!
2025-11-06 03:55:53,986 - model.pytorch.dcrnn_supervisor - INFO - Epoch [8/200] (1305) train_mae: 4.3634, val_mae: 5.2162, lr: 0.010000
2025-11-06 03:58:17,456 - model.pytorch.dcrnn_supervisor - INFO - epoch complete
2025-11-06 03:58:17,456 - model.pytorch.dcrnn_supervisor - INFO - evaluating now!
2025-11-06 03:58:28,087 - model.pytorch.dcrnn_supervisor - INFO - Epoch [9/200] (1450) train_mae: 4.3109, val_mae: 5.0972, lr: 0.010000
2025-11-06 03:58:28,110 - model.pytorch.dcrnn_supervisor - INFO - Saved model at 9
2025-11-06 03:58:28,110 - model.pytorch.dcrnn_supervisor - INFO - Val loss decrease from 5.1222 to 5.0972, saving to data/model/pretrained/YINCHUAN/yc_best
2025-11-06 04:00:48,024 - model.pytorch.dcrnn_supervisor - INFO - epoch complete
2025-11-06 04:00:48,024 - model.pytorch.dcrnn_supervisor - INFO - evaluating now!
2025-11-06 04:00:57,510 - model.pytorch.dcrnn_supervisor - INFO - Epoch [10/200] (1595) train_mae: 4.2935, val_mae: 5.1766, lr: 0.010000
2025-11-06 04:03:19,851 - model.pytorch.dcrnn_supervisor - INFO - epoch complete
2025-11-06 04:03:19,851 - model.pytorch.dcrnn_supervisor - INFO - evaluating now!
2025-11-06 04:03:30,390 - model.pytorch.dcrnn_supervisor - INFO - Epoch [11/200] (1740) train_mae: 4.2386, val_mae: 5.1601, lr: 0.010000
2025-11-06 04:05:24,163 - model.pytorch.dcrnn_supervisor - INFO - Log directory: data/model\dcrnn/
2025-11-06 04:06:19,766 - model.pytorch.dcrnn_supervisor - INFO - Model created
2025-11-06 04:06:20,354 - model.pytorch.dcrnn_supervisor - INFO - Loaded model successfully!
2025-11-06 04:08:54,166 - model.pytorch.dcrnn_supervisor - INFO - Log directory: data/model\dcrnn/
2025-11-06 04:09:52,154 - model.pytorch.dcrnn_supervisor - INFO - Model created
2025-11-06 04:09:53,864 - model.pytorch.dcrnn_supervisor - INFO - Start training ...
2025-11-06 04:09:53,864 - model.pytorch.dcrnn_supervisor - INFO - num_batches:145
2025-11-06 04:09:54,580 - model.pytorch.dcrnn_supervisor - INFO - Total trainable parameters 433793
2025-11-06 04:12:14,928 - model.pytorch.dcrnn_supervisor - INFO - epoch complete
2025-11-06 04:12:14,929 - model.pytorch.dcrnn_supervisor - INFO - evaluating now!
2025-11-06 04:12:24,499 - model.pytorch.dcrnn_supervisor - INFO - Epoch [0/200] (145) train_mae: 6.3318, val_mae: 6.3715, lr: 0.010000
2025-11-06 04:12:24,503 - model.pytorch.dcrnn_supervisor - INFO - Saved model at 0
2025-11-06 04:12:24,503 - model.pytorch.dcrnn_supervisor - INFO - Val loss decrease from inf to 6.3715, saving to data/model/pretrained/YINCHUAN/yc_best
2025-11-06 04:14:44,661 - model.pytorch.dcrnn_supervisor - INFO - epoch complete
2025-11-06 04:14:44,661 - model.pytorch.dcrnn_supervisor - INFO - evaluating now!
2025-11-06 04:14:54,240 - model.pytorch.dcrnn_supervisor - INFO - Epoch [1/200] (290) train_mae: 4.8034, val_mae: 6.7112, lr: 0.010000
2025-11-06 04:17:22,847 - model.pytorch.dcrnn_supervisor - INFO - epoch complete
2025-11-06 04:17:22,847 - model.pytorch.dcrnn_supervisor - INFO - evaluating now!
2025-11-06 04:17:33,158 - model.pytorch.dcrnn_supervisor - INFO - Epoch [2/200] (435) train_mae: 4.6366, val_mae: 5.6869, lr: 0.010000
2025-11-06 04:17:33,184 - model.pytorch.dcrnn_supervisor - INFO - Saved model at 2
2025-11-06 04:17:33,184 - model.pytorch.dcrnn_supervisor - INFO - Val loss decrease from 6.3715 to 5.6869, saving to data/model/pretrained/YINCHUAN/yc_best
2025-11-06 04:19:53,175 - model.pytorch.dcrnn_supervisor - INFO - epoch complete
2025-11-06 04:19:53,175 - model.pytorch.dcrnn_supervisor - INFO - evaluating now!
2025-11-06 04:20:02,687 - model.pytorch.dcrnn_supervisor - INFO - Epoch [3/200] (580) train_mae: 4.5333, val_mae: 5.5146, lr: 0.010000
2025-11-06 04:20:02,711 - model.pytorch.dcrnn_supervisor - INFO - Saved model at 3
2025-11-06 04:20:02,711 - model.pytorch.dcrnn_supervisor - INFO - Val loss decrease from 5.6869 to 5.5146, saving to data/model/pretrained/YINCHUAN/yc_best
2025-11-06 04:22:26,964 - model.pytorch.dcrnn_supervisor - INFO - epoch complete
2025-11-06 04:22:26,964 - model.pytorch.dcrnn_supervisor - INFO - evaluating now!
2025-11-06 04:22:36,537 - model.pytorch.dcrnn_supervisor - INFO - Epoch [4/200] (725) train_mae: 4.5018, val_mae: 5.3433, lr: 0.010000
2025-11-06 04:22:36,563 - model.pytorch.dcrnn_supervisor - INFO - Saved model at 4
2025-11-06 04:22:36,564 - model.pytorch.dcrnn_supervisor - INFO - Val loss decrease from 5.5146 to 5.3433, saving to data/model/pretrained/YINCHUAN/yc_best
2025-11-06 04:24:55,416 - model.pytorch.dcrnn_supervisor - INFO - epoch complete
2025-11-06 04:24:55,416 - model.pytorch.dcrnn_supervisor - INFO - evaluating now!
2025-11-06 04:25:04,892 - model.pytorch.dcrnn_supervisor - INFO - Epoch [5/200] (870) train_mae: 4.4591, val_mae: 5.4419, lr: 0.010000
2025-11-06 04:28:01,129 - model.pytorch.dcrnn_supervisor - INFO - epoch complete
2025-11-06 04:28:01,129 - model.pytorch.dcrnn_supervisor - INFO - evaluating now!
2025-11-06 04:28:16,092 - model.pytorch.dcrnn_supervisor - INFO - Epoch [6/200] (1015) train_mae: 4.3965, val_mae: 5.1545, lr: 0.010000
2025-11-06 04:28:16,113 - model.pytorch.dcrnn_supervisor - INFO - Saved model at 6
2025-11-06 04:28:16,113 - model.pytorch.dcrnn_supervisor - INFO - Val loss decrease from 5.3433 to 5.1545, saving to data/model/pretrained/YINCHUAN/yc_best
2025-11-06 04:32:07,747 - model.pytorch.dcrnn_supervisor - INFO - epoch complete
2025-11-06 04:32:07,747 - model.pytorch.dcrnn_supervisor - INFO - evaluating now!
2025-11-06 04:32:25,726 - model.pytorch.dcrnn_supervisor - INFO - Epoch [7/200] (1160) train_mae: 4.3964, val_mae: 5.3408, lr: 0.010000
2025-11-06 04:36:31,166 - model.pytorch.dcrnn_supervisor - INFO - epoch complete
2025-11-06 04:36:31,166 - model.pytorch.dcrnn_supervisor - INFO - evaluating now!
2025-11-06 04:36:49,524 - model.pytorch.dcrnn_supervisor - INFO - Epoch [8/200] (1305) train_mae: 4.3384, val_mae: 5.1615, lr: 0.010000
2025-11-06 04:40:50,698 - model.pytorch.dcrnn_supervisor - INFO - epoch complete
2025-11-06 04:40:50,698 - model.pytorch.dcrnn_supervisor - INFO - evaluating now!
2025-11-06 04:41:09,259 - model.pytorch.dcrnn_supervisor - INFO - Epoch [9/200] (1450) train_mae: 4.2749, val_mae: 5.1583, lr: 0.010000
2025-11-06 04:45:12,688 - model.pytorch.dcrnn_supervisor - INFO - epoch complete
2025-11-06 04:45:12,688 - model.pytorch.dcrnn_supervisor - INFO - evaluating now!
2025-11-06 04:45:25,169 - model.pytorch.dcrnn_supervisor - INFO - Epoch [10/200] (1595) train_mae: 4.2427, val_mae: 5.1039, lr: 0.010000
2025-11-06 04:45:25,198 - model.pytorch.dcrnn_supervisor - INFO - Saved model at 10
2025-11-06 04:45:25,198 - model.pytorch.dcrnn_supervisor - INFO - Val loss decrease from 5.1545 to 5.1039, saving to data/model/pretrained/YINCHUAN/yc_best
2025-11-06 04:49:24,112 - model.pytorch.dcrnn_supervisor - INFO - epoch complete
2025-11-06 04:49:24,112 - model.pytorch.dcrnn_supervisor - INFO - evaluating now!
2025-11-06 04:49:41,287 - model.pytorch.dcrnn_supervisor - INFO - Epoch [11/200] (1740) train_mae: 4.2093, val_mae: 5.1191, lr: 0.010000
2025-11-06 04:53:15,064 - model.pytorch.dcrnn_supervisor - INFO - epoch complete
2025-11-06 04:53:15,065 - model.pytorch.dcrnn_supervisor - INFO - evaluating now!
2025-11-06 04:53:31,795 - model.pytorch.dcrnn_supervisor - INFO - Epoch [12/200] (1885) train_mae: 4.1583, val_mae: 5.1161, lr: 0.010000
2025-11-06 04:57:33,470 - model.pytorch.dcrnn_supervisor - INFO - epoch complete
2025-11-06 04:57:33,470 - model.pytorch.dcrnn_supervisor - INFO - evaluating now!
2025-11-06 04:57:51,184 - model.pytorch.dcrnn_supervisor - INFO - Epoch [13/200] (2030) train_mae: 4.1201, val_mae: 5.0604, lr: 0.010000
2025-11-06 04:57:51,206 - model.pytorch.dcrnn_supervisor - INFO - Saved model at 13
2025-11-06 04:57:51,206 - model.pytorch.dcrnn_supervisor - INFO - Val loss decrease from 5.1039 to 5.0604, saving to data/model/pretrained/YINCHUAN/yc_best
2025-11-06 05:01:58,919 - model.pytorch.dcrnn_supervisor - INFO - epoch complete
2025-11-06 05:01:58,919 - model.pytorch.dcrnn_supervisor - INFO - evaluating now!
2025-11-06 05:02:14,838 - model.pytorch.dcrnn_supervisor - INFO - Epoch [14/200] (2175) train_mae: 4.0888, val_mae: 4.9645, lr: 0.010000
2025-11-06 05:02:14,868 - model.pytorch.dcrnn_supervisor - INFO - Saved model at 14
2025-11-06 05:02:14,868 - model.pytorch.dcrnn_supervisor - INFO - Val loss decrease from 5.0604 to 4.9645, saving to data/model/pretrained/YINCHUAN/yc_best
2025-11-06 05:06:16,266 - model.pytorch.dcrnn_supervisor - INFO - epoch complete
2025-11-06 05:06:16,266 - model.pytorch.dcrnn_supervisor - INFO - evaluating now!
2025-11-06 05:06:31,870 - model.pytorch.dcrnn_supervisor - INFO - Epoch [15/200] (2320) train_mae: 4.0624, val_mae: 4.9753, lr: 0.010000
2025-11-06 05:10:39,682 - model.pytorch.dcrnn_supervisor - INFO - epoch complete
2025-11-06 05:10:39,682 - model.pytorch.dcrnn_supervisor - INFO - evaluating now!
2025-11-06 05:10:56,325 - model.pytorch.dcrnn_supervisor - INFO - Epoch [16/200] (2465) train_mae: 4.0514, val_mae: 4.9505, lr: 0.010000
2025-11-06 05:10:56,350 - model.pytorch.dcrnn_supervisor - INFO - Saved model at 16
2025-11-06 05:10:56,350 - model.pytorch.dcrnn_supervisor - INFO - Val loss decrease from 4.9645 to 4.9505, saving to data/model/pretrained/YINCHUAN/yc_best
2025-11-06 05:14:28,727 - model.pytorch.dcrnn_supervisor - INFO - epoch complete
2025-11-06 05:14:28,727 - model.pytorch.dcrnn_supervisor - INFO - evaluating now!
2025-11-06 05:14:39,882 - model.pytorch.dcrnn_supervisor - INFO - Epoch [17/200] (2610) train_mae: 4.0108, val_mae: 5.2909, lr: 0.010000
2025-11-06 05:17:06,039 - model.pytorch.dcrnn_supervisor - INFO - epoch complete
2025-11-06 05:17:06,039 - model.pytorch.dcrnn_supervisor - INFO - evaluating now!
2025-11-06 05:17:15,579 - model.pytorch.dcrnn_supervisor - INFO - Epoch [18/200] (2755) train_mae: 3.9939, val_mae: 4.9099, lr: 0.010000
2025-11-06 05:17:15,584 - model.pytorch.dcrnn_supervisor - INFO - Saved model at 18
2025-11-06 05:17:15,584 - model.pytorch.dcrnn_supervisor - INFO - Val loss decrease from 4.9505 to 4.9099, saving to data/model/pretrained/YINCHUAN/yc_best
2025-11-06 05:19:44,813 - model.pytorch.dcrnn_supervisor - INFO - epoch complete
2025-11-06 05:19:44,813 - model.pytorch.dcrnn_supervisor - INFO - evaluating now!
2025-11-06 05:19:55,646 - model.pytorch.dcrnn_supervisor - INFO - Epoch [19/200] (2900) train_mae: 4.0083, val_mae: 4.8700, lr: 0.000100
2025-11-06 05:19:55,651 - model.pytorch.dcrnn_supervisor - INFO - Saved model at 19
2025-11-06 05:19:55,651 - model.pytorch.dcrnn_supervisor - INFO - Val loss decrease from 4.9099 to 4.8700, saving to data/model/pretrained/YINCHUAN/yc_best
2025-11-06 05:22:25,835 - model.pytorch.dcrnn_supervisor - INFO - epoch complete
2025-11-06 05:22:25,835 - model.pytorch.dcrnn_supervisor - INFO - evaluating now!
2025-11-06 05:22:34,861 - model.pytorch.dcrnn_supervisor - INFO - Epoch [20/200] (3045) train_mae: 3.9411, val_mae: 4.8783, lr: 0.001000
2025-11-06 05:25:05,453 - model.pytorch.dcrnn_supervisor - INFO - epoch complete
2025-11-06 05:25:05,453 - model.pytorch.dcrnn_supervisor - INFO - evaluating now!
2025-11-06 05:25:16,083 - model.pytorch.dcrnn_supervisor - INFO - Epoch [21/200] (3190) train_mae: 3.9276, val_mae: 4.9525, lr: 0.001000
2025-11-06 05:27:48,412 - model.pytorch.dcrnn_supervisor - INFO - epoch complete
2025-11-06 05:27:48,412 - model.pytorch.dcrnn_supervisor - INFO - evaluating now!
2025-11-06 05:27:59,795 - model.pytorch.dcrnn_supervisor - INFO - Epoch [22/200] (3335) train_mae: 3.9307, val_mae: 4.8592, lr: 0.001000
2025-11-06 05:27:59,820 - model.pytorch.dcrnn_supervisor - INFO - Saved model at 22
2025-11-06 05:27:59,821 - model.pytorch.dcrnn_supervisor - INFO - Val loss decrease from 4.8700 to 4.8592, saving to data/model/pretrained/YINCHUAN/yc_best
2025-11-06 05:30:32,352 - model.pytorch.dcrnn_supervisor - INFO - epoch complete
2025-11-06 05:30:32,352 - model.pytorch.dcrnn_supervisor - INFO - evaluating now!
2025-11-06 05:30:42,719 - model.pytorch.dcrnn_supervisor - INFO - Epoch [23/200] (3480) train_mae: 3.9062, val_mae: 4.8129, lr: 0.001000
2025-11-06 05:30:42,724 - model.pytorch.dcrnn_supervisor - INFO - Saved model at 23
2025-11-06 05:30:42,724 - model.pytorch.dcrnn_supervisor - INFO - Val loss decrease from 4.8592 to 4.8129, saving to data/model/pretrained/YINCHUAN/yc_best
2025-11-06 05:33:11,351 - model.pytorch.dcrnn_supervisor - INFO - epoch complete
2025-11-06 05:33:11,351 - model.pytorch.dcrnn_supervisor - INFO - evaluating now!
2025-11-06 05:33:22,624 - model.pytorch.dcrnn_supervisor - INFO - Epoch [24/200] (3625) train_mae: 3.8698, val_mae: 4.8248, lr: 0.001000
2025-11-06 05:35:55,466 - model.pytorch.dcrnn_supervisor - INFO - epoch complete
2025-11-06 05:35:55,467 - model.pytorch.dcrnn_supervisor - INFO - evaluating now!
2025-11-06 05:36:06,556 - model.pytorch.dcrnn_supervisor - INFO - Epoch [25/200] (3770) train_mae: 3.8552, val_mae: 4.8778, lr: 0.001000
2025-11-06 05:38:34,496 - model.pytorch.dcrnn_supervisor - INFO - epoch complete
2025-11-06 05:38:34,496 - model.pytorch.dcrnn_supervisor - INFO - evaluating now!
2025-11-06 05:38:46,118 - model.pytorch.dcrnn_supervisor - INFO - Epoch [26/200] (3915) train_mae: 3.8470, val_mae: 4.9045, lr: 0.001000
2025-11-06 05:41:19,039 - model.pytorch.dcrnn_supervisor - INFO - epoch complete
2025-11-06 05:41:19,039 - model.pytorch.dcrnn_supervisor - INFO - evaluating now!
2025-11-06 05:41:29,860 - model.pytorch.dcrnn_supervisor - INFO - Epoch [27/200] (4060) train_mae: 3.8472, val_mae: 4.8452, lr: 0.001000
2025-11-06 05:43:56,833 - model.pytorch.dcrnn_supervisor - INFO - epoch complete
2025-11-06 05:43:56,833 - model.pytorch.dcrnn_supervisor - INFO - evaluating now!
2025-11-06 05:44:08,270 - model.pytorch.dcrnn_supervisor - INFO - Epoch [28/200] (4205) train_mae: 3.8276, val_mae: 4.7786, lr: 0.001000
2025-11-06 05:44:08,305 - model.pytorch.dcrnn_supervisor - INFO - Saved model at 28
2025-11-06 05:44:08,305 - model.pytorch.dcrnn_supervisor - INFO - Val loss decrease from 4.8129 to 4.7786, saving to data/model/pretrained/YINCHUAN/yc_best
2025-11-06 05:47:19,037 - model.pytorch.dcrnn_supervisor - INFO - Log directory: data/model\dcrnn/
2025-11-06 05:48:15,417 - model.pytorch.dcrnn_supervisor - INFO - Model created
2025-11-06 05:48:16,154 - model.pytorch.dcrnn_supervisor - INFO - Loaded model successfully!
2025-11-06 07:10:25,406 - model.pytorch.dcrnn_supervisor - INFO - Log directory: data/model\dcrnn/
2025-11-06 07:11:17,869 - model.pytorch.dcrnn_supervisor - INFO - Model created
2025-11-06 07:11:19,187 - model.pytorch.dcrnn_supervisor - INFO - Start training ...
2025-11-06 07:11:19,188 - model.pytorch.dcrnn_supervisor - INFO - num_batches:145
2025-11-06 07:11:19,605 - model.pytorch.dcrnn_supervisor - INFO - Total trainable parameters 433793
2025-11-06 07:12:18,214 - model.pytorch.dcrnn_supervisor - INFO - epoch complete
2025-11-06 07:12:18,229 - model.pytorch.dcrnn_supervisor - INFO - evaluating now!
2025-11-06 07:12:22,789 - model.pytorch.dcrnn_supervisor - INFO - Epoch [0/300] (145) train_mae: 6.5790, val_mae: 5.6856, lr: 0.010000
2025-11-06 07:12:22,817 - model.pytorch.dcrnn_supervisor - INFO - Saved model at 0
2025-11-06 07:12:22,817 - model.pytorch.dcrnn_supervisor - INFO - Val loss decrease from inf to 5.6856, saving to data/model/pretrained/YINCHUAN/yc_best
2025-11-06 07:13:21,132 - model.pytorch.dcrnn_supervisor - INFO - epoch complete
2025-11-06 07:13:21,132 - model.pytorch.dcrnn_supervisor - INFO - evaluating now!
2025-11-06 07:13:25,751 - model.pytorch.dcrnn_supervisor - INFO - Epoch [1/300] (290) train_mae: 4.7657, val_mae: 5.1818, lr: 0.010000
2025-11-06 07:13:25,778 - model.pytorch.dcrnn_supervisor - INFO - Saved model at 1
2025-11-06 07:13:25,778 - model.pytorch.dcrnn_supervisor - INFO - Val loss decrease from 5.6856 to 5.1818, saving to data/model/pretrained/YINCHUAN/yc_best
2025-11-06 07:14:24,461 - model.pytorch.dcrnn_supervisor - INFO - epoch complete
2025-11-06 07:14:24,461 - model.pytorch.dcrnn_supervisor - INFO - evaluating now!
2025-11-06 07:14:29,191 - model.pytorch.dcrnn_supervisor - INFO - Epoch [2/300] (435) train_mae: 4.6589, val_mae: 4.9998, lr: 0.010000
2025-11-06 07:14:29,220 - model.pytorch.dcrnn_supervisor - INFO - Saved model at 2
2025-11-06 07:14:29,220 - model.pytorch.dcrnn_supervisor - INFO - Val loss decrease from 5.1818 to 4.9998, saving to data/model/pretrained/YINCHUAN/yc_best
2025-11-06 07:15:29,154 - model.pytorch.dcrnn_supervisor - INFO - epoch complete
2025-11-06 07:15:29,154 - model.pytorch.dcrnn_supervisor - INFO - evaluating now!
2025-11-06 07:15:33,739 - model.pytorch.dcrnn_supervisor - INFO - Epoch [3/300] (580) train_mae: 4.5604, val_mae: 4.7245, lr: 0.010000
2025-11-06 07:15:33,767 - model.pytorch.dcrnn_supervisor - INFO - Saved model at 3
2025-11-06 07:15:33,769 - model.pytorch.dcrnn_supervisor - INFO - Val loss decrease from 4.9998 to 4.7245, saving to data/model/pretrained/YINCHUAN/yc_best
2025-11-06 07:16:33,417 - model.pytorch.dcrnn_supervisor - INFO - epoch complete
2025-11-06 07:16:33,417 - model.pytorch.dcrnn_supervisor - INFO - evaluating now!
2025-11-06 07:16:37,994 - model.pytorch.dcrnn_supervisor - INFO - Epoch [4/300] (725) train_mae: 4.5538, val_mae: 4.8266, lr: 0.010000
2025-11-06 07:17:37,168 - model.pytorch.dcrnn_supervisor - INFO - epoch complete
2025-11-06 07:17:37,168 - model.pytorch.dcrnn_supervisor - INFO - evaluating now!
2025-11-06 07:17:41,770 - model.pytorch.dcrnn_supervisor - INFO - Epoch [5/300] (870) train_mae: 4.4741, val_mae: 4.6294, lr: 0.010000
2025-11-06 07:17:41,799 - model.pytorch.dcrnn_supervisor - INFO - Saved model at 5
2025-11-06 07:17:41,799 - model.pytorch.dcrnn_supervisor - INFO - Val loss decrease from 4.7245 to 4.6294, saving to data/model/pretrained/YINCHUAN/yc_best
2025-11-06 07:18:41,078 - model.pytorch.dcrnn_supervisor - INFO - epoch complete
2025-11-06 07:18:41,080 - model.pytorch.dcrnn_supervisor - INFO - evaluating now!
2025-11-06 07:18:45,642 - model.pytorch.dcrnn_supervisor - INFO - Epoch [6/300] (1015) train_mae: 4.4109, val_mae: 4.7330, lr: 0.010000
2025-11-06 07:19:44,896 - model.pytorch.dcrnn_supervisor - INFO - epoch complete
2025-11-06 07:19:44,896 - model.pytorch.dcrnn_supervisor - INFO - evaluating now!
2025-11-06 07:19:49,572 - model.pytorch.dcrnn_supervisor - INFO - Epoch [7/300] (1160) train_mae: 4.3713, val_mae: 4.7293, lr: 0.010000
2025-11-06 07:20:47,897 - model.pytorch.dcrnn_supervisor - INFO - epoch complete
2025-11-06 07:20:47,897 - model.pytorch.dcrnn_supervisor - INFO - evaluating now!
2025-11-06 07:20:52,463 - model.pytorch.dcrnn_supervisor - INFO - Epoch [8/300] (1305) train_mae: 4.3538, val_mae: 4.6678, lr: 0.010000
2025-11-06 07:21:51,215 - model.pytorch.dcrnn_supervisor - INFO - epoch complete
2025-11-06 07:21:51,215 - model.pytorch.dcrnn_supervisor - INFO - evaluating now!
2025-11-06 07:21:55,820 - model.pytorch.dcrnn_supervisor - INFO - Epoch [9/300] (1450) train_mae: 4.2843, val_mae: 4.4639, lr: 0.010000
2025-11-06 07:21:55,848 - model.pytorch.dcrnn_supervisor - INFO - Saved model at 9
2025-11-06 07:21:55,848 - model.pytorch.dcrnn_supervisor - INFO - Val loss decrease from 4.6294 to 4.4639, saving to data/model/pretrained/YINCHUAN/yc_best
2025-11-06 07:22:54,580 - model.pytorch.dcrnn_supervisor - INFO - epoch complete
2025-11-06 07:22:54,581 - model.pytorch.dcrnn_supervisor - INFO - evaluating now!
2025-11-06 07:22:59,127 - model.pytorch.dcrnn_supervisor - INFO - Epoch [10/300] (1595) train_mae: 4.2451, val_mae: 4.4624, lr: 0.010000
2025-11-06 07:22:59,154 - model.pytorch.dcrnn_supervisor - INFO - Saved model at 10
2025-11-06 07:22:59,154 - model.pytorch.dcrnn_supervisor - INFO - Val loss decrease from 4.4639 to 4.4624, saving to data/model/pretrained/YINCHUAN/yc_best
2025-11-06 07:23:58,838 - model.pytorch.dcrnn_supervisor - INFO - epoch complete
2025-11-06 07:23:58,838 - model.pytorch.dcrnn_supervisor - INFO - evaluating now!
2025-11-06 07:24:03,709 - model.pytorch.dcrnn_supervisor - INFO - Epoch [11/300] (1740) train_mae: 4.2028, val_mae: 4.4017, lr: 0.010000
2025-11-06 07:24:03,754 - model.pytorch.dcrnn_supervisor - INFO - Saved model at 11
2025-11-06 07:24:03,754 - model.pytorch.dcrnn_supervisor - INFO - Val loss decrease from 4.4624 to 4.4017, saving to data/model/pretrained/YINCHUAN/yc_best
2025-11-06 07:25:07,756 - model.pytorch.dcrnn_supervisor - INFO - epoch complete
2025-11-06 07:25:07,757 - model.pytorch.dcrnn_supervisor - INFO - evaluating now!
2025-11-06 07:25:12,587 - model.pytorch.dcrnn_supervisor - INFO - Epoch [12/300] (1885) train_mae: 4.1646, val_mae: 4.4943, lr: 0.010000
2025-11-06 07:26:27,571 - model.pytorch.dcrnn_supervisor - INFO - epoch complete
2025-11-06 07:26:27,571 - model.pytorch.dcrnn_supervisor - INFO - evaluating now!
2025-11-06 07:26:32,193 - model.pytorch.dcrnn_supervisor - INFO - Epoch [13/300] (2030) train_mae: 4.1724, val_mae: 4.6809, lr: 0.010000
2025-11-06 07:27:34,526 - model.pytorch.dcrnn_supervisor - INFO - epoch complete
2025-11-06 07:27:34,526 - model.pytorch.dcrnn_supervisor - INFO - evaluating now!
2025-11-06 07:27:39,133 - model.pytorch.dcrnn_supervisor - INFO - Epoch [14/300] (2175) train_mae: 4.0868, val_mae: 4.5810, lr: 0.010000
2025-11-06 07:28:40,461 - model.pytorch.dcrnn_supervisor - INFO - epoch complete
2025-11-06 07:28:40,461 - model.pytorch.dcrnn_supervisor - INFO - evaluating now!
2025-11-06 07:28:45,079 - model.pytorch.dcrnn_supervisor - INFO - Epoch [15/300] (2320) train_mae: 4.0609, val_mae: 4.5865, lr: 0.010000
2025-11-06 07:29:45,995 - model.pytorch.dcrnn_supervisor - INFO - epoch complete
2025-11-06 07:29:45,995 - model.pytorch.dcrnn_supervisor - INFO - evaluating now!
2025-11-06 07:29:50,541 - model.pytorch.dcrnn_supervisor - INFO - Epoch [16/300] (2465) train_mae: 4.0309, val_mae: 4.5013, lr: 0.010000
2025-11-06 07:30:51,577 - model.pytorch.dcrnn_supervisor - INFO - epoch complete
2025-11-06 07:30:51,577 - model.pytorch.dcrnn_supervisor - INFO - evaluating now!
2025-11-06 07:30:56,226 - model.pytorch.dcrnn_supervisor - INFO - Epoch [17/300] (2610) train_mae: 4.0106, val_mae: 4.6368, lr: 0.010000
2025-11-06 07:31:57,647 - model.pytorch.dcrnn_supervisor - INFO - epoch complete
2025-11-06 07:31:57,647 - model.pytorch.dcrnn_supervisor - INFO - evaluating now!
2025-11-06 07:32:02,263 - model.pytorch.dcrnn_supervisor - INFO - Epoch [18/300] (2755) train_mae: 4.0029, val_mae: 4.4617, lr: 0.010000
2025-11-06 07:33:04,551 - model.pytorch.dcrnn_supervisor - INFO - epoch complete
2025-11-06 07:33:04,551 - model.pytorch.dcrnn_supervisor - INFO - evaluating now!
2025-11-06 07:33:09,335 - model.pytorch.dcrnn_supervisor - INFO - Epoch [19/300] (2900) train_mae: 3.9743, val_mae: 4.5386, lr: 0.000100
2025-11-06 07:34:11,129 - model.pytorch.dcrnn_supervisor - INFO - epoch complete
2025-11-06 07:34:11,129 - model.pytorch.dcrnn_supervisor - INFO - evaluating now!
2025-11-06 07:34:15,818 - model.pytorch.dcrnn_supervisor - INFO - Epoch [20/300] (3045) train_mae: 3.9530, val_mae: 4.4313, lr: 0.001000
2025-11-06 07:35:17,002 - model.pytorch.dcrnn_supervisor - INFO - epoch complete
2025-11-06 07:35:17,002 - model.pytorch.dcrnn_supervisor - INFO - evaluating now!
2025-11-06 07:35:21,572 - model.pytorch.dcrnn_supervisor - INFO - Epoch [21/300] (3190) train_mae: 3.9260, val_mae: 4.3832, lr: 0.001000
2025-11-06 07:35:21,597 - model.pytorch.dcrnn_supervisor - INFO - Saved model at 21
2025-11-06 07:35:21,597 - model.pytorch.dcrnn_supervisor - INFO - Val loss decrease from 4.4017 to 4.3832, saving to data/model/pretrained/YINCHUAN/yc_best
2025-11-06 07:36:23,100 - model.pytorch.dcrnn_supervisor - INFO - epoch complete
2025-11-06 07:36:23,100 - model.pytorch.dcrnn_supervisor - INFO - evaluating now!
2025-11-06 07:36:27,705 - model.pytorch.dcrnn_supervisor - INFO - Epoch [22/300] (3335) train_mae: 3.9035, val_mae: 4.4572, lr: 0.001000
2025-11-06 07:37:29,099 - model.pytorch.dcrnn_supervisor - INFO - epoch complete
2025-11-06 07:37:29,099 - model.pytorch.dcrnn_supervisor - INFO - evaluating now!
2025-11-06 07:37:33,694 - model.pytorch.dcrnn_supervisor - INFO - Epoch [23/300] (3480) train_mae: 3.8966, val_mae: 4.3991, lr: 0.001000
2025-11-06 07:38:35,208 - model.pytorch.dcrnn_supervisor - INFO - epoch complete
2025-11-06 07:38:35,208 - model.pytorch.dcrnn_supervisor - INFO - evaluating now!
2025-11-06 07:38:39,867 - model.pytorch.dcrnn_supervisor - INFO - Epoch [24/300] (3625) train_mae: 3.8801, val_mae: 4.4270, lr: 0.001000
2025-11-06 07:39:40,661 - model.pytorch.dcrnn_supervisor - INFO - epoch complete
2025-11-06 07:39:40,661 - model.pytorch.dcrnn_supervisor - INFO - evaluating now!
2025-11-06 07:39:45,294 - model.pytorch.dcrnn_supervisor - INFO - Epoch [25/300] (3770) train_mae: 3.8731, val_mae: 4.4229, lr: 0.001000
2025-11-06 07:40:46,281 - model.pytorch.dcrnn_supervisor - INFO - epoch complete
2025-11-06 07:40:46,281 - model.pytorch.dcrnn_supervisor - INFO - evaluating now!
2025-11-06 07:40:50,860 - model.pytorch.dcrnn_supervisor - INFO - Epoch [26/300] (3915) train_mae: 3.8503, val_mae: 4.4291, lr: 0.001000
2025-11-06 07:41:52,244 - model.pytorch.dcrnn_supervisor - INFO - epoch complete
2025-11-06 07:41:52,245 - model.pytorch.dcrnn_supervisor - INFO - evaluating now!
2025-11-06 07:41:56,832 - model.pytorch.dcrnn_supervisor - INFO - Epoch [27/300] (4060) train_mae: 3.8307, val_mae: 4.3767, lr: 0.001000
2025-11-06 07:41:56,860 - model.pytorch.dcrnn_supervisor - INFO - Saved model at 27
2025-11-06 07:41:56,860 - model.pytorch.dcrnn_supervisor - INFO - Val loss decrease from 4.3832 to 4.3767, saving to data/model/pretrained/YINCHUAN/yc_best
2025-11-06 07:42:58,025 - model.pytorch.dcrnn_supervisor - INFO - epoch complete
2025-11-06 07:42:58,025 - model.pytorch.dcrnn_supervisor - INFO - evaluating now!
2025-11-06 07:43:02,623 - model.pytorch.dcrnn_supervisor - INFO - Epoch [28/300] (4205) train_mae: 3.8265, val_mae: 4.4285, lr: 0.001000
2025-11-06 07:44:04,210 - model.pytorch.dcrnn_supervisor - INFO - epoch complete
2025-11-06 07:44:04,210 - model.pytorch.dcrnn_supervisor - INFO - evaluating now!
2025-11-06 07:44:08,828 - model.pytorch.dcrnn_supervisor - INFO - Epoch [29/300] (4350) train_mae: 3.8065, val_mae: 4.4213, lr: 0.000010
2025-11-06 07:45:10,179 - model.pytorch.dcrnn_supervisor - INFO - epoch complete
2025-11-06 07:45:10,180 - model.pytorch.dcrnn_supervisor - INFO - evaluating now!
2025-11-06 07:45:14,797 - model.pytorch.dcrnn_supervisor - INFO - Epoch [30/300] (4495) train_mae: 3.7921, val_mae: 4.4204, lr: 0.000100
2025-11-06 07:46:16,015 - model.pytorch.dcrnn_supervisor - INFO - epoch complete
2025-11-06 07:46:16,015 - model.pytorch.dcrnn_supervisor - INFO - evaluating now!
2025-11-06 07:46:20,703 - model.pytorch.dcrnn_supervisor - INFO - Epoch [31/300] (4640) train_mae: 3.7879, val_mae: 4.9191, lr: 0.000100
2025-11-06 07:47:22,101 - model.pytorch.dcrnn_supervisor - INFO - epoch complete
2025-11-06 07:47:22,101 - model.pytorch.dcrnn_supervisor - INFO - evaluating now!
2025-11-06 07:47:26,707 - model.pytorch.dcrnn_supervisor - INFO - Epoch [32/300] (4785) train_mae: 3.8055, val_mae: 4.4255, lr: 0.000100
2025-11-06 07:48:27,582 - model.pytorch.dcrnn_supervisor - INFO - epoch complete
2025-11-06 07:48:27,583 - model.pytorch.dcrnn_supervisor - INFO - evaluating now!
2025-11-06 07:48:32,214 - model.pytorch.dcrnn_supervisor - INFO - Epoch [33/300] (4930) train_mae: 3.7722, val_mae: 4.4099, lr: 0.000100
2025-11-06 07:49:33,935 - model.pytorch.dcrnn_supervisor - INFO - epoch complete
2025-11-06 07:49:33,935 - model.pytorch.dcrnn_supervisor - INFO - evaluating now!
2025-11-06 07:49:38,619 - model.pytorch.dcrnn_supervisor - INFO - Epoch [34/300] (5075) train_mae: 3.7569, val_mae: 4.4207, lr: 0.000100
2025-11-06 07:50:39,832 - model.pytorch.dcrnn_supervisor - INFO - epoch complete
2025-11-06 07:50:39,832 - model.pytorch.dcrnn_supervisor - INFO - evaluating now!
2025-11-06 07:50:44,403 - model.pytorch.dcrnn_supervisor - INFO - Epoch [35/300] (5220) train_mae: 3.7457, val_mae: 4.4169, lr: 0.000100
2025-11-06 07:51:45,576 - model.pytorch.dcrnn_supervisor - INFO - epoch complete
2025-11-06 07:51:45,576 - model.pytorch.dcrnn_supervisor - INFO - evaluating now!
2025-11-06 07:51:50,281 - model.pytorch.dcrnn_supervisor - INFO - Epoch [36/300] (5365) train_mae: 3.7519, val_mae: 4.4119, lr: 0.000100
2025-11-06 07:52:51,463 - model.pytorch.dcrnn_supervisor - INFO - epoch complete
2025-11-06 07:52:51,463 - model.pytorch.dcrnn_supervisor - INFO - evaluating now!
2025-11-06 07:52:56,121 - model.pytorch.dcrnn_supervisor - INFO - Epoch [37/300] (5510) train_mae: 3.7560, val_mae: 4.4046, lr: 0.000100
2025-11-06 07:53:57,164 - model.pytorch.dcrnn_supervisor - INFO - epoch complete
2025-11-06 07:53:57,164 - model.pytorch.dcrnn_supervisor - INFO - evaluating now!
2025-11-06 07:54:01,716 - model.pytorch.dcrnn_supervisor - INFO - Epoch [38/300] (5655) train_mae: 3.7311, val_mae: 4.4041, lr: 0.000100
2025-11-06 07:55:02,741 - model.pytorch.dcrnn_supervisor - INFO - epoch complete
2025-11-06 07:55:02,741 - model.pytorch.dcrnn_supervisor - INFO - evaluating now!
2025-11-06 07:55:07,300 - model.pytorch.dcrnn_supervisor - INFO - Epoch [39/300] (5800) train_mae: 3.7196, val_mae: 4.4022, lr: 0.000001
2025-11-06 07:56:08,322 - model.pytorch.dcrnn_supervisor - INFO - epoch complete
2025-11-06 07:56:08,322 - model.pytorch.dcrnn_supervisor - INFO - evaluating now!
2025-11-06 07:56:12,870 - model.pytorch.dcrnn_supervisor - INFO - Epoch [40/300] (5945) train_mae: 3.7126, val_mae: 4.4054, lr: 0.000010
2025-11-06 07:57:13,740 - model.pytorch.dcrnn_supervisor - INFO - epoch complete
2025-11-06 07:57:13,740 - model.pytorch.dcrnn_supervisor - INFO - evaluating now!
2025-11-06 07:57:18,315 - model.pytorch.dcrnn_supervisor - INFO - Epoch [41/300] (6090) train_mae: 3.7083, val_mae: 4.4563, lr: 0.000010
2025-11-06 07:58:19,371 - model.pytorch.dcrnn_supervisor - INFO - epoch complete
2025-11-06 07:58:19,371 - model.pytorch.dcrnn_supervisor - INFO - evaluating now!
2025-11-06 07:58:24,060 - model.pytorch.dcrnn_supervisor - INFO - Epoch [42/300] (6235) train_mae: 3.7337, val_mae: 4.4238, lr: 0.000010
2025-11-06 07:59:25,275 - model.pytorch.dcrnn_supervisor - INFO - epoch complete
2025-11-06 07:59:25,275 - model.pytorch.dcrnn_supervisor - INFO - evaluating now!
2025-11-06 07:59:29,843 - model.pytorch.dcrnn_supervisor - INFO - Epoch [43/300] (6380) train_mae: 3.6938, val_mae: 4.4047, lr: 0.000010
2025-11-06 08:00:30,807 - model.pytorch.dcrnn_supervisor - INFO - epoch complete
2025-11-06 08:00:30,807 - model.pytorch.dcrnn_supervisor - INFO - evaluating now!
2025-11-06 08:00:35,347 - model.pytorch.dcrnn_supervisor - INFO - Epoch [44/300] (6525) train_mae: 3.6773, val_mae: 4.4605, lr: 0.000010
2025-11-06 08:01:36,234 - model.pytorch.dcrnn_supervisor - INFO - epoch complete
2025-11-06 08:01:36,234 - model.pytorch.dcrnn_supervisor - INFO - evaluating now!
2025-11-06 08:01:40,796 - model.pytorch.dcrnn_supervisor - INFO - Epoch [45/300] (6670) train_mae: 3.6985, val_mae: 4.4611, lr: 0.000010
2025-11-06 08:02:41,798 - model.pytorch.dcrnn_supervisor - INFO - epoch complete
2025-11-06 08:02:41,798 - model.pytorch.dcrnn_supervisor - INFO - evaluating now!
2025-11-06 08:02:46,400 - model.pytorch.dcrnn_supervisor - INFO - Epoch [46/300] (6815) train_mae: 3.7009, val_mae: 4.6110, lr: 0.000010
2025-11-06 08:03:47,063 - model.pytorch.dcrnn_supervisor - INFO - epoch complete
2025-11-06 08:03:47,063 - model.pytorch.dcrnn_supervisor - INFO - evaluating now!
2025-11-06 08:03:51,621 - model.pytorch.dcrnn_supervisor - INFO - Epoch [47/300] (6960) train_mae: 3.6706, val_mae: 4.5769, lr: 0.000010
2025-11-06 08:04:52,965 - model.pytorch.dcrnn_supervisor - INFO - epoch complete
2025-11-06 08:04:52,965 - model.pytorch.dcrnn_supervisor - INFO - evaluating now!
2025-11-06 08:04:57,546 - model.pytorch.dcrnn_supervisor - INFO - Epoch [48/300] (7105) train_mae: 3.6627, val_mae: 4.4282, lr: 0.000010
2025-11-06 08:05:58,607 - model.pytorch.dcrnn_supervisor - INFO - epoch complete
2025-11-06 08:05:58,607 - model.pytorch.dcrnn_supervisor - INFO - evaluating now!
2025-11-06 08:06:03,189 - model.pytorch.dcrnn_supervisor - INFO - Epoch [49/300] (7250) train_mae: 3.6489, val_mae: 4.4190, lr: 0.000000
2025-11-06 08:07:03,942 - model.pytorch.dcrnn_supervisor - INFO - epoch complete
2025-11-06 08:07:03,942 - model.pytorch.dcrnn_supervisor - INFO - evaluating now!
2025-11-06 08:07:08,639 - model.pytorch.dcrnn_supervisor - INFO - Epoch [50/300] (7395) train_mae: 3.6574, val_mae: 4.4494, lr: 0.000001
2025-11-06 08:08:09,615 - model.pytorch.dcrnn_supervisor - INFO - epoch complete
2025-11-06 08:08:09,615 - model.pytorch.dcrnn_supervisor - INFO - evaluating now!
2025-11-06 08:08:14,213 - model.pytorch.dcrnn_supervisor - INFO - Epoch [51/300] (7540) train_mae: 3.6731, val_mae: 4.5481, lr: 0.000001
2025-11-06 08:09:14,985 - model.pytorch.dcrnn_supervisor - INFO - epoch complete
2025-11-06 08:09:14,985 - model.pytorch.dcrnn_supervisor - INFO - evaluating now!
2025-11-06 08:09:19,563 - model.pytorch.dcrnn_supervisor - INFO - Epoch [52/300] (7685) train_mae: 3.6505, val_mae: 4.7087, lr: 0.000001
2025-11-06 08:10:20,589 - model.pytorch.dcrnn_supervisor - INFO - epoch complete
2025-11-06 08:10:20,590 - model.pytorch.dcrnn_supervisor - INFO - evaluating now!
2025-11-06 08:10:25,129 - model.pytorch.dcrnn_supervisor - INFO - Epoch [53/300] (7830) train_mae: 3.6634, val_mae: 4.5923, lr: 0.000001
2025-11-06 08:11:25,763 - model.pytorch.dcrnn_supervisor - INFO - epoch complete
2025-11-06 08:11:25,763 - model.pytorch.dcrnn_supervisor - INFO - evaluating now!
2025-11-06 08:11:30,297 - model.pytorch.dcrnn_supervisor - INFO - Epoch [54/300] (7975) train_mae: 3.6467, val_mae: 4.4975, lr: 0.000001
2025-11-06 08:12:30,996 - model.pytorch.dcrnn_supervisor - INFO - epoch complete
2025-11-06 08:12:30,996 - model.pytorch.dcrnn_supervisor - INFO - evaluating now!
2025-11-06 08:12:35,632 - model.pytorch.dcrnn_supervisor - INFO - Epoch [55/300] (8120) train_mae: 3.6428, val_mae: 4.4524, lr: 0.000001
2025-11-06 08:13:36,680 - model.pytorch.dcrnn_supervisor - INFO - epoch complete
2025-11-06 08:13:36,680 - model.pytorch.dcrnn_supervisor - INFO - evaluating now!
2025-11-06 08:13:41,329 - model.pytorch.dcrnn_supervisor - INFO - Epoch [56/300] (8265) train_mae: 3.6371, val_mae: 4.4290, lr: 0.000001
2025-11-06 08:14:42,264 - model.pytorch.dcrnn_supervisor - INFO - epoch complete
2025-11-06 08:14:42,264 - model.pytorch.dcrnn_supervisor - INFO - evaluating now!
2025-11-06 08:14:46,893 - model.pytorch.dcrnn_supervisor - INFO - Epoch [57/300] (8410) train_mae: 3.6257, val_mae: 4.4855, lr: 0.000001
2025-11-06 08:14:46,893 - model.pytorch.dcrnn_supervisor - WARNING - Early stopping at epoch: 57
2025-11-06 08:14:47,125 - model.pytorch.dcrnn_supervisor - INFO - Loaded model successfully!
2025-11-06 16:29:04,077 - model.pytorch.dcrnn_supervisor - INFO - Log directory: data/model\dcrnn/
2025-11-06 16:30:08,018 - model.pytorch.dcrnn_supervisor - INFO - Model created
2025-11-06 16:30:08,357 - model.pytorch.dcrnn_supervisor - INFO - Loaded model successfully!
2025-11-06 16:34:39,474 - model.pytorch.dcrnn_supervisor - INFO - Log directory: data/model\dcrnn/
2025-11-06 16:35:35,919 - model.pytorch.dcrnn_supervisor - INFO - Model created
2025-11-06 16:35:36,223 - model.pytorch.dcrnn_supervisor - INFO - Loaded model successfully!
2025-11-06 16:37:13,657 - model.pytorch.dcrnn_supervisor - INFO - Log directory: data/model\dcrnn/
2025-11-06 16:38:09,213 - model.pytorch.dcrnn_supervisor - INFO - Model created
2025-11-06 16:38:09,525 - model.pytorch.dcrnn_supervisor - INFO - Loaded model successfully!
2025-11-06 16:43:29,152 - model.pytorch.dcrnn_supervisor - INFO - Log directory: data/model\dcrnn/
2025-11-06 16:44:24,643 - model.pytorch.dcrnn_supervisor - INFO - Model created
2025-11-06 16:52:15,368 - model.pytorch.dcrnn_supervisor - INFO - Log directory: data/model\dcrnn/
2025-11-06 16:53:06,314 - model.pytorch.dcrnn_supervisor - INFO - Model created
2025-11-06 16:53:06,579 - model.pytorch.dcrnn_supervisor - INFO - Loaded model successfully!
2025-11-06 16:54:20,073 - model.pytorch.dcrnn_supervisor - INFO - Log directory: data/model\dcrnn/
2025-11-06 16:55:13,728 - model.pytorch.dcrnn_supervisor - INFO - Model created
2025-11-06 16:55:14,091 - model.pytorch.dcrnn_supervisor - INFO - Loaded model successfully!
2025-11-06 16:59:51,186 - model.pytorch.dcrnn_supervisor - INFO - Log directory: data/model\dcrnn/
2025-11-06 17:00:47,252 - model.pytorch.dcrnn_supervisor - INFO - Model created
2025-11-06 17:00:47,557 - model.pytorch.dcrnn_supervisor - INFO - Loaded model successfully!
2025-11-06 17:10:17,661 - model.pytorch.dcrnn_supervisor - INFO - Log directory: data/model\dcrnn/
2025-11-06 17:11:14,067 - model.pytorch.dcrnn_supervisor - INFO - Model created
2025-11-06 17:11:15,657 - model.pytorch.dcrnn_supervisor - INFO - Start training ...
2025-11-06 17:11:15,657 - model.pytorch.dcrnn_supervisor - INFO - num_batches:145
2025-11-06 17:11:16,062 - model.pytorch.dcrnn_supervisor - INFO - Total trainable parameters 433793
2025-11-06 17:12:13,958 - model.pytorch.dcrnn_supervisor - INFO - epoch complete
2025-11-06 17:12:13,959 - model.pytorch.dcrnn_supervisor - INFO - evaluating now!
2025-11-06 17:12:18,444 - model.pytorch.dcrnn_supervisor - INFO - Epoch [0/1] (145) train_mae: 6.8125, val_mae: 6.1351, lr: 0.010000
2025-11-06 17:12:18,473 - model.pytorch.dcrnn_supervisor - INFO - Saved model at 0
2025-11-06 17:12:18,473 - model.pytorch.dcrnn_supervisor - INFO - Val loss decrease from inf to 6.1351, saving to data/model/pretrained/YINCHUAN/yc_best
2025-11-06 17:12:18,708 - model.pytorch.dcrnn_supervisor - INFO - Loaded model successfully!
2025-11-06 17:48:31,339 - model.pytorch.dcrnn_supervisor - INFO - Log directory: data/model\dcrnn/
2025-11-06 17:49:28,140 - model.pytorch.dcrnn_supervisor - INFO - Model created
2025-11-06 17:49:29,040 - model.pytorch.dcrnn_supervisor - INFO - Start training ...
2025-11-06 17:49:29,040 - model.pytorch.dcrnn_supervisor - INFO - num_batches:145
2025-11-06 17:49:29,446 - model.pytorch.dcrnn_supervisor - INFO - Total trainable parameters 433793
2025-11-06 17:50:26,787 - model.pytorch.dcrnn_supervisor - INFO - epoch complete
2025-11-06 17:50:26,788 - model.pytorch.dcrnn_supervisor - INFO - evaluating now!
2025-11-06 17:50:31,687 - model.pytorch.dcrnn_supervisor - INFO - Epoch [0/300] (145) train_mae: 8.2813, val_mae: 7.6260, lr: 0.010000
2025-11-06 17:50:31,722 - model.pytorch.dcrnn_supervisor - INFO - Saved model at 0
2025-11-06 17:50:31,722 - model.pytorch.dcrnn_supervisor - INFO - Val loss decrease from inf to 7.6260, saving to data/model/pretrained/YINCHUAN/yc_best
2025-11-06 17:51:31,666 - model.pytorch.dcrnn_supervisor - INFO - epoch complete
2025-11-06 17:51:31,666 - model.pytorch.dcrnn_supervisor - INFO - evaluating now!
2025-11-06 17:51:36,172 - model.pytorch.dcrnn_supervisor - INFO - Epoch [1/300] (290) train_mae: 5.0262, val_mae: 5.4620, lr: 0.010000
2025-11-06 17:51:36,197 - model.pytorch.dcrnn_supervisor - INFO - Saved model at 1
2025-11-06 17:51:36,197 - model.pytorch.dcrnn_supervisor - INFO - Val loss decrease from 7.6260 to 5.4620, saving to data/model/pretrained/YINCHUAN/yc_best
2025-11-06 17:52:32,827 - model.pytorch.dcrnn_supervisor - INFO - epoch complete
2025-11-06 17:52:32,827 - model.pytorch.dcrnn_supervisor - INFO - evaluating now!
2025-11-06 17:52:37,618 - model.pytorch.dcrnn_supervisor - INFO - Epoch [2/300] (435) train_mae: 4.8298, val_mae: 5.8292, lr: 0.010000
2025-11-06 17:53:35,825 - model.pytorch.dcrnn_supervisor - INFO - epoch complete
2025-11-06 17:53:35,825 - model.pytorch.dcrnn_supervisor - INFO - evaluating now!
2025-11-06 17:53:40,334 - model.pytorch.dcrnn_supervisor - INFO - Epoch [3/300] (580) train_mae: 4.9987, val_mae: 5.5867, lr: 0.010000
2025-11-06 17:54:37,175 - model.pytorch.dcrnn_supervisor - INFO - epoch complete
2025-11-06 17:54:37,175 - model.pytorch.dcrnn_supervisor - INFO - evaluating now!
2025-11-06 17:54:41,702 - model.pytorch.dcrnn_supervisor - INFO - Epoch [4/300] (725) train_mae: 4.6813, val_mae: 4.8698, lr: 0.010000
2025-11-06 17:54:41,726 - model.pytorch.dcrnn_supervisor - INFO - Saved model at 4
2025-11-06 17:54:41,726 - model.pytorch.dcrnn_supervisor - INFO - Val loss decrease from 5.4620 to 4.8698, saving to data/model/pretrained/YINCHUAN/yc_best
2025-11-06 17:55:38,897 - model.pytorch.dcrnn_supervisor - INFO - epoch complete
2025-11-06 17:55:38,897 - model.pytorch.dcrnn_supervisor - INFO - evaluating now!
2025-11-06 17:55:43,485 - model.pytorch.dcrnn_supervisor - INFO - Epoch [5/300] (870) train_mae: 4.7430, val_mae: 4.9346, lr: 0.010000
2025-11-06 17:56:40,683 - model.pytorch.dcrnn_supervisor - INFO - epoch complete
2025-11-06 17:56:40,683 - model.pytorch.dcrnn_supervisor - INFO - evaluating now!
2025-11-06 17:56:45,215 - model.pytorch.dcrnn_supervisor - INFO - Epoch [6/300] (1015) train_mae: 4.6198, val_mae: 4.7946, lr: 0.010000
2025-11-06 17:56:45,240 - model.pytorch.dcrnn_supervisor - INFO - Saved model at 6
2025-11-06 17:56:45,240 - model.pytorch.dcrnn_supervisor - INFO - Val loss decrease from 4.8698 to 4.7946, saving to data/model/pretrained/YINCHUAN/yc_best
2025-11-06 17:57:42,232 - model.pytorch.dcrnn_supervisor - INFO - epoch complete
2025-11-06 17:57:42,232 - model.pytorch.dcrnn_supervisor - INFO - evaluating now!
2025-11-06 17:57:47,151 - model.pytorch.dcrnn_supervisor - INFO - Epoch [7/300] (1160) train_mae: 4.5595, val_mae: 5.3822, lr: 0.010000
2025-11-06 17:58:43,970 - model.pytorch.dcrnn_supervisor - INFO - epoch complete
2025-11-06 17:58:43,970 - model.pytorch.dcrnn_supervisor - INFO - evaluating now!
2025-11-06 17:58:48,580 - model.pytorch.dcrnn_supervisor - INFO - Epoch [8/300] (1305) train_mae: 4.7300, val_mae: 4.9468, lr: 0.010000
2025-11-06 17:59:45,479 - model.pytorch.dcrnn_supervisor - INFO - epoch complete
2025-11-06 17:59:45,479 - model.pytorch.dcrnn_supervisor - INFO - evaluating now!
2025-11-06 17:59:50,068 - model.pytorch.dcrnn_supervisor - INFO - Epoch [9/300] (1450) train_mae: 4.6463, val_mae: 5.1355, lr: 0.010000
2025-11-06 18:00:46,906 - model.pytorch.dcrnn_supervisor - INFO - epoch complete
2025-11-06 18:00:46,906 - model.pytorch.dcrnn_supervisor - INFO - evaluating now!
2025-11-06 18:00:51,439 - model.pytorch.dcrnn_supervisor - INFO - Epoch [10/300] (1595) train_mae: 4.5427, val_mae: 4.7375, lr: 0.010000
2025-11-06 18:00:51,472 - model.pytorch.dcrnn_supervisor - INFO - Saved model at 10
2025-11-06 18:00:51,472 - model.pytorch.dcrnn_supervisor - INFO - Val loss decrease from 4.7946 to 4.7375, saving to data/model/pretrained/YINCHUAN/yc_best
2025-11-06 18:01:48,451 - model.pytorch.dcrnn_supervisor - INFO - epoch complete
2025-11-06 18:01:48,451 - model.pytorch.dcrnn_supervisor - INFO - evaluating now!
2025-11-06 18:01:53,050 - model.pytorch.dcrnn_supervisor - INFO - Epoch [11/300] (1740) train_mae: 4.4614, val_mae: 4.5846, lr: 0.010000
2025-11-06 18:01:53,074 - model.pytorch.dcrnn_supervisor - INFO - Saved model at 11
2025-11-06 18:01:53,075 - model.pytorch.dcrnn_supervisor - INFO - Val loss decrease from 4.7375 to 4.5846, saving to data/model/pretrained/YINCHUAN/yc_best
2025-11-06 18:02:49,834 - model.pytorch.dcrnn_supervisor - INFO - epoch complete
2025-11-06 18:02:49,834 - model.pytorch.dcrnn_supervisor - INFO - evaluating now!
2025-11-06 18:02:54,388 - model.pytorch.dcrnn_supervisor - INFO - Epoch [12/300] (1885) train_mae: 4.4536, val_mae: 4.6867, lr: 0.010000
2025-11-06 18:03:51,971 - model.pytorch.dcrnn_supervisor - INFO - epoch complete
2025-11-06 18:03:51,971 - model.pytorch.dcrnn_supervisor - INFO - evaluating now!
2025-11-06 18:03:56,727 - model.pytorch.dcrnn_supervisor - INFO - Epoch [13/300] (2030) train_mae: 4.5020, val_mae: 4.8679, lr: 0.010000
2025-11-06 18:04:53,915 - model.pytorch.dcrnn_supervisor - INFO - epoch complete
2025-11-06 18:04:53,915 - model.pytorch.dcrnn_supervisor - INFO - evaluating now!
2025-11-06 18:04:58,447 - model.pytorch.dcrnn_supervisor - INFO - Epoch [14/300] (2175) train_mae: 4.4144, val_mae: 4.7872, lr: 0.010000
2025-11-06 18:05:55,524 - model.pytorch.dcrnn_supervisor - INFO - epoch complete
2025-11-06 18:05:55,524 - model.pytorch.dcrnn_supervisor - INFO - evaluating now!
2025-11-06 18:06:00,106 - model.pytorch.dcrnn_supervisor - INFO - Epoch [15/300] (2320) train_mae: 4.3649, val_mae: 4.5659, lr: 0.010000
2025-11-06 18:06:00,129 - model.pytorch.dcrnn_supervisor - INFO - Saved model at 15
2025-11-06 18:06:00,129 - model.pytorch.dcrnn_supervisor - INFO - Val loss decrease from 4.5846 to 4.5659, saving to data/model/pretrained/YINCHUAN/yc_best
2025-11-06 18:06:57,241 - model.pytorch.dcrnn_supervisor - INFO - epoch complete
2025-11-06 18:06:57,242 - model.pytorch.dcrnn_supervisor - INFO - evaluating now!
2025-11-06 18:07:01,767 - model.pytorch.dcrnn_supervisor - INFO - Epoch [16/300] (2465) train_mae: 4.4027, val_mae: 4.6298, lr: 0.010000
2025-11-06 18:07:58,700 - model.pytorch.dcrnn_supervisor - INFO - epoch complete
2025-11-06 18:07:58,700 - model.pytorch.dcrnn_supervisor - INFO - evaluating now!
2025-11-06 18:08:03,269 - model.pytorch.dcrnn_supervisor - INFO - Epoch [17/300] (2610) train_mae: 4.3236, val_mae: 4.5845, lr: 0.010000
2025-11-06 18:09:00,489 - model.pytorch.dcrnn_supervisor - INFO - epoch complete
2025-11-06 18:09:00,489 - model.pytorch.dcrnn_supervisor - INFO - evaluating now!
2025-11-06 18:09:05,052 - model.pytorch.dcrnn_supervisor - INFO - Epoch [18/300] (2755) train_mae: 4.3512, val_mae: 4.5876, lr: 0.010000
2025-11-06 18:10:01,980 - model.pytorch.dcrnn_supervisor - INFO - epoch complete
2025-11-06 18:10:01,980 - model.pytorch.dcrnn_supervisor - INFO - evaluating now!
2025-11-06 18:10:06,580 - model.pytorch.dcrnn_supervisor - INFO - Epoch [19/300] (2900) train_mae: 4.3611, val_mae: 5.6669, lr: 0.000100
2025-11-06 18:11:03,452 - model.pytorch.dcrnn_supervisor - INFO - epoch complete
2025-11-06 18:11:03,452 - model.pytorch.dcrnn_supervisor - INFO - evaluating now!
2025-11-06 18:11:08,114 - model.pytorch.dcrnn_supervisor - INFO - Epoch [20/300] (3045) train_mae: 4.3456, val_mae: 4.8378, lr: 0.001000
2025-11-06 18:12:05,114 - model.pytorch.dcrnn_supervisor - INFO - epoch complete
2025-11-06 18:12:05,114 - model.pytorch.dcrnn_supervisor - INFO - evaluating now!
2025-11-06 18:12:09,668 - model.pytorch.dcrnn_supervisor - INFO - Epoch [21/300] (3190) train_mae: 4.2797, val_mae: 4.5631, lr: 0.001000
2025-11-06 18:12:09,691 - model.pytorch.dcrnn_supervisor - INFO - Saved model at 21
2025-11-06 18:12:09,692 - model.pytorch.dcrnn_supervisor - INFO - Val loss decrease from 4.5659 to 4.5631, saving to data/model/pretrained/YINCHUAN/yc_best
2025-11-06 18:13:06,401 - model.pytorch.dcrnn_supervisor - INFO - epoch complete
2025-11-06 18:13:06,401 - model.pytorch.dcrnn_supervisor - INFO - evaluating now!
2025-11-06 18:13:11,035 - model.pytorch.dcrnn_supervisor - INFO - Epoch [22/300] (3335) train_mae: 4.2253, val_mae: 4.5603, lr: 0.001000
2025-11-06 18:13:11,060 - model.pytorch.dcrnn_supervisor - INFO - Saved model at 22
2025-11-06 18:13:11,060 - model.pytorch.dcrnn_supervisor - INFO - Val loss decrease from 4.5631 to 4.5603, saving to data/model/pretrained/YINCHUAN/yc_best
2025-11-06 18:14:07,642 - model.pytorch.dcrnn_supervisor - INFO - epoch complete
2025-11-06 18:14:07,643 - model.pytorch.dcrnn_supervisor - INFO - evaluating now!
2025-11-06 18:14:12,232 - model.pytorch.dcrnn_supervisor - INFO - Epoch [23/300] (3480) train_mae: 4.2111, val_mae: 4.6412, lr: 0.001000
2025-11-06 18:15:09,034 - model.pytorch.dcrnn_supervisor - INFO - epoch complete
2025-11-06 18:15:09,034 - model.pytorch.dcrnn_supervisor - INFO - evaluating now!
2025-11-06 18:15:13,631 - model.pytorch.dcrnn_supervisor - INFO - Epoch [24/300] (3625) train_mae: 4.2341, val_mae: 5.1595, lr: 0.001000
2025-11-06 18:16:10,165 - model.pytorch.dcrnn_supervisor - INFO - epoch complete
2025-11-06 18:16:10,165 - model.pytorch.dcrnn_supervisor - INFO - evaluating now!
2025-11-06 18:16:14,686 - model.pytorch.dcrnn_supervisor - INFO - Epoch [25/300] (3770) train_mae: 4.1866, val_mae: 4.6034, lr: 0.001000
2025-11-06 18:17:11,502 - model.pytorch.dcrnn_supervisor - INFO - epoch complete
2025-11-06 18:17:11,502 - model.pytorch.dcrnn_supervisor - INFO - evaluating now!
2025-11-06 18:17:16,183 - model.pytorch.dcrnn_supervisor - INFO - Epoch [26/300] (3915) train_mae: 4.1169, val_mae: 4.5012, lr: 0.001000
2025-11-06 18:17:16,218 - model.pytorch.dcrnn_supervisor - INFO - Saved model at 26
2025-11-06 18:17:16,218 - model.pytorch.dcrnn_supervisor - INFO - Val loss decrease from 4.5603 to 4.5012, saving to data/model/pretrained/YINCHUAN/yc_best
2025-11-06 18:18:13,095 - model.pytorch.dcrnn_supervisor - INFO - epoch complete
2025-11-06 18:18:13,095 - model.pytorch.dcrnn_supervisor - INFO - evaluating now!
2025-11-06 18:18:17,679 - model.pytorch.dcrnn_supervisor - INFO - Epoch [27/300] (4060) train_mae: 4.1289, val_mae: 4.4430, lr: 0.001000
2025-11-06 18:18:17,704 - model.pytorch.dcrnn_supervisor - INFO - Saved model at 27
2025-11-06 18:18:17,704 - model.pytorch.dcrnn_supervisor - INFO - Val loss decrease from 4.5012 to 4.4430, saving to data/model/pretrained/YINCHUAN/yc_best
2025-11-06 18:19:14,816 - model.pytorch.dcrnn_supervisor - INFO - epoch complete
2025-11-06 18:19:14,816 - model.pytorch.dcrnn_supervisor - INFO - evaluating now!
2025-11-06 18:19:19,384 - model.pytorch.dcrnn_supervisor - INFO - Epoch [28/300] (4205) train_mae: 4.1033, val_mae: 4.5561, lr: 0.001000
2025-11-06 18:20:16,389 - model.pytorch.dcrnn_supervisor - INFO - epoch complete
2025-11-06 18:20:16,389 - model.pytorch.dcrnn_supervisor - INFO - evaluating now!
2025-11-06 18:20:20,993 - model.pytorch.dcrnn_supervisor - INFO - Epoch [29/300] (4350) train_mae: 4.0811, val_mae: 4.6276, lr: 0.000010
2025-11-06 18:21:18,025 - model.pytorch.dcrnn_supervisor - INFO - epoch complete
2025-11-06 18:21:18,025 - model.pytorch.dcrnn_supervisor - INFO - evaluating now!
2025-11-06 18:21:22,596 - model.pytorch.dcrnn_supervisor - INFO - Epoch [30/300] (4495) train_mae: 4.0638, val_mae: 4.4626, lr: 0.000100
2025-11-06 18:22:19,515 - model.pytorch.dcrnn_supervisor - INFO - epoch complete
2025-11-06 18:22:19,515 - model.pytorch.dcrnn_supervisor - INFO - evaluating now!
2025-11-06 18:22:24,095 - model.pytorch.dcrnn_supervisor - INFO - Epoch [31/300] (4640) train_mae: 4.0750, val_mae: 4.5408, lr: 0.000100
2025-11-06 18:23:21,720 - model.pytorch.dcrnn_supervisor - INFO - epoch complete
2025-11-06 18:23:21,720 - model.pytorch.dcrnn_supervisor - INFO - evaluating now!
2025-11-06 18:23:26,283 - model.pytorch.dcrnn_supervisor - INFO - Epoch [32/300] (4785) train_mae: 4.0896, val_mae: 4.5256, lr: 0.000100
2025-11-06 18:24:23,236 - model.pytorch.dcrnn_supervisor - INFO - epoch complete
2025-11-06 18:24:23,236 - model.pytorch.dcrnn_supervisor - INFO - evaluating now!
2025-11-06 18:24:27,839 - model.pytorch.dcrnn_supervisor - INFO - Epoch [33/300] (4930) train_mae: 4.0307, val_mae: 4.6813, lr: 0.000100
2025-11-06 18:25:24,756 - model.pytorch.dcrnn_supervisor - INFO - epoch complete
2025-11-06 18:25:24,756 - model.pytorch.dcrnn_supervisor - INFO - evaluating now!
2025-11-06 18:25:29,302 - model.pytorch.dcrnn_supervisor - INFO - Epoch [34/300] (5075) train_mae: 3.9891, val_mae: 4.5860, lr: 0.000100
2025-11-06 18:26:26,262 - model.pytorch.dcrnn_supervisor - INFO - epoch complete
2025-11-06 18:26:26,263 - model.pytorch.dcrnn_supervisor - INFO - evaluating now!
2025-11-06 18:26:30,812 - model.pytorch.dcrnn_supervisor - INFO - Epoch [35/300] (5220) train_mae: 4.0006, val_mae: 4.5031, lr: 0.000100
2025-11-06 18:27:27,795 - model.pytorch.dcrnn_supervisor - INFO - epoch complete
2025-11-06 18:27:27,795 - model.pytorch.dcrnn_supervisor - INFO - evaluating now!
2025-11-06 18:27:32,477 - model.pytorch.dcrnn_supervisor - INFO - Epoch [36/300] (5365) train_mae: 3.9889, val_mae: 4.6304, lr: 0.000100
2025-11-06 18:28:29,615 - model.pytorch.dcrnn_supervisor - INFO - epoch complete
2025-11-06 18:28:29,615 - model.pytorch.dcrnn_supervisor - INFO - evaluating now!
2025-11-06 18:28:34,185 - model.pytorch.dcrnn_supervisor - INFO - Epoch [37/300] (5510) train_mae: 3.9508, val_mae: 4.4521, lr: 0.000100
2025-11-06 18:29:31,278 - model.pytorch.dcrnn_supervisor - INFO - epoch complete
2025-11-06 18:29:31,278 - model.pytorch.dcrnn_supervisor - INFO - evaluating now!
2025-11-06 18:29:35,895 - model.pytorch.dcrnn_supervisor - INFO - Epoch [38/300] (5655) train_mae: 3.9902, val_mae: 4.4592, lr: 0.000100
2025-11-06 18:30:32,912 - model.pytorch.dcrnn_supervisor - INFO - epoch complete
2025-11-06 18:30:32,912 - model.pytorch.dcrnn_supervisor - INFO - evaluating now!
2025-11-06 18:30:37,471 - model.pytorch.dcrnn_supervisor - INFO - Epoch [39/300] (5800) train_mae: 3.9746, val_mae: 4.4872, lr: 0.000001
2025-11-06 18:31:34,483 - model.pytorch.dcrnn_supervisor - INFO - epoch complete
2025-11-06 18:31:34,484 - model.pytorch.dcrnn_supervisor - INFO - evaluating now!
2025-11-06 18:31:39,099 - model.pytorch.dcrnn_supervisor - INFO - Epoch [40/300] (5945) train_mae: 3.9257, val_mae: 4.4142, lr: 0.000010
2025-11-06 18:31:39,123 - model.pytorch.dcrnn_supervisor - INFO - Saved model at 40
2025-11-06 18:31:39,123 - model.pytorch.dcrnn_supervisor - INFO - Val loss decrease from 4.4430 to 4.4142, saving to data/model/pretrained/YINCHUAN/yc_best
2025-11-06 18:32:36,156 - model.pytorch.dcrnn_supervisor - INFO - epoch complete
2025-11-06 18:32:36,156 - model.pytorch.dcrnn_supervisor - INFO - evaluating now!
2025-11-06 18:32:40,692 - model.pytorch.dcrnn_supervisor - INFO - Epoch [41/300] (6090) train_mae: 3.9750, val_mae: 4.5802, lr: 0.000010
2025-11-06 18:33:37,966 - model.pytorch.dcrnn_supervisor - INFO - epoch complete
2025-11-06 18:33:37,967 - model.pytorch.dcrnn_supervisor - INFO - evaluating now!
2025-11-06 18:33:42,531 - model.pytorch.dcrnn_supervisor - INFO - Epoch [42/300] (6235) train_mae: 3.9276, val_mae: 4.5413, lr: 0.000010
2025-11-06 18:34:40,030 - model.pytorch.dcrnn_supervisor - INFO - epoch complete
2025-11-06 18:34:40,030 - model.pytorch.dcrnn_supervisor - INFO - evaluating now!
2025-11-06 18:34:45,013 - model.pytorch.dcrnn_supervisor - INFO - Epoch [43/300] (6380) train_mae: 3.9048, val_mae: 4.6900, lr: 0.000010
2025-11-06 18:35:41,445 - model.pytorch.dcrnn_supervisor - INFO - epoch complete
2025-11-06 18:35:41,445 - model.pytorch.dcrnn_supervisor - INFO - evaluating now!
2025-11-06 18:35:45,783 - model.pytorch.dcrnn_supervisor - INFO - Epoch [44/300] (6525) train_mae: 3.9322, val_mae: 4.5608, lr: 0.000010
2025-11-06 18:37:05,079 - model.pytorch.dcrnn_supervisor - INFO - epoch complete
2025-11-06 18:37:05,079 - model.pytorch.dcrnn_supervisor - INFO - evaluating now!
2025-11-06 18:37:09,564 - model.pytorch.dcrnn_supervisor - INFO - Epoch [45/300] (6670) train_mae: 3.8789, val_mae: 4.5117, lr: 0.000010
2025-11-06 18:38:05,875 - model.pytorch.dcrnn_supervisor - INFO - epoch complete
2025-11-06 18:38:05,875 - model.pytorch.dcrnn_supervisor - INFO - evaluating now!
2025-11-06 18:38:10,402 - model.pytorch.dcrnn_supervisor - INFO - Epoch [46/300] (6815) train_mae: 3.9056, val_mae: 4.4512, lr: 0.000010
2025-11-06 18:39:08,000 - model.pytorch.dcrnn_supervisor - INFO - epoch complete
2025-11-06 18:39:08,000 - model.pytorch.dcrnn_supervisor - INFO - evaluating now!
2025-11-06 18:39:12,543 - model.pytorch.dcrnn_supervisor - INFO - Epoch [47/300] (6960) train_mae: 3.9043, val_mae: 4.5688, lr: 0.000010
2025-11-06 18:40:11,482 - model.pytorch.dcrnn_supervisor - INFO - epoch complete
2025-11-06 18:40:11,482 - model.pytorch.dcrnn_supervisor - INFO - evaluating now!
2025-11-06 18:40:15,973 - model.pytorch.dcrnn_supervisor - INFO - Epoch [48/300] (7105) train_mae: 3.9010, val_mae: 4.5533, lr: 0.000010
2025-11-06 18:41:13,365 - model.pytorch.dcrnn_supervisor - INFO - epoch complete
2025-11-06 18:41:13,365 - model.pytorch.dcrnn_supervisor - INFO - evaluating now!
2025-11-06 18:41:18,164 - model.pytorch.dcrnn_supervisor - INFO - Epoch [49/300] (7250) train_mae: 3.8562, val_mae: 4.6162, lr: 0.000000
2025-11-06 18:42:16,332 - model.pytorch.dcrnn_supervisor - INFO - epoch complete
2025-11-06 18:42:16,333 - model.pytorch.dcrnn_supervisor - INFO - evaluating now!
2025-11-06 18:42:21,037 - model.pytorch.dcrnn_supervisor - INFO - Epoch [50/300] (7395) train_mae: 3.8406, val_mae: 4.5027, lr: 0.000001
2025-11-06 18:43:19,214 - model.pytorch.dcrnn_supervisor - INFO - epoch complete
2025-11-06 18:43:19,214 - model.pytorch.dcrnn_supervisor - INFO - evaluating now!
2025-11-06 18:43:25,656 - model.pytorch.dcrnn_supervisor - INFO - Epoch [51/300] (7540) train_mae: 3.8928, val_mae: 4.5465, lr: 0.000001
2025-11-06 18:44:24,454 - model.pytorch.dcrnn_supervisor - INFO - epoch complete
2025-11-06 18:44:24,454 - model.pytorch.dcrnn_supervisor - INFO - evaluating now!
2025-11-06 18:44:29,125 - model.pytorch.dcrnn_supervisor - INFO - Epoch [52/300] (7685) train_mae: 3.8590, val_mae: 4.5424, lr: 0.000001
2025-11-06 18:45:27,221 - model.pytorch.dcrnn_supervisor - INFO - epoch complete
2025-11-06 18:45:27,222 - model.pytorch.dcrnn_supervisor - INFO - evaluating now!
2025-11-06 18:45:32,583 - model.pytorch.dcrnn_supervisor - INFO - Epoch [53/300] (7830) train_mae: 3.8536, val_mae: 4.5946, lr: 0.000001
2025-11-06 18:46:30,054 - model.pytorch.dcrnn_supervisor - INFO - epoch complete
2025-11-06 18:46:30,054 - model.pytorch.dcrnn_supervisor - INFO - evaluating now!
2025-11-06 18:46:34,552 - model.pytorch.dcrnn_supervisor - INFO - Epoch [54/300] (7975) train_mae: 3.8189, val_mae: 4.6159, lr: 0.000001
2025-11-06 18:47:31,387 - model.pytorch.dcrnn_supervisor - INFO - epoch complete
2025-11-06 18:47:31,388 - model.pytorch.dcrnn_supervisor - INFO - evaluating now!
2025-11-06 18:47:35,918 - model.pytorch.dcrnn_supervisor - INFO - Epoch [55/300] (8120) train_mae: 3.8288, val_mae: 4.4675, lr: 0.000001
2025-11-06 18:48:32,702 - model.pytorch.dcrnn_supervisor - INFO - epoch complete
2025-11-06 18:48:32,703 - model.pytorch.dcrnn_supervisor - INFO - evaluating now!
2025-11-06 18:48:37,488 - model.pytorch.dcrnn_supervisor - INFO - Epoch [56/300] (8265) train_mae: 3.8512, val_mae: 4.4312, lr: 0.000001
2025-11-06 18:49:35,162 - model.pytorch.dcrnn_supervisor - INFO - epoch complete
2025-11-06 18:49:35,162 - model.pytorch.dcrnn_supervisor - INFO - evaluating now!
2025-11-06 18:49:40,310 - model.pytorch.dcrnn_supervisor - INFO - Epoch [57/300] (8410) train_mae: 3.8409, val_mae: 4.4617, lr: 0.000001
2025-11-06 18:50:40,760 - model.pytorch.dcrnn_supervisor - INFO - epoch complete
2025-11-06 18:50:40,760 - model.pytorch.dcrnn_supervisor - INFO - evaluating now!
2025-11-06 18:50:45,417 - model.pytorch.dcrnn_supervisor - INFO - Epoch [58/300] (8555) train_mae: 3.8241, val_mae: 4.6441, lr: 0.000001
2025-11-06 18:51:47,749 - model.pytorch.dcrnn_supervisor - INFO - epoch complete
2025-11-06 18:51:47,750 - model.pytorch.dcrnn_supervisor - INFO - evaluating now!
2025-11-06 18:51:52,606 - model.pytorch.dcrnn_supervisor - INFO - Epoch [59/300] (8700) train_mae: 3.8131, val_mae: 4.5587, lr: 0.000001
2025-11-06 18:52:59,505 - model.pytorch.dcrnn_supervisor - INFO - epoch complete
2025-11-06 18:52:59,505 - model.pytorch.dcrnn_supervisor - INFO - evaluating now!
2025-11-06 18:53:04,216 - model.pytorch.dcrnn_supervisor - INFO - Epoch [60/300] (8845) train_mae: 3.7798, val_mae: 4.4343, lr: 0.000001
2025-11-06 18:54:16,091 - model.pytorch.dcrnn_supervisor - INFO - epoch complete
2025-11-06 18:54:16,093 - model.pytorch.dcrnn_supervisor - INFO - evaluating now!
2025-11-06 18:54:22,713 - model.pytorch.dcrnn_supervisor - INFO - Epoch [61/300] (8990) train_mae: 3.8138, val_mae: 4.4416, lr: 0.000001
2025-11-06 18:55:38,516 - model.pytorch.dcrnn_supervisor - INFO - epoch complete
2025-11-06 18:55:38,517 - model.pytorch.dcrnn_supervisor - INFO - evaluating now!
2025-11-06 18:55:44,319 - model.pytorch.dcrnn_supervisor - INFO - Epoch [62/300] (9135) train_mae: 3.7773, val_mae: 4.5604, lr: 0.000001
2025-11-06 18:57:03,868 - model.pytorch.dcrnn_supervisor - INFO - epoch complete
2025-11-06 18:57:03,869 - model.pytorch.dcrnn_supervisor - INFO - evaluating now!
2025-11-06 18:57:10,186 - model.pytorch.dcrnn_supervisor - INFO - Epoch [63/300] (9280) train_mae: 3.8357, val_mae: 4.6792, lr: 0.000001
2025-11-06 18:58:25,603 - model.pytorch.dcrnn_supervisor - INFO - epoch complete
2025-11-06 18:58:25,603 - model.pytorch.dcrnn_supervisor - INFO - evaluating now!
2025-11-06 18:58:31,663 - model.pytorch.dcrnn_supervisor - INFO - Epoch [64/300] (9425) train_mae: 3.8151, val_mae: 4.4267, lr: 0.000001
2025-11-06 18:59:46,248 - model.pytorch.dcrnn_supervisor - INFO - epoch complete
2025-11-06 18:59:46,248 - model.pytorch.dcrnn_supervisor - INFO - evaluating now!
2025-11-06 18:59:53,654 - model.pytorch.dcrnn_supervisor - INFO - Epoch [65/300] (9570) train_mae: 3.8054, val_mae: 4.6387, lr: 0.000001
2025-11-06 19:01:17,112 - model.pytorch.dcrnn_supervisor - INFO - epoch complete
2025-11-06 19:01:17,113 - model.pytorch.dcrnn_supervisor - INFO - evaluating now!
2025-11-06 19:01:23,761 - model.pytorch.dcrnn_supervisor - INFO - Epoch [66/300] (9715) train_mae: 3.7692, val_mae: 4.5630, lr: 0.000001
2025-11-06 19:02:48,336 - model.pytorch.dcrnn_supervisor - INFO - epoch complete
2025-11-06 19:02:48,336 - model.pytorch.dcrnn_supervisor - INFO - evaluating now!
2025-11-06 19:02:54,344 - model.pytorch.dcrnn_supervisor - INFO - Epoch [67/300] (9860) train_mae: 3.7630, val_mae: 4.4415, lr: 0.000001
2025-11-06 19:04:12,346 - model.pytorch.dcrnn_supervisor - INFO - epoch complete
2025-11-06 19:04:12,346 - model.pytorch.dcrnn_supervisor - INFO - evaluating now!
2025-11-06 19:04:18,884 - model.pytorch.dcrnn_supervisor - INFO - Epoch [68/300] (10005) train_mae: 3.8001, val_mae: 4.4515, lr: 0.000001
2025-11-06 19:05:33,419 - model.pytorch.dcrnn_supervisor - INFO - epoch complete
2025-11-06 19:05:33,419 - model.pytorch.dcrnn_supervisor - INFO - evaluating now!
2025-11-06 19:05:39,172 - model.pytorch.dcrnn_supervisor - INFO - Epoch [69/300] (10150) train_mae: 3.7919, val_mae: 4.6522, lr: 0.000001
2025-11-06 19:06:47,139 - model.pytorch.dcrnn_supervisor - INFO - epoch complete
2025-11-06 19:06:47,139 - model.pytorch.dcrnn_supervisor - INFO - evaluating now!
2025-11-06 19:06:52,955 - model.pytorch.dcrnn_supervisor - INFO - Epoch [70/300] (10295) train_mae: 3.8124, val_mae: 4.7300, lr: 0.000001
2025-11-06 19:06:52,955 - model.pytorch.dcrnn_supervisor - WARNING - Early stopping at epoch: 70
2025-11-06 19:06:53,310 - model.pytorch.dcrnn_supervisor - INFO - Loaded model successfully!
2025-11-06 19:29:45,481 - model.pytorch.dcrnn_supervisor - INFO - Log directory: data/model\dcrnn/
2025-11-06 19:30:42,939 - model.pytorch.dcrnn_supervisor - INFO - Model created
2025-11-06 19:30:44,212 - model.pytorch.dcrnn_supervisor - INFO - Start training ...
2025-11-06 19:30:44,212 - model.pytorch.dcrnn_supervisor - INFO - num_batches:145
2025-11-06 19:43:15,086 - model.pytorch.dcrnn_supervisor - INFO - Log directory: data/model\dcrnn/
2025-11-06 19:44:22,759 - model.pytorch.dcrnn_supervisor - INFO - Model created
2025-11-06 19:44:23,696 - model.pytorch.dcrnn_supervisor - INFO - Start training ...
2025-11-06 19:44:23,696 - model.pytorch.dcrnn_supervisor - INFO - num_batches:145
2025-11-06 19:54:27,700 - model.pytorch.dcrnn_supervisor - INFO - Log directory: data/model\dcrnn/
2025-11-06 19:55:41,225 - model.pytorch.dcrnn_supervisor - INFO - Model created
2025-11-06 19:55:42,946 - model.pytorch.dcrnn_supervisor - INFO - Start training ...
2025-11-06 19:55:42,946 - model.pytorch.dcrnn_supervisor - INFO - num_batches:145
2025-11-06 19:55:43,420 - model.pytorch.dcrnn_supervisor - INFO - Total trainable parameters 492481
2025-11-06 19:57:13,376 - model.pytorch.dcrnn_supervisor - INFO - Log directory: data/model\dcrnn/
2025-11-06 19:58:24,091 - model.pytorch.dcrnn_supervisor - INFO - Model created
2025-11-06 19:58:26,009 - model.pytorch.dcrnn_supervisor - INFO - Start training ...
2025-11-06 19:58:26,009 - model.pytorch.dcrnn_supervisor - INFO - num_batches:145
2025-11-06 19:58:26,574 - model.pytorch.dcrnn_supervisor - INFO - Total trainable parameters 492481
2025-11-06 19:59:25,483 - model.pytorch.dcrnn_supervisor - INFO - Log directory: data/model\dcrnn/
2025-11-06 20:00:40,114 - model.pytorch.dcrnn_supervisor - INFO - Model created
2025-11-06 20:00:41,931 - model.pytorch.dcrnn_supervisor - INFO - Start training ...
2025-11-06 20:00:41,931 - model.pytorch.dcrnn_supervisor - INFO - num_batches:145
2025-11-06 20:00:42,475 - model.pytorch.dcrnn_supervisor - INFO - Total trainable parameters 492481
2025-11-06 20:01:50,766 - model.pytorch.dcrnn_supervisor - INFO - epoch complete
2025-11-06 20:01:50,781 - model.pytorch.dcrnn_supervisor - INFO - evaluating now!
2025-11-06 20:01:55,753 - model.pytorch.dcrnn_supervisor - INFO - Epoch [0/1] (145) train_mae: 9.1629, val_mae: 14.0895, lr: 0.010000
2025-11-06 20:01:55,758 - model.pytorch.dcrnn_supervisor - INFO - Saved model at 0
2025-11-06 20:01:55,758 - model.pytorch.dcrnn_supervisor - INFO - Val loss decrease from inf to 14.0895, saving to data/model/pretrained/YINCHUAN/yc_best
2025-11-06 20:01:56,119 - model.pytorch.dcrnn_supervisor - INFO - Loaded model successfully!
2025-11-06 20:02:28,389 - model.pytorch.dcrnn_supervisor - INFO - Log directory: data/model\dcrnn/
2025-11-06 20:03:30,687 - model.pytorch.dcrnn_supervisor - INFO - Model created
2025-11-06 20:03:31,630 - model.pytorch.dcrnn_supervisor - INFO - Start training ...
2025-11-06 20:03:31,630 - model.pytorch.dcrnn_supervisor - INFO - num_batches:145
2025-11-06 20:03:32,031 - model.pytorch.dcrnn_supervisor - INFO - Total trainable parameters 492481
2025-11-06 20:04:38,864 - model.pytorch.dcrnn_supervisor - INFO - epoch complete
2025-11-06 20:04:38,865 - model.pytorch.dcrnn_supervisor - INFO - evaluating now!
2025-11-06 20:04:44,580 - model.pytorch.dcrnn_supervisor - INFO - Epoch [0/100] (145) train_mae: 9.8045, val_mae: 16.0799, lr: 0.010000
2025-11-06 20:04:44,591 - model.pytorch.dcrnn_supervisor - INFO - Saved model at 0
2025-11-06 20:04:44,591 - model.pytorch.dcrnn_supervisor - INFO - Val loss decrease from inf to 16.0799, saving to data/model/pretrained/YINCHUAN/yc_best
2025-11-06 20:05:50,725 - model.pytorch.dcrnn_supervisor - INFO - epoch complete
2025-11-06 20:05:50,725 - model.pytorch.dcrnn_supervisor - INFO - evaluating now!
2025-11-06 20:05:55,356 - model.pytorch.dcrnn_supervisor - INFO - Epoch [1/100] (290) train_mae: 7.2387, val_mae: 14.6741, lr: 0.010000
2025-11-06 20:05:55,364 - model.pytorch.dcrnn_supervisor - INFO - Saved model at 1
2025-11-06 20:05:55,364 - model.pytorch.dcrnn_supervisor - INFO - Val loss decrease from 16.0799 to 14.6741, saving to data/model/pretrained/YINCHUAN/yc_best
2025-11-06 20:07:00,821 - model.pytorch.dcrnn_supervisor - INFO - epoch complete
2025-11-06 20:07:00,822 - model.pytorch.dcrnn_supervisor - INFO - evaluating now!
2025-11-06 20:07:06,261 - model.pytorch.dcrnn_supervisor - INFO - Epoch [2/100] (435) train_mae: 6.8538, val_mae: 14.5515, lr: 0.010000
2025-11-06 20:07:06,265 - model.pytorch.dcrnn_supervisor - INFO - Saved model at 2
2025-11-06 20:07:06,266 - model.pytorch.dcrnn_supervisor - INFO - Val loss decrease from 14.6741 to 14.5515, saving to data/model/pretrained/YINCHUAN/yc_best
2025-11-06 20:08:19,400 - model.pytorch.dcrnn_supervisor - INFO - epoch complete
2025-11-06 20:08:19,400 - model.pytorch.dcrnn_supervisor - INFO - evaluating now!
2025-11-06 20:08:24,574 - model.pytorch.dcrnn_supervisor - INFO - Epoch [3/100] (580) train_mae: 7.0330, val_mae: 18.5607, lr: 0.010000
2025-11-06 20:09:27,583 - model.pytorch.dcrnn_supervisor - INFO - epoch complete
2025-11-06 20:09:27,583 - model.pytorch.dcrnn_supervisor - INFO - evaluating now!
2025-11-06 20:09:32,321 - model.pytorch.dcrnn_supervisor - INFO - Epoch [4/100] (725) train_mae: 6.1863, val_mae: 12.0618, lr: 0.010000
2025-11-06 20:09:32,325 - model.pytorch.dcrnn_supervisor - INFO - Saved model at 4
2025-11-06 20:09:32,326 - model.pytorch.dcrnn_supervisor - INFO - Val loss decrease from 14.5515 to 12.0618, saving to data/model/pretrained/YINCHUAN/yc_best
2025-11-06 20:10:34,294 - model.pytorch.dcrnn_supervisor - INFO - epoch complete
2025-11-06 20:10:34,294 - model.pytorch.dcrnn_supervisor - INFO - evaluating now!
2025-11-06 20:10:38,888 - model.pytorch.dcrnn_supervisor - INFO - Epoch [5/100] (870) train_mae: 5.8874, val_mae: 11.7556, lr: 0.010000
2025-11-06 20:10:38,899 - model.pytorch.dcrnn_supervisor - INFO - Saved model at 5
2025-11-06 20:10:38,899 - model.pytorch.dcrnn_supervisor - INFO - Val loss decrease from 12.0618 to 11.7556, saving to data/model/pretrained/YINCHUAN/yc_best
2025-11-06 20:11:42,748 - model.pytorch.dcrnn_supervisor - INFO - epoch complete
2025-11-06 20:11:42,748 - model.pytorch.dcrnn_supervisor - INFO - evaluating now!
2025-11-06 20:11:47,923 - model.pytorch.dcrnn_supervisor - INFO - Epoch [6/100] (1015) train_mae: 5.7128, val_mae: 13.5495, lr: 0.010000
2025-11-06 20:12:48,997 - model.pytorch.dcrnn_supervisor - INFO - epoch complete
2025-11-06 20:12:48,997 - model.pytorch.dcrnn_supervisor - INFO - evaluating now!
2025-11-06 20:12:53,680 - model.pytorch.dcrnn_supervisor - INFO - Epoch [7/100] (1160) train_mae: 5.5918, val_mae: 8.9936, lr: 0.010000
2025-11-06 20:12:53,684 - model.pytorch.dcrnn_supervisor - INFO - Saved model at 7
2025-11-06 20:12:53,684 - model.pytorch.dcrnn_supervisor - INFO - Val loss decrease from 11.7556 to 8.9936, saving to data/model/pretrained/YINCHUAN/yc_best
2025-11-06 20:13:55,789 - model.pytorch.dcrnn_supervisor - INFO - epoch complete
2025-11-06 20:13:55,789 - model.pytorch.dcrnn_supervisor - INFO - evaluating now!
2025-11-06 20:14:00,604 - model.pytorch.dcrnn_supervisor - INFO - Epoch [8/100] (1305) train_mae: 5.4822, val_mae: 14.3844, lr: 0.010000
2025-11-06 20:15:02,504 - model.pytorch.dcrnn_supervisor - INFO - epoch complete
2025-11-06 20:15:02,504 - model.pytorch.dcrnn_supervisor - INFO - evaluating now!
2025-11-06 20:15:07,223 - model.pytorch.dcrnn_supervisor - INFO - Epoch [9/100] (1450) train_mae: 5.4023, val_mae: 18.7884, lr: 0.010000
2025-11-06 20:16:09,135 - model.pytorch.dcrnn_supervisor - INFO - epoch complete
2025-11-06 20:16:09,136 - model.pytorch.dcrnn_supervisor - INFO - evaluating now!
2025-11-06 20:16:13,742 - model.pytorch.dcrnn_supervisor - INFO - Epoch [10/100] (1595) train_mae: 5.3545, val_mae: 9.4177, lr: 0.010000
2025-11-06 20:17:51,830 - model.pytorch.dcrnn_supervisor - INFO - epoch complete
2025-11-06 20:17:51,830 - model.pytorch.dcrnn_supervisor - INFO - evaluating now!
2025-11-06 20:17:57,190 - model.pytorch.dcrnn_supervisor - INFO - Epoch [11/100] (1740) train_mae: 5.3067, val_mae: 10.0571, lr: 0.010000
2025-11-06 20:19:00,914 - model.pytorch.dcrnn_supervisor - INFO - epoch complete
2025-11-06 20:19:00,914 - model.pytorch.dcrnn_supervisor - INFO - evaluating now!
2025-11-06 20:19:05,520 - model.pytorch.dcrnn_supervisor - INFO - Epoch [12/100] (1885) train_mae: 5.2693, val_mae: 12.7484, lr: 0.010000
2025-11-06 20:20:09,725 - model.pytorch.dcrnn_supervisor - INFO - epoch complete
2025-11-06 20:20:09,725 - model.pytorch.dcrnn_supervisor - INFO - evaluating now!
2025-11-06 20:20:14,429 - model.pytorch.dcrnn_supervisor - INFO - Epoch [13/100] (2030) train_mae: 5.2536, val_mae: 17.7611, lr: 0.010000
2025-11-06 20:21:16,463 - model.pytorch.dcrnn_supervisor - INFO - epoch complete
2025-11-06 20:21:16,463 - model.pytorch.dcrnn_supervisor - INFO - evaluating now!
2025-11-06 20:21:21,236 - model.pytorch.dcrnn_supervisor - INFO - Epoch [14/100] (2175) train_mae: 5.6473, val_mae: 13.8856, lr: 0.010000
2025-11-06 20:22:23,723 - model.pytorch.dcrnn_supervisor - INFO - epoch complete
2025-11-06 20:22:23,725 - model.pytorch.dcrnn_supervisor - INFO - evaluating now!
2025-11-06 20:22:28,413 - model.pytorch.dcrnn_supervisor - INFO - Epoch [15/100] (2320) train_mae: 5.7520, val_mae: 7.6103, lr: 0.010000
2025-11-06 20:22:28,462 - model.pytorch.dcrnn_supervisor - INFO - Saved model at 15
2025-11-06 20:22:28,462 - model.pytorch.dcrnn_supervisor - INFO - Val loss decrease from 8.9936 to 7.6103, saving to data/model/pretrained/YINCHUAN/yc_best
2025-11-06 20:23:50,353 - model.pytorch.dcrnn_supervisor - INFO - epoch complete
2025-11-06 20:23:50,353 - model.pytorch.dcrnn_supervisor - INFO - evaluating now!
2025-11-06 20:23:55,521 - model.pytorch.dcrnn_supervisor - INFO - Epoch [16/100] (2465) train_mae: 5.5197, val_mae: 7.8311, lr: 0.010000
2025-11-06 20:25:00,905 - model.pytorch.dcrnn_supervisor - INFO - epoch complete
2025-11-06 20:25:00,905 - model.pytorch.dcrnn_supervisor - INFO - evaluating now!
2025-11-06 20:25:05,460 - model.pytorch.dcrnn_supervisor - INFO - Epoch [17/100] (2610) train_mae: 5.2154, val_mae: 10.0653, lr: 0.010000
2025-11-06 20:26:08,949 - model.pytorch.dcrnn_supervisor - INFO - epoch complete
2025-11-06 20:26:08,950 - model.pytorch.dcrnn_supervisor - INFO - evaluating now!
2025-11-06 20:26:13,546 - model.pytorch.dcrnn_supervisor - INFO - Epoch [18/100] (2755) train_mae: 5.1793, val_mae: 16.7529, lr: 0.010000
2025-11-06 20:27:17,177 - model.pytorch.dcrnn_supervisor - INFO - epoch complete
2025-11-06 20:27:17,178 - model.pytorch.dcrnn_supervisor - INFO - evaluating now!
2025-11-06 20:27:21,863 - model.pytorch.dcrnn_supervisor - INFO - Epoch [19/100] (2900) train_mae: 5.1634, val_mae: 7.3790, lr: 0.000100
2025-11-06 20:27:21,867 - model.pytorch.dcrnn_supervisor - INFO - Saved model at 19
2025-11-06 20:27:21,867 - model.pytorch.dcrnn_supervisor - INFO - Val loss decrease from 7.6103 to 7.3790, saving to data/model/pretrained/YINCHUAN/yc_best
2025-11-06 20:28:21,969 - model.pytorch.dcrnn_supervisor - INFO - epoch complete
2025-11-06 20:28:21,970 - model.pytorch.dcrnn_supervisor - INFO - evaluating now!
2025-11-06 20:28:26,876 - model.pytorch.dcrnn_supervisor - INFO - Epoch [20/100] (3045) train_mae: 5.1302, val_mae: 8.5857, lr: 0.001000
2025-11-06 20:29:26,854 - model.pytorch.dcrnn_supervisor - INFO - epoch complete
2025-11-06 20:29:26,854 - model.pytorch.dcrnn_supervisor - INFO - evaluating now!
2025-11-06 20:29:31,562 - model.pytorch.dcrnn_supervisor - INFO - Epoch [21/100] (3190) train_mae: 5.0889, val_mae: 11.3884, lr: 0.001000
2025-11-06 20:30:32,236 - model.pytorch.dcrnn_supervisor - INFO - epoch complete
2025-11-06 20:30:32,236 - model.pytorch.dcrnn_supervisor - INFO - evaluating now!
2025-11-06 20:30:36,926 - model.pytorch.dcrnn_supervisor - INFO - Epoch [22/100] (3335) train_mae: 5.0670, val_mae: 7.8659, lr: 0.001000
2025-11-06 20:31:38,654 - model.pytorch.dcrnn_supervisor - INFO - epoch complete
2025-11-06 20:31:38,655 - model.pytorch.dcrnn_supervisor - INFO - evaluating now!
2025-11-06 20:31:43,454 - model.pytorch.dcrnn_supervisor - INFO - Epoch [23/100] (3480) train_mae: 5.0470, val_mae: 12.4893, lr: 0.001000
2025-11-06 20:32:46,600 - model.pytorch.dcrnn_supervisor - INFO - epoch complete
2025-11-06 20:32:46,600 - model.pytorch.dcrnn_supervisor - INFO - evaluating now!
2025-11-06 20:32:51,506 - model.pytorch.dcrnn_supervisor - INFO - Epoch [24/100] (3625) train_mae: 5.0276, val_mae: 14.3305, lr: 0.001000
2025-11-06 20:33:54,968 - model.pytorch.dcrnn_supervisor - INFO - epoch complete
2025-11-06 20:33:54,968 - model.pytorch.dcrnn_supervisor - INFO - evaluating now!
2025-11-06 20:33:59,950 - model.pytorch.dcrnn_supervisor - INFO - Epoch [25/100] (3770) train_mae: 5.0135, val_mae: 8.3922, lr: 0.001000
2025-11-06 20:35:02,802 - model.pytorch.dcrnn_supervisor - INFO - epoch complete
2025-11-06 20:35:02,803 - model.pytorch.dcrnn_supervisor - INFO - evaluating now!
2025-11-06 20:35:07,658 - model.pytorch.dcrnn_supervisor - INFO - Epoch [26/100] (3915) train_mae: 4.9964, val_mae: 7.8573, lr: 0.001000
2025-11-06 20:36:10,358 - model.pytorch.dcrnn_supervisor - INFO - epoch complete
2025-11-06 20:36:10,360 - model.pytorch.dcrnn_supervisor - INFO - evaluating now!
2025-11-06 20:36:15,282 - model.pytorch.dcrnn_supervisor - INFO - Epoch [27/100] (4060) train_mae: 4.9844, val_mae: 11.5154, lr: 0.001000
2025-11-06 20:37:17,542 - model.pytorch.dcrnn_supervisor - INFO - epoch complete
2025-11-06 20:37:17,542 - model.pytorch.dcrnn_supervisor - INFO - evaluating now!
2025-11-06 20:37:22,307 - model.pytorch.dcrnn_supervisor - INFO - Epoch [28/100] (4205) train_mae: 4.9766, val_mae: 7.0569, lr: 0.001000
2025-11-06 20:37:22,338 - model.pytorch.dcrnn_supervisor - INFO - Saved model at 28
2025-11-06 20:37:22,338 - model.pytorch.dcrnn_supervisor - INFO - Val loss decrease from 7.3790 to 7.0569, saving to data/model/pretrained/YINCHUAN/yc_best
2025-11-06 20:38:24,684 - model.pytorch.dcrnn_supervisor - INFO - epoch complete
2025-11-06 20:38:24,684 - model.pytorch.dcrnn_supervisor - INFO - evaluating now!
2025-11-06 20:38:29,425 - model.pytorch.dcrnn_supervisor - INFO - Epoch [29/100] (4350) train_mae: 4.9605, val_mae: 12.6160, lr: 0.000010
2025-11-06 20:39:32,292 - model.pytorch.dcrnn_supervisor - INFO - epoch complete
2025-11-06 20:39:32,292 - model.pytorch.dcrnn_supervisor - INFO - evaluating now!
2025-11-06 20:39:37,089 - model.pytorch.dcrnn_supervisor - INFO - Epoch [30/100] (4495) train_mae: 4.9423, val_mae: 13.5237, lr: 0.000100
2025-11-06 20:40:39,274 - model.pytorch.dcrnn_supervisor - INFO - epoch complete
2025-11-06 20:40:39,274 - model.pytorch.dcrnn_supervisor - INFO - evaluating now!
2025-11-06 20:40:44,131 - model.pytorch.dcrnn_supervisor - INFO - Epoch [31/100] (4640) train_mae: 4.9396, val_mae: 6.9430, lr: 0.000100
2025-11-06 20:40:44,135 - model.pytorch.dcrnn_supervisor - INFO - Saved model at 31
2025-11-06 20:40:44,135 - model.pytorch.dcrnn_supervisor - INFO - Val loss decrease from 7.0569 to 6.9430, saving to data/model/pretrained/YINCHUAN/yc_best
2025-11-06 20:41:46,635 - model.pytorch.dcrnn_supervisor - INFO - epoch complete
2025-11-06 20:41:46,635 - model.pytorch.dcrnn_supervisor - INFO - evaluating now!
2025-11-06 20:41:51,392 - model.pytorch.dcrnn_supervisor - INFO - Epoch [32/100] (4785) train_mae: 4.9312, val_mae: 8.4708, lr: 0.000100
2025-11-06 20:42:53,955 - model.pytorch.dcrnn_supervisor - INFO - epoch complete
2025-11-06 20:42:53,955 - model.pytorch.dcrnn_supervisor - INFO - evaluating now!
2025-11-06 20:42:58,847 - model.pytorch.dcrnn_supervisor - INFO - Epoch [33/100] (4930) train_mae: 4.9038, val_mae: 10.0309, lr: 0.000100
2025-11-06 20:44:01,316 - model.pytorch.dcrnn_supervisor - INFO - epoch complete
2025-11-06 20:44:01,317 - model.pytorch.dcrnn_supervisor - INFO - evaluating now!
2025-11-06 20:44:06,171 - model.pytorch.dcrnn_supervisor - INFO - Epoch [34/100] (5075) train_mae: 4.9041, val_mae: 12.6933, lr: 0.000100
2025-11-06 20:45:03,018 - model.pytorch.dcrnn_supervisor - INFO - Log directory: data/model\dcrnn/
2025-11-06 20:45:59,071 - model.pytorch.dcrnn_supervisor - INFO - Model created
2025-11-06 20:45:59,403 - model.pytorch.dcrnn_supervisor - INFO - Loaded model successfully!
2025-11-06 20:49:40,159 - model.pytorch.dcrnn_supervisor - INFO - Log directory: data/model\dcrnn/
2025-11-06 20:50:05,011 - model.pytorch.dcrnn_supervisor - INFO - Log directory: data/model\dcrnn/
2025-11-06 20:51:06,367 - model.pytorch.dcrnn_supervisor - INFO - Model created
2025-11-06 20:51:31,168 - model.pytorch.dcrnn_supervisor - INFO - Log directory: data/model\dcrnn/
2025-11-06 20:52:30,182 - model.pytorch.dcrnn_supervisor - INFO - Model created
2025-11-06 20:52:31,142 - model.pytorch.dcrnn_supervisor - INFO - Start training ...
2025-11-06 20:52:31,142 - model.pytorch.dcrnn_supervisor - INFO - num_batches:145
2025-11-06 20:52:31,549 - model.pytorch.dcrnn_supervisor - INFO - Total trainable parameters 433793
2025-11-06 20:53:30,201 - model.pytorch.dcrnn_supervisor - INFO - epoch complete
2025-11-06 20:53:30,202 - model.pytorch.dcrnn_supervisor - INFO - evaluating now!
2025-11-06 20:53:34,996 - model.pytorch.dcrnn_supervisor - INFO - Epoch [0/300] (145) train_mae: 6.2170, val_mae: 5.5219, lr: 0.010000
2025-11-06 20:53:35,022 - model.pytorch.dcrnn_supervisor - INFO - Saved model at 0
2025-11-06 20:53:35,022 - model.pytorch.dcrnn_supervisor - INFO - Val loss decrease from inf to 5.5219, saving to data/model/pretrained/YINCHUAN/yc_best
2025-11-06 20:54:33,393 - model.pytorch.dcrnn_supervisor - INFO - epoch complete
2025-11-06 20:54:33,393 - model.pytorch.dcrnn_supervisor - INFO - evaluating now!
2025-11-06 20:54:37,993 - model.pytorch.dcrnn_supervisor - INFO - Epoch [1/300] (290) train_mae: 4.8007, val_mae: 5.0506, lr: 0.010000
2025-11-06 20:54:38,018 - model.pytorch.dcrnn_supervisor - INFO - Saved model at 1
2025-11-06 20:54:38,018 - model.pytorch.dcrnn_supervisor - INFO - Val loss decrease from 5.5219 to 5.0506, saving to data/model/pretrained/YINCHUAN/yc_best
2025-11-06 20:55:36,259 - model.pytorch.dcrnn_supervisor - INFO - epoch complete
2025-11-06 20:55:36,259 - model.pytorch.dcrnn_supervisor - INFO - evaluating now!
2025-11-06 20:55:41,043 - model.pytorch.dcrnn_supervisor - INFO - Epoch [2/300] (435) train_mae: 4.6817, val_mae: 4.7931, lr: 0.010000
2025-11-06 20:55:41,068 - model.pytorch.dcrnn_supervisor - INFO - Saved model at 2
2025-11-06 20:55:41,068 - model.pytorch.dcrnn_supervisor - INFO - Val loss decrease from 5.0506 to 4.7931, saving to data/model/pretrained/YINCHUAN/yc_best
2025-11-06 20:56:41,821 - model.pytorch.dcrnn_supervisor - INFO - epoch complete
2025-11-06 20:56:41,821 - model.pytorch.dcrnn_supervisor - INFO - evaluating now!
2025-11-06 20:56:46,263 - model.pytorch.dcrnn_supervisor - INFO - Epoch [3/300] (580) train_mae: 4.5416, val_mae: 4.6030, lr: 0.010000
2025-11-06 20:56:46,297 - model.pytorch.dcrnn_supervisor - INFO - Saved model at 3
2025-11-06 20:56:46,297 - model.pytorch.dcrnn_supervisor - INFO - Val loss decrease from 4.7931 to 4.6030, saving to data/model/pretrained/YINCHUAN/yc_best
2025-11-06 20:57:47,982 - model.pytorch.dcrnn_supervisor - INFO - epoch complete
2025-11-06 20:57:47,982 - model.pytorch.dcrnn_supervisor - INFO - evaluating now!
2025-11-06 20:57:52,691 - model.pytorch.dcrnn_supervisor - INFO - Epoch [4/300] (725) train_mae: 4.4906, val_mae: 4.5956, lr: 0.010000
2025-11-06 20:57:52,734 - model.pytorch.dcrnn_supervisor - INFO - Saved model at 4
2025-11-06 20:57:52,734 - model.pytorch.dcrnn_supervisor - INFO - Val loss decrease from 4.6030 to 4.5956, saving to data/model/pretrained/YINCHUAN/yc_best
2025-11-06 20:58:58,264 - model.pytorch.dcrnn_supervisor - INFO - epoch complete
2025-11-06 20:58:58,264 - model.pytorch.dcrnn_supervisor - INFO - evaluating now!
2025-11-06 20:59:02,821 - model.pytorch.dcrnn_supervisor - INFO - Epoch [5/300] (870) train_mae: 4.4533, val_mae: 4.5913, lr: 0.010000
2025-11-06 20:59:02,864 - model.pytorch.dcrnn_supervisor - INFO - Saved model at 5
2025-11-06 20:59:02,865 - model.pytorch.dcrnn_supervisor - INFO - Val loss decrease from 4.5956 to 4.5913, saving to data/model/pretrained/YINCHUAN/yc_best
2025-11-06 21:00:04,006 - model.pytorch.dcrnn_supervisor - INFO - epoch complete
2025-11-06 21:00:04,006 - model.pytorch.dcrnn_supervisor - INFO - evaluating now!
2025-11-06 21:00:08,443 - model.pytorch.dcrnn_supervisor - INFO - Epoch [6/300] (1015) train_mae: 4.4007, val_mae: 4.5462, lr: 0.010000
2025-11-06 21:00:08,484 - model.pytorch.dcrnn_supervisor - INFO - Saved model at 6
2025-11-06 21:00:08,484 - model.pytorch.dcrnn_supervisor - INFO - Val loss decrease from 4.5913 to 4.5462, saving to data/model/pretrained/YINCHUAN/yc_best
2025-11-06 21:01:08,772 - model.pytorch.dcrnn_supervisor - INFO - epoch complete
2025-11-06 21:01:08,772 - model.pytorch.dcrnn_supervisor - INFO - evaluating now!
2025-11-06 21:01:14,610 - model.pytorch.dcrnn_supervisor - INFO - Epoch [7/300] (1160) train_mae: 4.3639, val_mae: 4.5906, lr: 0.010000
2025-11-06 21:02:16,199 - model.pytorch.dcrnn_supervisor - INFO - epoch complete
2025-11-06 21:02:16,199 - model.pytorch.dcrnn_supervisor - INFO - evaluating now!
2025-11-06 21:02:20,841 - model.pytorch.dcrnn_supervisor - INFO - Epoch [8/300] (1305) train_mae: 4.3145, val_mae: 4.4928, lr: 0.010000
2025-11-06 21:02:20,870 - model.pytorch.dcrnn_supervisor - INFO - Saved model at 8
2025-11-06 21:02:20,870 - model.pytorch.dcrnn_supervisor - INFO - Val loss decrease from 4.5462 to 4.4928, saving to data/model/pretrained/YINCHUAN/yc_best
2025-11-06 21:03:19,644 - model.pytorch.dcrnn_supervisor - INFO - epoch complete
2025-11-06 21:03:19,644 - model.pytorch.dcrnn_supervisor - INFO - evaluating now!
2025-11-06 21:03:24,184 - model.pytorch.dcrnn_supervisor - INFO - Epoch [9/300] (1450) train_mae: 4.2800, val_mae: 4.6589, lr: 0.010000
2025-11-06 21:04:24,662 - model.pytorch.dcrnn_supervisor - INFO - epoch complete
2025-11-06 21:04:24,662 - model.pytorch.dcrnn_supervisor - INFO - evaluating now!
2025-11-06 21:04:29,459 - model.pytorch.dcrnn_supervisor - INFO - Epoch [10/300] (1595) train_mae: 4.2581, val_mae: 4.4820, lr: 0.010000
2025-11-06 21:04:29,484 - model.pytorch.dcrnn_supervisor - INFO - Saved model at 10
2025-11-06 21:04:29,484 - model.pytorch.dcrnn_supervisor - INFO - Val loss decrease from 4.4928 to 4.4820, saving to data/model/pretrained/YINCHUAN/yc_best
2025-11-06 21:05:30,044 - model.pytorch.dcrnn_supervisor - INFO - epoch complete
2025-11-06 21:05:30,044 - model.pytorch.dcrnn_supervisor - INFO - evaluating now!
2025-11-06 21:05:35,028 - model.pytorch.dcrnn_supervisor - INFO - Epoch [11/300] (1740) train_mae: 4.1966, val_mae: 4.4790, lr: 0.010000
2025-11-06 21:05:35,053 - model.pytorch.dcrnn_supervisor - INFO - Saved model at 11
2025-11-06 21:05:35,053 - model.pytorch.dcrnn_supervisor - INFO - Val loss decrease from 4.4820 to 4.4790, saving to data/model/pretrained/YINCHUAN/yc_best
2025-11-06 21:06:33,469 - model.pytorch.dcrnn_supervisor - INFO - epoch complete
2025-11-06 21:06:33,469 - model.pytorch.dcrnn_supervisor - INFO - evaluating now!
2025-11-06 21:06:38,309 - model.pytorch.dcrnn_supervisor - INFO - Epoch [12/300] (1885) train_mae: 4.1598, val_mae: 4.4765, lr: 0.010000
2025-11-06 21:06:38,334 - model.pytorch.dcrnn_supervisor - INFO - Saved model at 12
2025-11-06 21:06:38,334 - model.pytorch.dcrnn_supervisor - INFO - Val loss decrease from 4.4790 to 4.4765, saving to data/model/pretrained/YINCHUAN/yc_best
2025-11-06 21:07:40,234 - model.pytorch.dcrnn_supervisor - INFO - epoch complete
2025-11-06 21:07:40,234 - model.pytorch.dcrnn_supervisor - INFO - evaluating now!
2025-11-06 21:07:44,798 - model.pytorch.dcrnn_supervisor - INFO - Epoch [13/300] (2030) train_mae: 4.1493, val_mae: 4.4011, lr: 0.010000
2025-11-06 21:07:44,851 - model.pytorch.dcrnn_supervisor - INFO - Saved model at 13
2025-11-06 21:07:44,851 - model.pytorch.dcrnn_supervisor - INFO - Val loss decrease from 4.4765 to 4.4011, saving to data/model/pretrained/YINCHUAN/yc_best
2025-11-06 21:08:49,334 - model.pytorch.dcrnn_supervisor - INFO - epoch complete
2025-11-06 21:08:49,335 - model.pytorch.dcrnn_supervisor - INFO - evaluating now!
2025-11-06 21:08:54,386 - model.pytorch.dcrnn_supervisor - INFO - Epoch [14/300] (2175) train_mae: 4.1129, val_mae: 4.7799, lr: 0.010000
2025-11-06 21:09:55,029 - model.pytorch.dcrnn_supervisor - INFO - epoch complete
2025-11-06 21:09:55,029 - model.pytorch.dcrnn_supervisor - INFO - evaluating now!
2025-11-06 21:09:59,758 - model.pytorch.dcrnn_supervisor - INFO - Epoch [15/300] (2320) train_mae: 4.0766, val_mae: 4.3865, lr: 0.010000
2025-11-06 21:09:59,783 - model.pytorch.dcrnn_supervisor - INFO - Saved model at 15
2025-11-06 21:09:59,784 - model.pytorch.dcrnn_supervisor - INFO - Val loss decrease from 4.4011 to 4.3865, saving to data/model/pretrained/YINCHUAN/yc_best
2025-11-06 21:11:02,636 - model.pytorch.dcrnn_supervisor - INFO - epoch complete
2025-11-06 21:11:02,636 - model.pytorch.dcrnn_supervisor - INFO - evaluating now!
2025-11-06 21:11:07,385 - model.pytorch.dcrnn_supervisor - INFO - Epoch [16/300] (2465) train_mae: 4.0352, val_mae: 4.4138, lr: 0.010000
2025-11-06 21:12:10,866 - model.pytorch.dcrnn_supervisor - INFO - epoch complete
2025-11-06 21:12:10,866 - model.pytorch.dcrnn_supervisor - INFO - evaluating now!
2025-11-06 21:12:17,092 - model.pytorch.dcrnn_supervisor - INFO - Epoch [17/300] (2610) train_mae: 4.0146, val_mae: 4.4399, lr: 0.010000
2025-11-06 21:13:23,486 - model.pytorch.dcrnn_supervisor - INFO - epoch complete
2025-11-06 21:13:23,486 - model.pytorch.dcrnn_supervisor - INFO - evaluating now!
2025-11-06 21:13:28,431 - model.pytorch.dcrnn_supervisor - INFO - Epoch [18/300] (2755) train_mae: 3.9948, val_mae: 4.3882, lr: 0.010000
2025-11-06 21:14:31,969 - model.pytorch.dcrnn_supervisor - INFO - epoch complete
2025-11-06 21:14:31,970 - model.pytorch.dcrnn_supervisor - INFO - evaluating now!
2025-11-06 21:14:36,564 - model.pytorch.dcrnn_supervisor - INFO - Epoch [19/300] (2900) train_mae: 3.9822, val_mae: 4.4415, lr: 0.000100
2025-11-06 21:15:36,449 - model.pytorch.dcrnn_supervisor - INFO - epoch complete
2025-11-06 21:15:36,450 - model.pytorch.dcrnn_supervisor - INFO - evaluating now!
2025-11-06 21:15:41,034 - model.pytorch.dcrnn_supervisor - INFO - Epoch [20/300] (3045) train_mae: 3.9558, val_mae: 4.4066, lr: 0.001000
2025-11-06 21:16:40,076 - model.pytorch.dcrnn_supervisor - INFO - epoch complete
2025-11-06 21:16:40,076 - model.pytorch.dcrnn_supervisor - INFO - evaluating now!
2025-11-06 21:16:44,731 - model.pytorch.dcrnn_supervisor - INFO - Epoch [21/300] (3190) train_mae: 3.9390, val_mae: 4.3966, lr: 0.001000
2025-11-06 21:17:44,519 - model.pytorch.dcrnn_supervisor - INFO - epoch complete
2025-11-06 21:17:44,519 - model.pytorch.dcrnn_supervisor - INFO - evaluating now!
2025-11-06 21:17:49,654 - model.pytorch.dcrnn_supervisor - INFO - Epoch [22/300] (3335) train_mae: 3.9417, val_mae: 4.4528, lr: 0.001000
2025-11-06 21:18:51,147 - model.pytorch.dcrnn_supervisor - INFO - epoch complete
2025-11-06 21:18:51,147 - model.pytorch.dcrnn_supervisor - INFO - evaluating now!
2025-11-06 21:18:56,021 - model.pytorch.dcrnn_supervisor - INFO - Epoch [23/300] (3480) train_mae: 3.9030, val_mae: 4.3860, lr: 0.001000
2025-11-06 21:18:56,071 - model.pytorch.dcrnn_supervisor - INFO - Saved model at 23
2025-11-06 21:18:56,071 - model.pytorch.dcrnn_supervisor - INFO - Val loss decrease from 4.3865 to 4.3860, saving to data/model/pretrained/YINCHUAN/yc_best
2025-11-06 21:20:00,135 - model.pytorch.dcrnn_supervisor - INFO - epoch complete
2025-11-06 21:20:00,136 - model.pytorch.dcrnn_supervisor - INFO - evaluating now!
2025-11-06 21:20:04,840 - model.pytorch.dcrnn_supervisor - INFO - Epoch [24/300] (3625) train_mae: 3.8901, val_mae: 4.4789, lr: 0.001000
2025-11-06 21:21:06,255 - model.pytorch.dcrnn_supervisor - INFO - epoch complete
2025-11-06 21:21:06,255 - model.pytorch.dcrnn_supervisor - INFO - evaluating now!
2025-11-06 21:21:10,904 - model.pytorch.dcrnn_supervisor - INFO - Epoch [25/300] (3770) train_mae: 3.8744, val_mae: 4.3898, lr: 0.001000
2025-11-06 21:22:14,031 - model.pytorch.dcrnn_supervisor - INFO - epoch complete
2025-11-06 21:22:14,031 - model.pytorch.dcrnn_supervisor - INFO - evaluating now!
2025-11-06 21:22:18,869 - model.pytorch.dcrnn_supervisor - INFO - Epoch [26/300] (3915) train_mae: 3.8573, val_mae: 4.3931, lr: 0.001000
2025-11-06 21:23:21,421 - model.pytorch.dcrnn_supervisor - INFO - epoch complete
2025-11-06 21:23:21,421 - model.pytorch.dcrnn_supervisor - INFO - evaluating now!
2025-11-06 21:23:26,233 - model.pytorch.dcrnn_supervisor - INFO - Epoch [27/300] (4060) train_mae: 3.8523, val_mae: 4.4764, lr: 0.001000
2025-11-06 21:24:26,038 - model.pytorch.dcrnn_supervisor - INFO - epoch complete
2025-11-06 21:24:26,038 - model.pytorch.dcrnn_supervisor - INFO - evaluating now!
2025-11-06 21:24:30,719 - model.pytorch.dcrnn_supervisor - INFO - Epoch [28/300] (4205) train_mae: 3.8293, val_mae: 4.3989, lr: 0.001000
2025-11-06 21:25:33,075 - model.pytorch.dcrnn_supervisor - INFO - epoch complete
2025-11-06 21:25:33,076 - model.pytorch.dcrnn_supervisor - INFO - evaluating now!
2025-11-06 21:25:37,633 - model.pytorch.dcrnn_supervisor - INFO - Epoch [29/300] (4350) train_mae: 3.8250, val_mae: 4.4516, lr: 0.000010
2025-11-06 21:26:47,927 - model.pytorch.dcrnn_supervisor - INFO - epoch complete
2025-11-06 21:26:47,927 - model.pytorch.dcrnn_supervisor - INFO - evaluating now!
2025-11-06 21:26:52,508 - model.pytorch.dcrnn_supervisor - INFO - Epoch [30/300] (4495) train_mae: 3.8112, val_mae: 4.4453, lr: 0.000100
2025-11-06 21:27:54,141 - model.pytorch.dcrnn_supervisor - INFO - epoch complete
2025-11-06 21:27:54,141 - model.pytorch.dcrnn_supervisor - INFO - evaluating now!
2025-11-06 21:27:58,676 - model.pytorch.dcrnn_supervisor - INFO - Epoch [31/300] (4640) train_mae: 3.8018, val_mae: 4.4435, lr: 0.000100
2025-11-06 21:29:01,164 - model.pytorch.dcrnn_supervisor - INFO - epoch complete
2025-11-06 21:29:01,164 - model.pytorch.dcrnn_supervisor - INFO - evaluating now!
2025-11-06 21:29:05,998 - model.pytorch.dcrnn_supervisor - INFO - Epoch [32/300] (4785) train_mae: 3.7972, val_mae: 4.4469, lr: 0.000100
2025-11-06 21:30:08,152 - model.pytorch.dcrnn_supervisor - INFO - epoch complete
2025-11-06 21:30:08,152 - model.pytorch.dcrnn_supervisor - INFO - evaluating now!
2025-11-06 21:30:12,866 - model.pytorch.dcrnn_supervisor - INFO - Epoch [33/300] (4930) train_mae: 3.7721, val_mae: 4.4250, lr: 0.000100
2025-11-06 21:31:14,234 - model.pytorch.dcrnn_supervisor - INFO - epoch complete
2025-11-06 21:31:14,234 - model.pytorch.dcrnn_supervisor - INFO - evaluating now!
2025-11-06 21:31:19,087 - model.pytorch.dcrnn_supervisor - INFO - Epoch [34/300] (5075) train_mae: 3.7588, val_mae: 4.4399, lr: 0.000100
2025-11-06 21:32:19,813 - model.pytorch.dcrnn_supervisor - INFO - epoch complete
2025-11-06 21:32:19,813 - model.pytorch.dcrnn_supervisor - INFO - evaluating now!
2025-11-06 21:32:24,374 - model.pytorch.dcrnn_supervisor - INFO - Epoch [35/300] (5220) train_mae: 3.7620, val_mae: 4.4520, lr: 0.000100
2025-11-06 21:33:24,895 - model.pytorch.dcrnn_supervisor - INFO - epoch complete
2025-11-06 21:33:24,896 - model.pytorch.dcrnn_supervisor - INFO - evaluating now!
2025-11-06 21:33:29,465 - model.pytorch.dcrnn_supervisor - INFO - Epoch [36/300] (5365) train_mae: 3.7598, val_mae: 4.4522, lr: 0.000100
2025-11-06 21:34:28,016 - model.pytorch.dcrnn_supervisor - INFO - epoch complete
2025-11-06 21:34:28,016 - model.pytorch.dcrnn_supervisor - INFO - evaluating now!
2025-11-06 21:34:32,826 - model.pytorch.dcrnn_supervisor - INFO - Epoch [37/300] (5510) train_mae: 3.7576, val_mae: 4.4731, lr: 0.000100
2025-11-06 21:35:31,756 - model.pytorch.dcrnn_supervisor - INFO - epoch complete
2025-11-06 21:35:31,756 - model.pytorch.dcrnn_supervisor - INFO - evaluating now!
2025-11-06 21:35:36,354 - model.pytorch.dcrnn_supervisor - INFO - Epoch [38/300] (5655) train_mae: 3.7575, val_mae: 4.4155, lr: 0.000100
2025-11-06 21:36:35,630 - model.pytorch.dcrnn_supervisor - INFO - epoch complete
2025-11-06 21:36:35,631 - model.pytorch.dcrnn_supervisor - INFO - evaluating now!
2025-11-06 21:36:40,570 - model.pytorch.dcrnn_supervisor - INFO - Epoch [39/300] (5800) train_mae: 3.7292, val_mae: 4.4262, lr: 0.000001
2025-11-06 21:37:40,395 - model.pytorch.dcrnn_supervisor - INFO - epoch complete
2025-11-06 21:37:40,395 - model.pytorch.dcrnn_supervisor - INFO - evaluating now!
2025-11-06 21:37:44,863 - model.pytorch.dcrnn_supervisor - INFO - Epoch [40/300] (5945) train_mae: 3.7134, val_mae: 4.4230, lr: 0.000010
2025-11-06 21:38:46,390 - model.pytorch.dcrnn_supervisor - INFO - epoch complete
2025-11-06 21:38:46,390 - model.pytorch.dcrnn_supervisor - INFO - evaluating now!
2025-11-06 21:38:50,445 - model.pytorch.dcrnn_supervisor - INFO - Epoch [41/300] (6090) train_mae: 3.7200, val_mae: 4.5631, lr: 0.000010
2025-11-06 21:39:48,304 - model.pytorch.dcrnn_supervisor - INFO - epoch complete
2025-11-06 21:39:48,304 - model.pytorch.dcrnn_supervisor - INFO - evaluating now!
2025-11-06 21:39:52,610 - model.pytorch.dcrnn_supervisor - INFO - Epoch [42/300] (6235) train_mae: 3.7236, val_mae: 4.4753, lr: 0.000010
2025-11-06 21:40:51,068 - model.pytorch.dcrnn_supervisor - INFO - epoch complete
2025-11-06 21:40:51,068 - model.pytorch.dcrnn_supervisor - INFO - evaluating now!
2025-11-06 21:40:56,470 - model.pytorch.dcrnn_supervisor - INFO - Epoch [43/300] (6380) train_mae: 3.7062, val_mae: 4.4391, lr: 0.000010
2025-11-06 21:42:01,152 - model.pytorch.dcrnn_supervisor - INFO - epoch complete
2025-11-06 21:42:01,152 - model.pytorch.dcrnn_supervisor - INFO - evaluating now!
2025-11-06 21:42:05,695 - model.pytorch.dcrnn_supervisor - INFO - Epoch [44/300] (6525) train_mae: 3.7147, val_mae: 4.4528, lr: 0.000010
2025-11-06 21:43:03,511 - model.pytorch.dcrnn_supervisor - INFO - epoch complete
2025-11-06 21:43:03,511 - model.pytorch.dcrnn_supervisor - INFO - evaluating now!
2025-11-06 21:43:08,018 - model.pytorch.dcrnn_supervisor - INFO - Epoch [45/300] (6670) train_mae: 3.6886, val_mae: 4.4342, lr: 0.000010
2025-11-06 21:44:05,662 - model.pytorch.dcrnn_supervisor - INFO - epoch complete
2025-11-06 21:44:05,662 - model.pytorch.dcrnn_supervisor - INFO - evaluating now!
2025-11-06 21:44:10,150 - model.pytorch.dcrnn_supervisor - INFO - Epoch [46/300] (6815) train_mae: 3.6715, val_mae: 4.4394, lr: 0.000010
2025-11-06 21:45:08,031 - model.pytorch.dcrnn_supervisor - INFO - epoch complete
2025-11-06 21:45:08,031 - model.pytorch.dcrnn_supervisor - INFO - evaluating now!
2025-11-06 21:45:12,778 - model.pytorch.dcrnn_supervisor - INFO - Epoch [47/300] (6960) train_mae: 3.6749, val_mae: 4.4466, lr: 0.000010
2025-11-06 21:46:13,348 - model.pytorch.dcrnn_supervisor - INFO - epoch complete
2025-11-06 21:46:13,348 - model.pytorch.dcrnn_supervisor - INFO - evaluating now!
2025-11-06 21:46:17,837 - model.pytorch.dcrnn_supervisor - INFO - Epoch [48/300] (7105) train_mae: 3.6720, val_mae: 4.4623, lr: 0.000010
2025-11-06 21:47:16,627 - model.pytorch.dcrnn_supervisor - INFO - epoch complete
2025-11-06 21:47:16,627 - model.pytorch.dcrnn_supervisor - INFO - evaluating now!
2025-11-06 21:47:21,134 - model.pytorch.dcrnn_supervisor - INFO - Epoch [49/300] (7250) train_mae: 3.7019, val_mae: 4.5058, lr: 0.000000
2025-11-06 21:48:20,124 - model.pytorch.dcrnn_supervisor - INFO - epoch complete
2025-11-06 21:48:20,124 - model.pytorch.dcrnn_supervisor - INFO - evaluating now!
2025-11-06 21:48:24,733 - model.pytorch.dcrnn_supervisor - INFO - Epoch [50/300] (7395) train_mae: 3.6777, val_mae: 4.4501, lr: 0.000001
2025-11-06 21:49:24,958 - model.pytorch.dcrnn_supervisor - INFO - epoch complete
2025-11-06 21:49:24,959 - model.pytorch.dcrnn_supervisor - INFO - evaluating now!
2025-11-06 21:49:29,752 - model.pytorch.dcrnn_supervisor - INFO - Epoch [51/300] (7540) train_mae: 3.6528, val_mae: 4.4378, lr: 0.000001
2025-11-06 21:50:28,532 - model.pytorch.dcrnn_supervisor - INFO - epoch complete
2025-11-06 21:50:28,532 - model.pytorch.dcrnn_supervisor - INFO - evaluating now!
2025-11-06 21:50:33,377 - model.pytorch.dcrnn_supervisor - INFO - Epoch [52/300] (7685) train_mae: 3.6522, val_mae: 4.4338, lr: 0.000001
2025-11-06 21:51:33,753 - model.pytorch.dcrnn_supervisor - INFO - epoch complete
2025-11-06 21:51:33,753 - model.pytorch.dcrnn_supervisor - INFO - evaluating now!
2025-11-06 21:51:38,557 - model.pytorch.dcrnn_supervisor - INFO - Epoch [53/300] (7830) train_mae: 3.6707, val_mae: 4.4948, lr: 0.000001
2025-11-06 21:51:38,557 - model.pytorch.dcrnn_supervisor - WARNING - Early stopping at epoch: 53
2025-11-06 21:51:38,903 - model.pytorch.dcrnn_supervisor - INFO - Loaded model successfully!
2025-11-06 23:37:00,231 - model.pytorch.dcrnn_supervisor - INFO - Log directory: data/model\dcrnn/
2025-11-06 23:37:57,326 - model.pytorch.dcrnn_supervisor - INFO - Model created
2025-11-06 23:37:58,372 - model.pytorch.dcrnn_supervisor - INFO - Start training ...
2025-11-06 23:37:58,372 - model.pytorch.dcrnn_supervisor - INFO - num_batches:145
2025-11-06 23:37:59,220 - model.pytorch.dcrnn_supervisor - INFO - Total trainable parameters 433793
2025-11-06 23:40:37,036 - model.pytorch.dcrnn_supervisor - INFO - epoch complete
2025-11-06 23:40:37,038 - model.pytorch.dcrnn_supervisor - INFO - evaluating now!
2025-11-06 23:40:47,561 - model.pytorch.dcrnn_supervisor - INFO - Epoch [0/300] (145) train_mae: 6.3603, val_mae: 6.3357, lr: 0.010000
2025-11-06 23:40:47,586 - model.pytorch.dcrnn_supervisor - INFO - Saved model at 0
2025-11-06 23:40:47,586 - model.pytorch.dcrnn_supervisor - INFO - Val loss decrease from inf to 6.3357, saving to data/model/pretrained/YINCHUAN/yc_best
2025-11-06 23:43:25,337 - model.pytorch.dcrnn_supervisor - INFO - epoch complete
2025-11-06 23:43:25,337 - model.pytorch.dcrnn_supervisor - INFO - evaluating now!
2025-11-06 23:43:37,555 - model.pytorch.dcrnn_supervisor - INFO - Epoch [1/300] (290) train_mae: 4.8090, val_mae: 5.5197, lr: 0.010000
2025-11-06 23:43:37,585 - model.pytorch.dcrnn_supervisor - INFO - Saved model at 1
2025-11-06 23:43:37,586 - model.pytorch.dcrnn_supervisor - INFO - Val loss decrease from 6.3357 to 5.5197, saving to data/model/pretrained/YINCHUAN/yc_best
2025-11-06 23:46:22,148 - model.pytorch.dcrnn_supervisor - INFO - epoch complete
2025-11-06 23:46:22,148 - model.pytorch.dcrnn_supervisor - INFO - evaluating now!
2025-11-06 23:46:33,359 - model.pytorch.dcrnn_supervisor - INFO - Epoch [2/300] (435) train_mae: 4.6098, val_mae: 4.6533, lr: 0.010000
2025-11-06 23:46:33,387 - model.pytorch.dcrnn_supervisor - INFO - Saved model at 2
2025-11-06 23:46:33,387 - model.pytorch.dcrnn_supervisor - INFO - Val loss decrease from 5.5197 to 4.6533, saving to data/model/pretrained/YINCHUAN/yc_best
2025-11-06 23:49:33,148 - model.pytorch.dcrnn_supervisor - INFO - epoch complete
2025-11-06 23:49:33,148 - model.pytorch.dcrnn_supervisor - INFO - evaluating now!
2025-11-06 23:49:44,202 - model.pytorch.dcrnn_supervisor - INFO - Epoch [3/300] (580) train_mae: 4.5821, val_mae: 4.6879, lr: 0.010000
2025-11-06 23:54:07,958 - model.pytorch.dcrnn_supervisor - INFO - epoch complete
2025-11-06 23:54:07,958 - model.pytorch.dcrnn_supervisor - INFO - evaluating now!
2025-11-06 23:54:29,627 - model.pytorch.dcrnn_supervisor - INFO - Epoch [4/300] (725) train_mae: 4.5292, val_mae: 4.5980, lr: 0.010000
2025-11-06 23:54:29,653 - model.pytorch.dcrnn_supervisor - INFO - Saved model at 4
2025-11-06 23:54:29,653 - model.pytorch.dcrnn_supervisor - INFO - Val loss decrease from 4.6533 to 4.5980, saving to data/model/pretrained/YINCHUAN/yc_best
2025-11-06 23:59:16,422 - model.pytorch.dcrnn_supervisor - INFO - epoch complete
2025-11-06 23:59:16,422 - model.pytorch.dcrnn_supervisor - INFO - evaluating now!
2025-11-06 23:59:35,324 - model.pytorch.dcrnn_supervisor - INFO - Epoch [5/300] (870) train_mae: 4.4443, val_mae: 4.6395, lr: 0.010000
2025-11-07 00:04:14,022 - model.pytorch.dcrnn_supervisor - INFO - epoch complete
2025-11-07 00:04:14,023 - model.pytorch.dcrnn_supervisor - INFO - evaluating now!
2025-11-07 00:04:33,129 - model.pytorch.dcrnn_supervisor - INFO - Epoch [6/300] (1015) train_mae: 4.4110, val_mae: 4.5446, lr: 0.010000
2025-11-07 00:04:33,154 - model.pytorch.dcrnn_supervisor - INFO - Saved model at 6
2025-11-07 00:04:33,154 - model.pytorch.dcrnn_supervisor - INFO - Val loss decrease from 4.5980 to 4.5446, saving to data/model/pretrained/YINCHUAN/yc_best
2025-11-07 00:09:09,598 - model.pytorch.dcrnn_supervisor - INFO - epoch complete
2025-11-07 00:09:09,598 - model.pytorch.dcrnn_supervisor - INFO - evaluating now!
2025-11-07 00:09:29,398 - model.pytorch.dcrnn_supervisor - INFO - Epoch [7/300] (1160) train_mae: 4.4463, val_mae: 4.5872, lr: 0.010000
2025-11-07 00:14:06,892 - model.pytorch.dcrnn_supervisor - INFO - epoch complete
2025-11-07 00:14:06,892 - model.pytorch.dcrnn_supervisor - INFO - evaluating now!
2025-11-07 00:14:26,298 - model.pytorch.dcrnn_supervisor - INFO - Epoch [8/300] (1305) train_mae: 4.3501, val_mae: 4.5098, lr: 0.010000
2025-11-07 00:14:26,321 - model.pytorch.dcrnn_supervisor - INFO - Saved model at 8
2025-11-07 00:14:26,321 - model.pytorch.dcrnn_supervisor - INFO - Val loss decrease from 4.5446 to 4.5098, saving to data/model/pretrained/YINCHUAN/yc_best
2025-11-07 00:19:03,006 - model.pytorch.dcrnn_supervisor - INFO - epoch complete
2025-11-07 00:19:03,006 - model.pytorch.dcrnn_supervisor - INFO - evaluating now!
2025-11-07 00:19:22,869 - model.pytorch.dcrnn_supervisor - INFO - Epoch [9/300] (1450) train_mae: 4.2932, val_mae: 4.4725, lr: 0.010000
2025-11-07 00:19:22,891 - model.pytorch.dcrnn_supervisor - INFO - Saved model at 9
2025-11-07 00:19:22,891 - model.pytorch.dcrnn_supervisor - INFO - Val loss decrease from 4.5098 to 4.4725, saving to data/model/pretrained/YINCHUAN/yc_best
2025-11-07 00:23:59,919 - model.pytorch.dcrnn_supervisor - INFO - epoch complete
2025-11-07 00:23:59,920 - model.pytorch.dcrnn_supervisor - INFO - evaluating now!
2025-11-07 00:24:18,117 - model.pytorch.dcrnn_supervisor - INFO - Epoch [10/300] (1595) train_mae: 4.2439, val_mae: 4.4265, lr: 0.010000
2025-11-07 00:24:18,137 - model.pytorch.dcrnn_supervisor - INFO - Saved model at 10
2025-11-07 00:24:18,137 - model.pytorch.dcrnn_supervisor - INFO - Val loss decrease from 4.4725 to 4.4265, saving to data/model/pretrained/YINCHUAN/yc_best
2025-11-07 00:28:55,504 - model.pytorch.dcrnn_supervisor - INFO - epoch complete
2025-11-07 00:28:55,504 - model.pytorch.dcrnn_supervisor - INFO - evaluating now!
2025-11-07 00:29:14,795 - model.pytorch.dcrnn_supervisor - INFO - Epoch [11/300] (1740) train_mae: 4.2235, val_mae: 4.4475, lr: 0.010000
2025-11-07 00:33:51,563 - model.pytorch.dcrnn_supervisor - INFO - epoch complete
2025-11-07 00:33:51,565 - model.pytorch.dcrnn_supervisor - INFO - evaluating now!
2025-11-07 00:34:11,415 - model.pytorch.dcrnn_supervisor - INFO - Epoch [12/300] (1885) train_mae: 4.1592, val_mae: 4.4057, lr: 0.010000
2025-11-07 00:34:11,440 - model.pytorch.dcrnn_supervisor - INFO - Saved model at 12
2025-11-07 00:34:11,440 - model.pytorch.dcrnn_supervisor - INFO - Val loss decrease from 4.4265 to 4.4057, saving to data/model/pretrained/YINCHUAN/yc_best
2025-11-07 00:38:48,628 - model.pytorch.dcrnn_supervisor - INFO - epoch complete
2025-11-07 00:38:48,630 - model.pytorch.dcrnn_supervisor - INFO - evaluating now!
2025-11-07 00:39:08,045 - model.pytorch.dcrnn_supervisor - INFO - Epoch [13/300] (2030) train_mae: 4.1247, val_mae: 4.4575, lr: 0.010000
2025-11-07 00:43:44,208 - model.pytorch.dcrnn_supervisor - INFO - epoch complete
2025-11-07 00:43:44,208 - model.pytorch.dcrnn_supervisor - INFO - evaluating now!
2025-11-07 00:44:04,112 - model.pytorch.dcrnn_supervisor - INFO - Epoch [14/300] (2175) train_mae: 4.1263, val_mae: 4.4643, lr: 0.010000
2025-11-07 00:48:40,953 - model.pytorch.dcrnn_supervisor - INFO - epoch complete
2025-11-07 00:48:40,953 - model.pytorch.dcrnn_supervisor - INFO - evaluating now!
2025-11-07 00:48:59,653 - model.pytorch.dcrnn_supervisor - INFO - Epoch [15/300] (2320) train_mae: 4.0661, val_mae: 4.4623, lr: 0.010000
2025-11-07 00:53:38,090 - model.pytorch.dcrnn_supervisor - INFO - epoch complete
2025-11-07 00:53:38,090 - model.pytorch.dcrnn_supervisor - INFO - evaluating now!
2025-11-07 00:53:57,184 - model.pytorch.dcrnn_supervisor - INFO - Epoch [16/300] (2465) train_mae: 4.0375, val_mae: 4.7525, lr: 0.010000
2025-11-07 00:58:32,173 - model.pytorch.dcrnn_supervisor - INFO - epoch complete
2025-11-07 00:58:32,173 - model.pytorch.dcrnn_supervisor - INFO - evaluating now!
2025-11-07 00:58:51,997 - model.pytorch.dcrnn_supervisor - INFO - Epoch [17/300] (2610) train_mae: 4.0168, val_mae: 4.4389, lr: 0.010000
2025-11-07 01:03:27,494 - model.pytorch.dcrnn_supervisor - INFO - epoch complete
2025-11-07 01:03:27,494 - model.pytorch.dcrnn_supervisor - INFO - evaluating now!
2025-11-07 01:03:46,996 - model.pytorch.dcrnn_supervisor - INFO - Epoch [18/300] (2755) train_mae: 3.9834, val_mae: 4.4214, lr: 0.010000
2025-11-07 01:08:22,121 - model.pytorch.dcrnn_supervisor - INFO - epoch complete
2025-11-07 01:08:22,121 - model.pytorch.dcrnn_supervisor - INFO - evaluating now!
2025-11-07 01:08:41,838 - model.pytorch.dcrnn_supervisor - INFO - Epoch [19/300] (2900) train_mae: 3.9691, val_mae: 5.0200, lr: 0.000100
2025-11-07 01:13:17,416 - model.pytorch.dcrnn_supervisor - INFO - epoch complete
2025-11-07 01:13:17,417 - model.pytorch.dcrnn_supervisor - INFO - evaluating now!
2025-11-07 01:13:36,153 - model.pytorch.dcrnn_supervisor - INFO - Epoch [20/300] (3045) train_mae: 3.9611, val_mae: 4.4027, lr: 0.001000
2025-11-07 01:13:36,179 - model.pytorch.dcrnn_supervisor - INFO - Saved model at 20
2025-11-07 01:13:36,179 - model.pytorch.dcrnn_supervisor - INFO - Val loss decrease from 4.4057 to 4.4027, saving to data/model/pretrained/YINCHUAN/yc_best
2025-11-07 01:18:12,548 - model.pytorch.dcrnn_supervisor - INFO - epoch complete
2025-11-07 01:18:12,549 - model.pytorch.dcrnn_supervisor - INFO - evaluating now!
2025-11-07 01:18:31,801 - model.pytorch.dcrnn_supervisor - INFO - Epoch [21/300] (3190) train_mae: 3.9467, val_mae: 4.4664, lr: 0.001000
2025-11-07 01:23:06,707 - model.pytorch.dcrnn_supervisor - INFO - epoch complete
2025-11-07 01:23:06,707 - model.pytorch.dcrnn_supervisor - INFO - evaluating now!
2025-11-07 01:23:26,337 - model.pytorch.dcrnn_supervisor - INFO - Epoch [22/300] (3335) train_mae: 3.9146, val_mae: 4.4125, lr: 0.001000
2025-11-07 01:28:01,654 - model.pytorch.dcrnn_supervisor - INFO - epoch complete
2025-11-07 01:28:01,654 - model.pytorch.dcrnn_supervisor - INFO - evaluating now!
2025-11-07 01:28:21,017 - model.pytorch.dcrnn_supervisor - INFO - Epoch [23/300] (3480) train_mae: 3.8887, val_mae: 4.4024, lr: 0.001000
2025-11-07 01:28:21,041 - model.pytorch.dcrnn_supervisor - INFO - Saved model at 23
2025-11-07 01:28:21,041 - model.pytorch.dcrnn_supervisor - INFO - Val loss decrease from 4.4027 to 4.4024, saving to data/model/pretrained/YINCHUAN/yc_best
2025-11-07 01:32:57,163 - model.pytorch.dcrnn_supervisor - INFO - epoch complete
2025-11-07 01:32:57,163 - model.pytorch.dcrnn_supervisor - INFO - evaluating now!
2025-11-07 01:33:16,987 - model.pytorch.dcrnn_supervisor - INFO - Epoch [24/300] (3625) train_mae: 3.8704, val_mae: 4.4278, lr: 0.001000
2025-11-07 01:37:53,290 - model.pytorch.dcrnn_supervisor - INFO - epoch complete
2025-11-07 01:37:53,290 - model.pytorch.dcrnn_supervisor - INFO - evaluating now!
2025-11-07 01:38:12,195 - model.pytorch.dcrnn_supervisor - INFO - Epoch [25/300] (3770) train_mae: 3.8580, val_mae: 4.4083, lr: 0.001000
2025-11-07 01:42:49,071 - model.pytorch.dcrnn_supervisor - INFO - epoch complete
2025-11-07 01:42:49,071 - model.pytorch.dcrnn_supervisor - INFO - evaluating now!
2025-11-07 01:43:08,510 - model.pytorch.dcrnn_supervisor - INFO - Epoch [26/300] (3915) train_mae: 3.8588, val_mae: 4.4547, lr: 0.001000
2025-11-07 01:47:43,933 - model.pytorch.dcrnn_supervisor - INFO - epoch complete
2025-11-07 01:47:43,933 - model.pytorch.dcrnn_supervisor - INFO - evaluating now!
2025-11-07 01:48:03,877 - model.pytorch.dcrnn_supervisor - INFO - Epoch [27/300] (4060) train_mae: 3.8598, val_mae: 4.5723, lr: 0.001000
2025-11-07 01:52:40,258 - model.pytorch.dcrnn_supervisor - INFO - epoch complete
2025-11-07 01:52:40,258 - model.pytorch.dcrnn_supervisor - INFO - evaluating now!
2025-11-07 01:52:59,636 - model.pytorch.dcrnn_supervisor - INFO - Epoch [28/300] (4205) train_mae: 3.8313, val_mae: 4.3964, lr: 0.001000
2025-11-07 01:52:59,658 - model.pytorch.dcrnn_supervisor - INFO - Saved model at 28
2025-11-07 01:52:59,658 - model.pytorch.dcrnn_supervisor - INFO - Val loss decrease from 4.4024 to 4.3964, saving to data/model/pretrained/YINCHUAN/yc_best
2025-11-07 01:57:35,834 - model.pytorch.dcrnn_supervisor - INFO - epoch complete
2025-11-07 01:57:35,834 - model.pytorch.dcrnn_supervisor - INFO - evaluating now!
2025-11-07 01:57:55,822 - model.pytorch.dcrnn_supervisor - INFO - Epoch [29/300] (4350) train_mae: 3.8097, val_mae: 4.3869, lr: 0.000010
2025-11-07 01:57:55,848 - model.pytorch.dcrnn_supervisor - INFO - Saved model at 29
2025-11-07 01:57:55,848 - model.pytorch.dcrnn_supervisor - INFO - Val loss decrease from 4.3964 to 4.3869, saving to data/model/pretrained/YINCHUAN/yc_best
2025-11-07 02:02:32,181 - model.pytorch.dcrnn_supervisor - INFO - epoch complete
2025-11-07 02:02:32,181 - model.pytorch.dcrnn_supervisor - INFO - evaluating now!
2025-11-07 02:02:51,446 - model.pytorch.dcrnn_supervisor - INFO - Epoch [30/300] (4495) train_mae: 3.7955, val_mae: 4.3951, lr: 0.000100
2025-11-07 02:07:28,587 - model.pytorch.dcrnn_supervisor - INFO - epoch complete
2025-11-07 02:07:28,588 - model.pytorch.dcrnn_supervisor - INFO - evaluating now!
2025-11-07 02:07:47,860 - model.pytorch.dcrnn_supervisor - INFO - Epoch [31/300] (4640) train_mae: 3.7865, val_mae: 4.4131, lr: 0.000100
2025-11-07 02:12:23,940 - model.pytorch.dcrnn_supervisor - INFO - epoch complete
2025-11-07 02:12:23,940 - model.pytorch.dcrnn_supervisor - INFO - evaluating now!
2025-11-07 02:12:43,760 - model.pytorch.dcrnn_supervisor - INFO - Epoch [32/300] (4785) train_mae: 3.7756, val_mae: 4.4222, lr: 0.000100
2025-11-07 02:17:20,052 - model.pytorch.dcrnn_supervisor - INFO - epoch complete
2025-11-07 02:17:20,052 - model.pytorch.dcrnn_supervisor - INFO - evaluating now!
2025-11-07 02:17:39,650 - model.pytorch.dcrnn_supervisor - INFO - Epoch [33/300] (4930) train_mae: 3.7976, val_mae: 4.4131, lr: 0.000100
2025-11-07 02:22:15,750 - model.pytorch.dcrnn_supervisor - INFO - epoch complete
2025-11-07 02:22:15,750 - model.pytorch.dcrnn_supervisor - INFO - evaluating now!
2025-11-07 02:22:35,643 - model.pytorch.dcrnn_supervisor - INFO - Epoch [34/300] (5075) train_mae: 3.7584, val_mae: 4.4018, lr: 0.000100
2025-11-07 02:27:08,038 - model.pytorch.dcrnn_supervisor - INFO - epoch complete
2025-11-07 02:27:08,038 - model.pytorch.dcrnn_supervisor - INFO - evaluating now!
2025-11-07 02:27:26,914 - model.pytorch.dcrnn_supervisor - INFO - Epoch [35/300] (5220) train_mae: 3.7337, val_mae: 4.3864, lr: 0.000100
2025-11-07 02:27:26,943 - model.pytorch.dcrnn_supervisor - INFO - Saved model at 35
2025-11-07 02:27:26,943 - model.pytorch.dcrnn_supervisor - INFO - Val loss decrease from 4.3869 to 4.3864, saving to data/model/pretrained/YINCHUAN/yc_best
2025-11-07 02:32:00,596 - model.pytorch.dcrnn_supervisor - INFO - epoch complete
2025-11-07 02:32:00,596 - model.pytorch.dcrnn_supervisor - INFO - evaluating now!
2025-11-07 02:32:20,066 - model.pytorch.dcrnn_supervisor - INFO - Epoch [36/300] (5365) train_mae: 3.7314, val_mae: 4.3931, lr: 0.000100
2025-11-07 02:36:49,419 - model.pytorch.dcrnn_supervisor - INFO - epoch complete
2025-11-07 02:36:49,419 - model.pytorch.dcrnn_supervisor - INFO - evaluating now!
2025-11-07 02:37:08,423 - model.pytorch.dcrnn_supervisor - INFO - Epoch [37/300] (5510) train_mae: 3.7234, val_mae: 4.4148, lr: 0.000100
2025-11-07 02:41:41,213 - model.pytorch.dcrnn_supervisor - INFO - epoch complete
2025-11-07 02:41:41,213 - model.pytorch.dcrnn_supervisor - INFO - evaluating now!
2025-11-07 02:41:59,194 - model.pytorch.dcrnn_supervisor - INFO - Epoch [38/300] (5655) train_mae: 3.7191, val_mae: 4.4113, lr: 0.000100
2025-11-07 02:46:29,341 - model.pytorch.dcrnn_supervisor - INFO - epoch complete
2025-11-07 02:46:29,341 - model.pytorch.dcrnn_supervisor - INFO - evaluating now!
2025-11-07 02:46:48,894 - model.pytorch.dcrnn_supervisor - INFO - Epoch [39/300] (5800) train_mae: 3.7159, val_mae: 4.5021, lr: 0.000001
2025-11-07 02:51:18,658 - model.pytorch.dcrnn_supervisor - INFO - epoch complete
2025-11-07 02:51:18,658 - model.pytorch.dcrnn_supervisor - INFO - evaluating now!
2025-11-07 02:51:37,501 - model.pytorch.dcrnn_supervisor - INFO - Epoch [40/300] (5945) train_mae: 3.7206, val_mae: 4.4204, lr: 0.000010
2025-11-07 02:56:08,604 - model.pytorch.dcrnn_supervisor - INFO - epoch complete
2025-11-07 02:56:08,604 - model.pytorch.dcrnn_supervisor - INFO - evaluating now!
2025-11-07 02:56:28,149 - model.pytorch.dcrnn_supervisor - INFO - Epoch [41/300] (6090) train_mae: 3.6987, val_mae: 4.4242, lr: 0.000010
2025-11-07 03:00:59,365 - model.pytorch.dcrnn_supervisor - INFO - epoch complete
2025-11-07 03:00:59,365 - model.pytorch.dcrnn_supervisor - INFO - evaluating now!
2025-11-07 03:01:18,091 - model.pytorch.dcrnn_supervisor - INFO - Epoch [42/300] (6235) train_mae: 3.7169, val_mae: 4.4867, lr: 0.000010
2025-11-07 03:05:50,935 - model.pytorch.dcrnn_supervisor - INFO - epoch complete
2025-11-07 03:05:50,936 - model.pytorch.dcrnn_supervisor - INFO - evaluating now!
2025-11-07 03:06:09,502 - model.pytorch.dcrnn_supervisor - INFO - Epoch [43/300] (6380) train_mae: 3.7086, val_mae: 4.8360, lr: 0.000010
2025-11-07 03:10:39,767 - model.pytorch.dcrnn_supervisor - INFO - epoch complete
2025-11-07 03:10:39,767 - model.pytorch.dcrnn_supervisor - INFO - evaluating now!
2025-11-07 03:10:59,473 - model.pytorch.dcrnn_supervisor - INFO - Epoch [44/300] (6525) train_mae: 3.7115, val_mae: 4.4271, lr: 0.000010
2025-11-07 03:15:30,789 - model.pytorch.dcrnn_supervisor - INFO - epoch complete
2025-11-07 03:15:30,789 - model.pytorch.dcrnn_supervisor - INFO - evaluating now!
2025-11-07 03:15:49,878 - model.pytorch.dcrnn_supervisor - INFO - Epoch [45/300] (6670) train_mae: 3.6814, val_mae: 4.4347, lr: 0.000010
2025-11-07 03:20:21,004 - model.pytorch.dcrnn_supervisor - INFO - epoch complete
2025-11-07 03:20:21,004 - model.pytorch.dcrnn_supervisor - INFO - evaluating now!
2025-11-07 03:20:40,461 - model.pytorch.dcrnn_supervisor - INFO - Epoch [46/300] (6815) train_mae: 3.6660, val_mae: 4.4200, lr: 0.000010
2025-11-07 03:25:11,511 - model.pytorch.dcrnn_supervisor - INFO - epoch complete
2025-11-07 03:25:11,511 - model.pytorch.dcrnn_supervisor - INFO - evaluating now!
2025-11-07 03:25:30,436 - model.pytorch.dcrnn_supervisor - INFO - Epoch [47/300] (6960) train_mae: 3.6633, val_mae: 4.4321, lr: 0.000010
2025-11-07 03:30:01,118 - model.pytorch.dcrnn_supervisor - INFO - epoch complete
2025-11-07 03:30:01,118 - model.pytorch.dcrnn_supervisor - INFO - evaluating now!
2025-11-07 03:30:20,667 - model.pytorch.dcrnn_supervisor - INFO - Epoch [48/300] (7105) train_mae: 3.6666, val_mae: 4.4407, lr: 0.000010
2025-11-07 03:34:51,436 - model.pytorch.dcrnn_supervisor - INFO - epoch complete
2025-11-07 03:34:51,436 - model.pytorch.dcrnn_supervisor - INFO - evaluating now!
2025-11-07 03:35:10,006 - model.pytorch.dcrnn_supervisor - INFO - Epoch [49/300] (7250) train_mae: 3.6578, val_mae: 4.4342, lr: 0.000000
2025-11-07 03:39:41,284 - model.pytorch.dcrnn_supervisor - INFO - epoch complete
2025-11-07 03:39:41,285 - model.pytorch.dcrnn_supervisor - INFO - evaluating now!
2025-11-07 03:39:59,694 - model.pytorch.dcrnn_supervisor - INFO - Epoch [50/300] (7395) train_mae: 3.6486, val_mae: 4.4302, lr: 0.000001
2025-11-07 03:44:29,549 - model.pytorch.dcrnn_supervisor - INFO - epoch complete
2025-11-07 03:44:29,550 - model.pytorch.dcrnn_supervisor - INFO - evaluating now!
2025-11-07 03:44:49,087 - model.pytorch.dcrnn_supervisor - INFO - Epoch [51/300] (7540) train_mae: 3.6632, val_mae: 4.4481, lr: 0.000001
2025-11-07 03:49:20,630 - model.pytorch.dcrnn_supervisor - INFO - epoch complete
2025-11-07 03:49:20,630 - model.pytorch.dcrnn_supervisor - INFO - evaluating now!
2025-11-07 03:49:39,912 - model.pytorch.dcrnn_supervisor - INFO - Epoch [52/300] (7685) train_mae: 3.6515, val_mae: 4.4267, lr: 0.000001
2025-11-07 03:54:11,259 - model.pytorch.dcrnn_supervisor - INFO - epoch complete
2025-11-07 03:54:11,259 - model.pytorch.dcrnn_supervisor - INFO - evaluating now!
2025-11-07 03:54:30,963 - model.pytorch.dcrnn_supervisor - INFO - Epoch [53/300] (7830) train_mae: 3.6410, val_mae: 4.4320, lr: 0.000001
2025-11-07 03:59:01,809 - model.pytorch.dcrnn_supervisor - INFO - epoch complete
2025-11-07 03:59:01,809 - model.pytorch.dcrnn_supervisor - INFO - evaluating now!
2025-11-07 03:59:20,161 - model.pytorch.dcrnn_supervisor - INFO - Epoch [54/300] (7975) train_mae: 3.6494, val_mae: 4.4735, lr: 0.000001
2025-11-07 04:02:22,131 - model.pytorch.dcrnn_supervisor - INFO - epoch complete
2025-11-07 04:02:22,131 - model.pytorch.dcrnn_supervisor - INFO - evaluating now!
2025-11-07 04:02:33,578 - model.pytorch.dcrnn_supervisor - INFO - Epoch [55/300] (8120) train_mae: 3.6534, val_mae: 4.4443, lr: 0.000001
2025-11-07 04:02:33,578 - model.pytorch.dcrnn_supervisor - WARNING - Early stopping at epoch: 55
2025-11-07 04:02:34,137 - model.pytorch.dcrnn_supervisor - INFO - Loaded model successfully!
2025-11-07 15:30:29,019 - model.pytorch.dcrnn_supervisor - INFO - Log directory: data/model\dcrnn/
2025-11-07 15:31:30,837 - model.pytorch.dcrnn_supervisor - INFO - Model created
2025-11-07 15:31:32,743 - model.pytorch.dcrnn_supervisor - INFO - Start training ...
2025-11-07 15:31:32,744 - model.pytorch.dcrnn_supervisor - INFO - num_batches:145
2025-11-07 15:37:07,660 - model.pytorch.dcrnn_supervisor - INFO - Log directory: data/model\dcrnn/
2025-11-07 15:38:22,195 - model.pytorch.dcrnn_supervisor - INFO - Model created
2025-11-07 15:38:23,772 - model.pytorch.dcrnn_supervisor - INFO - Start training ...
2025-11-07 15:38:23,772 - model.pytorch.dcrnn_supervisor - INFO - num_batches:145
2025-11-07 15:38:24,517 - model.pytorch.dcrnn_supervisor - INFO - Total trainable parameters 405185
2025-11-07 15:38:47,398 - model.pytorch.dcrnn_supervisor - INFO - Log directory: data/model\dcrnn/
2025-11-07 15:39:43,872 - model.pytorch.dcrnn_supervisor - INFO - Model created
2025-11-07 15:39:44,800 - model.pytorch.dcrnn_supervisor - INFO - Start training ...
2025-11-07 15:39:44,800 - model.pytorch.dcrnn_supervisor - INFO - num_batches:145
2025-11-07 15:39:45,186 - model.pytorch.dcrnn_supervisor - INFO - Total trainable parameters 405185
2025-11-07 15:41:05,582 - model.pytorch.dcrnn_supervisor - INFO - Log directory: data/model\dcrnn/
2025-11-07 15:42:01,918 - model.pytorch.dcrnn_supervisor - INFO - Model created
2025-11-07 15:42:02,836 - model.pytorch.dcrnn_supervisor - INFO - Start training ...
2025-11-07 15:42:02,837 - model.pytorch.dcrnn_supervisor - INFO - num_batches:145
2025-11-07 15:42:03,275 - model.pytorch.dcrnn_supervisor - INFO - Total trainable parameters 405185
2025-11-07 15:43:01,193 - model.pytorch.dcrnn_supervisor - INFO - epoch complete
2025-11-07 15:43:01,208 - model.pytorch.dcrnn_supervisor - INFO - evaluating now!
2025-11-07 15:43:05,790 - model.pytorch.dcrnn_supervisor - INFO - Epoch [0/1] (145) train_mae: 6.8783, val_mae: 8.2309, lr: 0.010000
2025-11-07 15:43:05,815 - model.pytorch.dcrnn_supervisor - INFO - Saved model at 0
2025-11-07 15:43:05,815 - model.pytorch.dcrnn_supervisor - INFO - Val loss decrease from inf to 8.2309, saving to data/model/pretrained/YINCHUAN/yc_best
2025-11-07 15:43:06,039 - model.pytorch.dcrnn_supervisor - INFO - Loaded model successfully!
2025-11-07 15:46:03,041 - model.pytorch.dcrnn_supervisor - INFO - Log directory: data/model\dcrnn/
2025-11-07 15:47:04,990 - model.pytorch.dcrnn_supervisor - INFO - Model created
2025-11-07 15:47:06,581 - model.pytorch.dcrnn_supervisor - INFO - Start training ...
2025-11-07 15:47:06,581 - model.pytorch.dcrnn_supervisor - INFO - num_batches:145
2025-11-07 15:47:06,974 - model.pytorch.dcrnn_supervisor - INFO - Total trainable parameters 405185
2025-11-07 15:48:08,744 - model.pytorch.dcrnn_supervisor - INFO - epoch complete
2025-11-07 15:48:08,746 - model.pytorch.dcrnn_supervisor - INFO - evaluating now!
2025-11-07 15:48:13,274 - model.pytorch.dcrnn_supervisor - INFO - Epoch [0/200] (145) train_mae: 6.4336, val_mae: 6.7871, lr: 0.010000
2025-11-07 15:48:13,317 - model.pytorch.dcrnn_supervisor - INFO - Saved model at 0
2025-11-07 15:48:13,317 - model.pytorch.dcrnn_supervisor - INFO - Val loss decrease from inf to 6.7871, saving to data/model/pretrained/YINCHUAN/yc_best
2025-11-07 15:49:14,903 - model.pytorch.dcrnn_supervisor - INFO - epoch complete
2025-11-07 15:49:14,903 - model.pytorch.dcrnn_supervisor - INFO - evaluating now!
2025-11-07 15:49:19,672 - model.pytorch.dcrnn_supervisor - INFO - Epoch [1/200] (290) train_mae: 4.8794, val_mae: 5.8194, lr: 0.010000
2025-11-07 15:49:19,723 - model.pytorch.dcrnn_supervisor - INFO - Saved model at 1
2025-11-07 15:49:19,723 - model.pytorch.dcrnn_supervisor - INFO - Val loss decrease from 6.7871 to 5.8194, saving to data/model/pretrained/YINCHUAN/yc_best
2025-11-07 15:50:25,285 - model.pytorch.dcrnn_supervisor - INFO - epoch complete
2025-11-07 15:50:25,286 - model.pytorch.dcrnn_supervisor - INFO - evaluating now!
2025-11-07 15:50:30,199 - model.pytorch.dcrnn_supervisor - INFO - Epoch [2/200] (435) train_mae: 4.7654, val_mae: 5.3343, lr: 0.010000
2025-11-07 15:50:30,247 - model.pytorch.dcrnn_supervisor - INFO - Saved model at 2
2025-11-07 15:50:30,247 - model.pytorch.dcrnn_supervisor - INFO - Val loss decrease from 5.8194 to 5.3343, saving to data/model/pretrained/YINCHUAN/yc_best
2025-11-07 15:51:32,885 - model.pytorch.dcrnn_supervisor - INFO - epoch complete
2025-11-07 15:51:32,885 - model.pytorch.dcrnn_supervisor - INFO - evaluating now!
2025-11-07 15:51:37,485 - model.pytorch.dcrnn_supervisor - INFO - Epoch [3/200] (580) train_mae: 4.7773, val_mae: 4.8796, lr: 0.010000
2025-11-07 15:51:37,530 - model.pytorch.dcrnn_supervisor - INFO - Saved model at 3
2025-11-07 15:51:37,531 - model.pytorch.dcrnn_supervisor - INFO - Val loss decrease from 5.3343 to 4.8796, saving to data/model/pretrained/YINCHUAN/yc_best
2025-11-07 15:52:40,016 - model.pytorch.dcrnn_supervisor - INFO - epoch complete
2025-11-07 15:52:40,016 - model.pytorch.dcrnn_supervisor - INFO - evaluating now!
2025-11-07 15:52:44,776 - model.pytorch.dcrnn_supervisor - INFO - Epoch [4/200] (725) train_mae: 4.6743, val_mae: 7.8382, lr: 0.010000
2025-11-07 15:53:45,460 - model.pytorch.dcrnn_supervisor - INFO - epoch complete
2025-11-07 15:53:45,460 - model.pytorch.dcrnn_supervisor - INFO - evaluating now!
2025-11-07 15:53:50,056 - model.pytorch.dcrnn_supervisor - INFO - Epoch [5/200] (870) train_mae: 4.6748, val_mae: 4.7151, lr: 0.010000
2025-11-07 15:53:50,100 - model.pytorch.dcrnn_supervisor - INFO - Saved model at 5
2025-11-07 15:53:50,101 - model.pytorch.dcrnn_supervisor - INFO - Val loss decrease from 4.8796 to 4.7151, saving to data/model/pretrained/YINCHUAN/yc_best
2025-11-07 15:54:29,672 - model.pytorch.dcrnn_supervisor - INFO - Log directory: data/model\dcrnn/
2025-11-07 15:55:28,433 - model.pytorch.dcrnn_supervisor - INFO - Model created
2025-11-07 15:55:29,379 - model.pytorch.dcrnn_supervisor - INFO - Start training ...
2025-11-07 15:55:29,379 - model.pytorch.dcrnn_supervisor - INFO - num_batches:145
2025-11-07 15:55:29,774 - model.pytorch.dcrnn_supervisor - INFO - Total trainable parameters 405185
2025-11-07 15:56:33,689 - model.pytorch.dcrnn_supervisor - INFO - epoch complete
2025-11-07 15:56:33,690 - model.pytorch.dcrnn_supervisor - INFO - evaluating now!
2025-11-07 15:56:38,362 - model.pytorch.dcrnn_supervisor - INFO - Epoch [0/200] (145) train_mae: 6.4802, val_mae: 6.4936, lr: 0.010000
2025-11-07 15:56:38,388 - model.pytorch.dcrnn_supervisor - INFO - Saved model at 0
2025-11-07 15:56:38,388 - model.pytorch.dcrnn_supervisor - INFO - Val loss decrease from inf to 6.4936, saving to data/model/pretrained/YINCHUAN/yc_best
2025-11-07 15:57:38,187 - model.pytorch.dcrnn_supervisor - INFO - epoch complete
2025-11-07 15:57:38,189 - model.pytorch.dcrnn_supervisor - INFO - evaluating now!
2025-11-07 15:57:42,958 - model.pytorch.dcrnn_supervisor - INFO - Epoch [1/200] (290) train_mae: 4.9263, val_mae: 6.1722, lr: 0.010000
2025-11-07 15:57:42,986 - model.pytorch.dcrnn_supervisor - INFO - Saved model at 1
2025-11-07 15:57:42,986 - model.pytorch.dcrnn_supervisor - INFO - Val loss decrease from 6.4936 to 6.1722, saving to data/model/pretrained/YINCHUAN/yc_best
2025-11-07 15:58:45,593 - model.pytorch.dcrnn_supervisor - INFO - epoch complete
2025-11-07 15:58:45,593 - model.pytorch.dcrnn_supervisor - INFO - evaluating now!
2025-11-07 15:58:50,364 - model.pytorch.dcrnn_supervisor - INFO - Epoch [2/200] (435) train_mae: 4.8007, val_mae: 5.4339, lr: 0.010000
2025-11-07 15:58:50,389 - model.pytorch.dcrnn_supervisor - INFO - Saved model at 2
2025-11-07 15:58:50,389 - model.pytorch.dcrnn_supervisor - INFO - Val loss decrease from 6.1722 to 5.4339, saving to data/model/pretrained/YINCHUAN/yc_best
2025-11-07 15:59:53,460 - model.pytorch.dcrnn_supervisor - INFO - epoch complete
2025-11-07 15:59:53,461 - model.pytorch.dcrnn_supervisor - INFO - evaluating now!
2025-11-07 15:59:58,110 - model.pytorch.dcrnn_supervisor - INFO - Epoch [3/200] (580) train_mae: 4.7261, val_mae: 5.3692, lr: 0.010000
2025-11-07 15:59:58,135 - model.pytorch.dcrnn_supervisor - INFO - Saved model at 3
2025-11-07 15:59:58,135 - model.pytorch.dcrnn_supervisor - INFO - Val loss decrease from 5.4339 to 5.3692, saving to data/model/pretrained/YINCHUAN/yc_best
2025-11-07 16:01:00,213 - model.pytorch.dcrnn_supervisor - INFO - epoch complete
2025-11-07 16:01:00,213 - model.pytorch.dcrnn_supervisor - INFO - evaluating now!
2025-11-07 16:01:04,898 - model.pytorch.dcrnn_supervisor - INFO - Epoch [4/200] (725) train_mae: 4.7158, val_mae: 4.9061, lr: 0.010000
2025-11-07 16:01:04,940 - model.pytorch.dcrnn_supervisor - INFO - Saved model at 4
2025-11-07 16:01:04,940 - model.pytorch.dcrnn_supervisor - INFO - Val loss decrease from 5.3692 to 4.9061, saving to data/model/pretrained/YINCHUAN/yc_best
2025-11-07 16:02:11,376 - model.pytorch.dcrnn_supervisor - INFO - epoch complete
2025-11-07 16:02:11,376 - model.pytorch.dcrnn_supervisor - INFO - evaluating now!
2025-11-07 16:02:16,016 - model.pytorch.dcrnn_supervisor - INFO - Epoch [5/200] (870) train_mae: 4.5762, val_mae: 4.6948, lr: 0.010000
2025-11-07 16:02:16,057 - model.pytorch.dcrnn_supervisor - INFO - Saved model at 5
2025-11-07 16:02:16,057 - model.pytorch.dcrnn_supervisor - INFO - Val loss decrease from 4.9061 to 4.6948, saving to data/model/pretrained/YINCHUAN/yc_best
2025-11-07 16:03:15,721 - model.pytorch.dcrnn_supervisor - INFO - epoch complete
2025-11-07 16:03:15,721 - model.pytorch.dcrnn_supervisor - INFO - evaluating now!
2025-11-07 16:03:20,305 - model.pytorch.dcrnn_supervisor - INFO - Epoch [6/200] (1015) train_mae: 4.5486, val_mae: 4.6734, lr: 0.010000
2025-11-07 16:03:20,333 - model.pytorch.dcrnn_supervisor - INFO - Saved model at 6
2025-11-07 16:03:20,334 - model.pytorch.dcrnn_supervisor - INFO - Val loss decrease from 4.6948 to 4.6734, saving to data/model/pretrained/YINCHUAN/yc_best
2025-11-07 16:04:19,852 - model.pytorch.dcrnn_supervisor - INFO - epoch complete
2025-11-07 16:04:19,852 - model.pytorch.dcrnn_supervisor - INFO - evaluating now!
2025-11-07 16:04:24,645 - model.pytorch.dcrnn_supervisor - INFO - Epoch [7/200] (1160) train_mae: 4.4847, val_mae: 4.9581, lr: 0.010000
2025-11-07 16:05:26,754 - model.pytorch.dcrnn_supervisor - INFO - epoch complete
2025-11-07 16:05:26,755 - model.pytorch.dcrnn_supervisor - INFO - evaluating now!
2025-11-07 16:05:31,218 - model.pytorch.dcrnn_supervisor - INFO - Epoch [8/200] (1305) train_mae: 4.4823, val_mae: 4.6382, lr: 0.010000
2025-11-07 16:05:31,267 - model.pytorch.dcrnn_supervisor - INFO - Saved model at 8
2025-11-07 16:05:31,268 - model.pytorch.dcrnn_supervisor - INFO - Val loss decrease from 4.6734 to 4.6382, saving to data/model/pretrained/YINCHUAN/yc_best
2025-11-07 16:06:37,075 - model.pytorch.dcrnn_supervisor - INFO - epoch complete
2025-11-07 16:06:37,076 - model.pytorch.dcrnn_supervisor - INFO - evaluating now!
2025-11-07 16:06:42,443 - model.pytorch.dcrnn_supervisor - INFO - Epoch [9/200] (1450) train_mae: 4.4534, val_mae: 4.9238, lr: 0.010000
2025-11-07 16:07:45,000 - model.pytorch.dcrnn_supervisor - INFO - epoch complete
2025-11-07 16:07:45,001 - model.pytorch.dcrnn_supervisor - INFO - evaluating now!
2025-11-07 16:07:49,730 - model.pytorch.dcrnn_supervisor - INFO - Epoch [10/200] (1595) train_mae: 4.3642, val_mae: 4.8015, lr: 0.010000
2025-11-07 16:09:10,775 - model.pytorch.dcrnn_supervisor - INFO - epoch complete
2025-11-07 16:09:10,775 - model.pytorch.dcrnn_supervisor - INFO - evaluating now!
2025-11-07 16:09:15,825 - model.pytorch.dcrnn_supervisor - INFO - Epoch [11/200] (1740) train_mae: 4.3468, val_mae: 6.4466, lr: 0.010000
2025-11-07 16:10:17,324 - model.pytorch.dcrnn_supervisor - INFO - epoch complete
2025-11-07 16:10:17,324 - model.pytorch.dcrnn_supervisor - INFO - evaluating now!
2025-11-07 16:10:21,920 - model.pytorch.dcrnn_supervisor - INFO - Epoch [12/200] (1885) train_mae: 4.3452, val_mae: 4.7781, lr: 0.010000
2025-11-07 16:11:29,256 - model.pytorch.dcrnn_supervisor - INFO - epoch complete
2025-11-07 16:11:29,256 - model.pytorch.dcrnn_supervisor - INFO - evaluating now!
2025-11-07 16:11:33,822 - model.pytorch.dcrnn_supervisor - INFO - Epoch [13/200] (2030) train_mae: 4.2619, val_mae: 4.7337, lr: 0.010000
2025-11-07 16:12:39,632 - model.pytorch.dcrnn_supervisor - INFO - epoch complete
2025-11-07 16:12:39,633 - model.pytorch.dcrnn_supervisor - INFO - evaluating now!
2025-11-07 16:12:44,312 - model.pytorch.dcrnn_supervisor - INFO - Epoch [14/200] (2175) train_mae: 4.2181, val_mae: 4.5735, lr: 0.010000
2025-11-07 16:12:44,337 - model.pytorch.dcrnn_supervisor - INFO - Saved model at 14
2025-11-07 16:12:44,337 - model.pytorch.dcrnn_supervisor - INFO - Val loss decrease from 4.6382 to 4.5735, saving to data/model/pretrained/YINCHUAN/yc_best
2025-11-07 16:13:44,494 - model.pytorch.dcrnn_supervisor - INFO - epoch complete
2025-11-07 16:13:44,494 - model.pytorch.dcrnn_supervisor - INFO - evaluating now!
2025-11-07 16:13:49,399 - model.pytorch.dcrnn_supervisor - INFO - Epoch [15/200] (2320) train_mae: 4.1780, val_mae: 4.8804, lr: 0.010000
2025-11-07 16:14:50,531 - model.pytorch.dcrnn_supervisor - INFO - epoch complete
2025-11-07 16:14:50,531 - model.pytorch.dcrnn_supervisor - INFO - evaluating now!
2025-11-07 16:14:55,978 - model.pytorch.dcrnn_supervisor - INFO - Epoch [16/200] (2465) train_mae: 4.1734, val_mae: 4.5594, lr: 0.010000
2025-11-07 16:14:56,021 - model.pytorch.dcrnn_supervisor - INFO - Saved model at 16
2025-11-07 16:14:56,021 - model.pytorch.dcrnn_supervisor - INFO - Val loss decrease from 4.5735 to 4.5594, saving to data/model/pretrained/YINCHUAN/yc_best
2025-11-07 16:15:57,479 - model.pytorch.dcrnn_supervisor - INFO - epoch complete
2025-11-07 16:15:57,481 - model.pytorch.dcrnn_supervisor - INFO - evaluating now!
2025-11-07 16:16:02,045 - model.pytorch.dcrnn_supervisor - INFO - Epoch [17/200] (2610) train_mae: 4.2077, val_mae: 4.7095, lr: 0.010000
2025-11-07 16:17:04,670 - model.pytorch.dcrnn_supervisor - INFO - epoch complete
2025-11-07 16:17:04,670 - model.pytorch.dcrnn_supervisor - INFO - evaluating now!
2025-11-07 16:17:09,295 - model.pytorch.dcrnn_supervisor - INFO - Epoch [18/200] (2755) train_mae: 4.1400, val_mae: 4.7216, lr: 0.010000
2025-11-07 16:18:23,733 - model.pytorch.dcrnn_supervisor - INFO - epoch complete
2025-11-07 16:18:23,734 - model.pytorch.dcrnn_supervisor - INFO - evaluating now!
2025-11-07 16:18:28,175 - model.pytorch.dcrnn_supervisor - INFO - Epoch [19/200] (2900) train_mae: 4.1217, val_mae: 4.6472, lr: 0.000100
2025-11-07 16:19:28,636 - model.pytorch.dcrnn_supervisor - INFO - epoch complete
2025-11-07 16:19:28,636 - model.pytorch.dcrnn_supervisor - INFO - evaluating now!
2025-11-07 16:19:33,067 - model.pytorch.dcrnn_supervisor - INFO - Epoch [20/200] (3045) train_mae: 4.0508, val_mae: 4.4129, lr: 0.001000
2025-11-07 16:19:33,100 - model.pytorch.dcrnn_supervisor - INFO - Saved model at 20
2025-11-07 16:19:33,102 - model.pytorch.dcrnn_supervisor - INFO - Val loss decrease from 4.5594 to 4.4129, saving to data/model/pretrained/YINCHUAN/yc_best
2025-11-07 16:20:34,420 - model.pytorch.dcrnn_supervisor - INFO - epoch complete
2025-11-07 16:20:34,420 - model.pytorch.dcrnn_supervisor - INFO - evaluating now!
2025-11-07 16:20:39,339 - model.pytorch.dcrnn_supervisor - INFO - Epoch [21/200] (3190) train_mae: 4.0737, val_mae: 4.8526, lr: 0.001000
2025-11-07 16:21:48,227 - model.pytorch.dcrnn_supervisor - INFO - epoch complete
2025-11-07 16:21:48,227 - model.pytorch.dcrnn_supervisor - INFO - evaluating now!
2025-11-07 16:21:53,739 - model.pytorch.dcrnn_supervisor - INFO - Epoch [22/200] (3335) train_mae: 4.1150, val_mae: 5.3308, lr: 0.001000
2025-11-07 16:23:04,792 - model.pytorch.dcrnn_supervisor - INFO - epoch complete
2025-11-07 16:23:04,793 - model.pytorch.dcrnn_supervisor - INFO - evaluating now!
2025-11-07 16:23:10,358 - model.pytorch.dcrnn_supervisor - INFO - Epoch [23/200] (3480) train_mae: 4.0357, val_mae: 4.4389, lr: 0.001000
2025-11-07 16:24:16,483 - model.pytorch.dcrnn_supervisor - INFO - epoch complete
2025-11-07 16:24:16,483 - model.pytorch.dcrnn_supervisor - INFO - evaluating now!
2025-11-07 16:24:21,095 - model.pytorch.dcrnn_supervisor - INFO - Epoch [24/200] (3625) train_mae: 3.9917, val_mae: 4.5827, lr: 0.001000
2025-11-07 16:25:21,238 - model.pytorch.dcrnn_supervisor - INFO - epoch complete
2025-11-07 16:25:21,239 - model.pytorch.dcrnn_supervisor - INFO - evaluating now!
2025-11-07 16:25:26,022 - model.pytorch.dcrnn_supervisor - INFO - Epoch [25/200] (3770) train_mae: 4.0443, val_mae: 4.4817, lr: 0.001000
2025-11-07 16:26:36,134 - model.pytorch.dcrnn_supervisor - INFO - epoch complete
2025-11-07 16:26:36,134 - model.pytorch.dcrnn_supervisor - INFO - evaluating now!
2025-11-07 16:26:41,485 - model.pytorch.dcrnn_supervisor - INFO - Epoch [26/200] (3915) train_mae: 3.9731, val_mae: 4.5971, lr: 0.001000
2025-11-07 16:27:44,249 - model.pytorch.dcrnn_supervisor - INFO - epoch complete
2025-11-07 16:27:44,249 - model.pytorch.dcrnn_supervisor - INFO - evaluating now!
2025-11-07 16:27:48,731 - model.pytorch.dcrnn_supervisor - INFO - Epoch [27/200] (4060) train_mae: 3.9978, val_mae: 4.4438, lr: 0.001000
2025-11-07 16:28:54,294 - model.pytorch.dcrnn_supervisor - INFO - epoch complete
2025-11-07 16:28:54,294 - model.pytorch.dcrnn_supervisor - INFO - evaluating now!
2025-11-07 16:28:59,714 - model.pytorch.dcrnn_supervisor - INFO - Epoch [28/200] (4205) train_mae: 3.9619, val_mae: 4.4616, lr: 0.001000
2025-11-07 16:30:07,820 - model.pytorch.dcrnn_supervisor - INFO - epoch complete
2025-11-07 16:30:07,820 - model.pytorch.dcrnn_supervisor - INFO - evaluating now!
2025-11-07 16:30:12,451 - model.pytorch.dcrnn_supervisor - INFO - Epoch [29/200] (4350) train_mae: 3.9465, val_mae: 4.3636, lr: 0.000010
2025-11-07 16:30:12,495 - model.pytorch.dcrnn_supervisor - INFO - Saved model at 29
2025-11-07 16:30:12,495 - model.pytorch.dcrnn_supervisor - INFO - Val loss decrease from 4.4129 to 4.3636, saving to data/model/pretrained/YINCHUAN/yc_best
2025-11-07 16:31:17,392 - model.pytorch.dcrnn_supervisor - INFO - epoch complete
2025-11-07 16:31:17,392 - model.pytorch.dcrnn_supervisor - INFO - evaluating now!
2025-11-07 16:31:22,392 - model.pytorch.dcrnn_supervisor - INFO - Epoch [30/200] (4495) train_mae: 3.9283, val_mae: 4.6269, lr: 0.000100
2025-11-07 16:32:20,892 - model.pytorch.dcrnn_supervisor - INFO - epoch complete
2025-11-07 16:32:20,892 - model.pytorch.dcrnn_supervisor - INFO - evaluating now!
2025-11-07 16:32:25,535 - model.pytorch.dcrnn_supervisor - INFO - Epoch [31/200] (4640) train_mae: 3.9205, val_mae: 4.7045, lr: 0.000100
2025-11-07 16:33:25,972 - model.pytorch.dcrnn_supervisor - INFO - epoch complete
2025-11-07 16:33:25,972 - model.pytorch.dcrnn_supervisor - INFO - evaluating now!
2025-11-07 16:33:30,494 - model.pytorch.dcrnn_supervisor - INFO - Epoch [32/200] (4785) train_mae: 4.0502, val_mae: 4.4155, lr: 0.000100
2025-11-07 16:34:32,768 - model.pytorch.dcrnn_supervisor - INFO - epoch complete
2025-11-07 16:34:32,768 - model.pytorch.dcrnn_supervisor - INFO - evaluating now!
2025-11-07 16:34:37,375 - model.pytorch.dcrnn_supervisor - INFO - Epoch [33/200] (4930) train_mae: 3.9243, val_mae: 4.8857, lr: 0.000100
2025-11-07 16:35:37,589 - model.pytorch.dcrnn_supervisor - INFO - epoch complete
2025-11-07 16:35:37,589 - model.pytorch.dcrnn_supervisor - INFO - evaluating now!
2025-11-07 16:35:42,276 - model.pytorch.dcrnn_supervisor - INFO - Epoch [34/200] (5075) train_mae: 3.9315, val_mae: 4.4740, lr: 0.000100
2025-11-07 16:36:54,756 - model.pytorch.dcrnn_supervisor - INFO - epoch complete
2025-11-07 16:36:54,756 - model.pytorch.dcrnn_supervisor - INFO - evaluating now!
2025-11-07 16:37:02,667 - model.pytorch.dcrnn_supervisor - INFO - Epoch [35/200] (5220) train_mae: 3.9623, val_mae: 4.5307, lr: 0.000100
2025-11-07 16:38:47,201 - model.pytorch.dcrnn_supervisor - INFO - epoch complete
2025-11-07 16:38:47,201 - model.pytorch.dcrnn_supervisor - INFO - evaluating now!
2025-11-07 16:38:51,979 - model.pytorch.dcrnn_supervisor - INFO - Epoch [36/200] (5365) train_mae: 3.8607, val_mae: 4.5483, lr: 0.000100
2025-11-07 16:39:58,607 - model.pytorch.dcrnn_supervisor - INFO - epoch complete
2025-11-07 16:39:58,607 - model.pytorch.dcrnn_supervisor - INFO - evaluating now!
2025-11-07 16:40:03,175 - model.pytorch.dcrnn_supervisor - INFO - Epoch [37/200] (5510) train_mae: 3.8514, val_mae: 4.5565, lr: 0.000100
2025-11-07 16:41:01,519 - model.pytorch.dcrnn_supervisor - INFO - epoch complete
2025-11-07 16:41:01,519 - model.pytorch.dcrnn_supervisor - INFO - evaluating now!
2025-11-07 16:41:06,128 - model.pytorch.dcrnn_supervisor - INFO - Epoch [38/200] (5655) train_mae: 3.9080, val_mae: 4.6204, lr: 0.000100
2025-11-07 16:42:03,167 - model.pytorch.dcrnn_supervisor - INFO - epoch complete
2025-11-07 16:42:03,167 - model.pytorch.dcrnn_supervisor - INFO - evaluating now!
2025-11-07 16:42:07,803 - model.pytorch.dcrnn_supervisor - INFO - Epoch [39/200] (5800) train_mae: 3.8909, val_mae: 4.3947, lr: 0.000001
2025-11-07 16:42:07,803 - model.pytorch.dcrnn_supervisor - WARNING - Early stopping at epoch: 39
2025-11-07 16:42:08,054 - model.pytorch.dcrnn_supervisor - INFO - Loaded model successfully!
2025-11-07 16:46:47,964 - model.pytorch.dcrnn_supervisor - INFO - Log directory: data/model\dcrnn/
2025-11-07 16:47:42,894 - model.pytorch.dcrnn_supervisor - INFO - Log directory: data/model\dcrnn/
2025-11-07 16:48:40,669 - model.pytorch.dcrnn_supervisor - INFO - Model created
2025-11-07 16:48:41,596 - model.pytorch.dcrnn_supervisor - INFO - Start training ...
2025-11-07 16:48:41,596 - model.pytorch.dcrnn_supervisor - INFO - num_batches:145
2025-11-07 16:50:27,935 - model.pytorch.dcrnn_supervisor - INFO - Log directory: data/model\dcrnn/
2025-11-07 16:51:25,242 - model.pytorch.dcrnn_supervisor - INFO - Model created
2025-11-07 16:51:26,128 - model.pytorch.dcrnn_supervisor - INFO - Start training ...
2025-11-07 16:51:26,128 - model.pytorch.dcrnn_supervisor - INFO - num_batches:145
2025-11-07 16:51:26,644 - model.pytorch.dcrnn_supervisor - INFO - Total trainable parameters 405249
2025-11-07 16:56:01,539 - model.pytorch.dcrnn_supervisor - INFO - Log directory: data/model\dcrnn/
2025-11-07 16:56:58,649 - model.pytorch.dcrnn_supervisor - INFO - Model created
2025-11-07 16:57:00,523 - model.pytorch.dcrnn_supervisor - INFO - Start training ...
2025-11-07 16:57:00,523 - model.pytorch.dcrnn_supervisor - INFO - num_batches:145
2025-11-07 16:57:01,064 - model.pytorch.dcrnn_supervisor - INFO - Total trainable parameters 405249
2025-11-07 17:02:07,006 - model.pytorch.dcrnn_supervisor - INFO - Log directory: data/model\dcrnn/
2025-11-07 17:03:04,855 - model.pytorch.dcrnn_supervisor - INFO - Model created
2025-11-07 17:03:06,915 - model.pytorch.dcrnn_supervisor - INFO - Start training ...
2025-11-07 17:03:06,915 - model.pytorch.dcrnn_supervisor - INFO - num_batches:145
2025-11-07 17:03:07,441 - model.pytorch.dcrnn_supervisor - INFO - Total trainable parameters 405249
2025-11-07 17:04:09,075 - model.pytorch.dcrnn_supervisor - INFO - epoch complete
2025-11-07 17:04:09,076 - model.pytorch.dcrnn_supervisor - INFO - evaluating now!
2025-11-07 17:04:13,975 - model.pytorch.dcrnn_supervisor - INFO - Epoch [0/200] (145) train_mae: 6.9856, val_mae: 6.0305, lr: 0.010000
2025-11-07 17:04:14,000 - model.pytorch.dcrnn_supervisor - INFO - Saved model at 0
2025-11-07 17:04:14,000 - model.pytorch.dcrnn_supervisor - INFO - Val loss decrease from inf to 6.0305, saving to data/model/pretrained/YINCHUAN/yc_best
2025-11-07 17:05:14,169 - model.pytorch.dcrnn_supervisor - INFO - epoch complete
2025-11-07 17:05:14,169 - model.pytorch.dcrnn_supervisor - INFO - evaluating now!
2025-11-07 17:05:19,286 - model.pytorch.dcrnn_supervisor - INFO - Epoch [1/200] (290) train_mae: 4.9752, val_mae: 5.4762, lr: 0.010000
2025-11-07 17:05:19,325 - model.pytorch.dcrnn_supervisor - INFO - Saved model at 1
2025-11-07 17:05:19,325 - model.pytorch.dcrnn_supervisor - INFO - Val loss decrease from 6.0305 to 5.4762, saving to data/model/pretrained/YINCHUAN/yc_best
2025-11-07 17:06:22,156 - model.pytorch.dcrnn_supervisor - INFO - epoch complete
2025-11-07 17:06:22,156 - model.pytorch.dcrnn_supervisor - INFO - evaluating now!
2025-11-07 17:06:27,262 - model.pytorch.dcrnn_supervisor - INFO - Epoch [2/200] (435) train_mae: 4.6783, val_mae: 5.3365, lr: 0.010000
2025-11-07 17:06:27,294 - model.pytorch.dcrnn_supervisor - INFO - Saved model at 2
2025-11-07 17:06:27,294 - model.pytorch.dcrnn_supervisor - INFO - Val loss decrease from 5.4762 to 5.3365, saving to data/model/pretrained/YINCHUAN/yc_best
2025-11-07 17:07:28,904 - model.pytorch.dcrnn_supervisor - INFO - epoch complete
2025-11-07 17:07:28,904 - model.pytorch.dcrnn_supervisor - INFO - evaluating now!
2025-11-07 17:07:33,665 - model.pytorch.dcrnn_supervisor - INFO - Epoch [3/200] (580) train_mae: 4.6243, val_mae: 4.9166, lr: 0.010000
2025-11-07 17:07:33,690 - model.pytorch.dcrnn_supervisor - INFO - Saved model at 3
2025-11-07 17:07:33,690 - model.pytorch.dcrnn_supervisor - INFO - Val loss decrease from 5.3365 to 4.9166, saving to data/model/pretrained/YINCHUAN/yc_best
2025-11-07 17:08:32,792 - model.pytorch.dcrnn_supervisor - INFO - epoch complete
2025-11-07 17:08:32,792 - model.pytorch.dcrnn_supervisor - INFO - evaluating now!
2025-11-07 17:08:37,802 - model.pytorch.dcrnn_supervisor - INFO - Epoch [4/200] (725) train_mae: 4.5685, val_mae: 4.9238, lr: 0.010000
2025-11-07 17:09:39,903 - model.pytorch.dcrnn_supervisor - INFO - epoch complete
2025-11-07 17:09:39,903 - model.pytorch.dcrnn_supervisor - INFO - evaluating now!
2025-11-07 17:09:44,863 - model.pytorch.dcrnn_supervisor - INFO - Epoch [5/200] (870) train_mae: 4.5018, val_mae: 4.7203, lr: 0.010000
2025-11-07 17:09:44,889 - model.pytorch.dcrnn_supervisor - INFO - Saved model at 5
2025-11-07 17:09:44,889 - model.pytorch.dcrnn_supervisor - INFO - Val loss decrease from 4.9166 to 4.7203, saving to data/model/pretrained/YINCHUAN/yc_best
2025-11-07 17:10:47,932 - model.pytorch.dcrnn_supervisor - INFO - epoch complete
2025-11-07 17:10:47,932 - model.pytorch.dcrnn_supervisor - INFO - evaluating now!
2025-11-07 17:10:52,829 - model.pytorch.dcrnn_supervisor - INFO - Epoch [6/200] (1015) train_mae: 4.4651, val_mae: 4.6877, lr: 0.010000
2025-11-07 17:10:52,868 - model.pytorch.dcrnn_supervisor - INFO - Saved model at 6
2025-11-07 17:10:52,868 - model.pytorch.dcrnn_supervisor - INFO - Val loss decrease from 4.7203 to 4.6877, saving to data/model/pretrained/YINCHUAN/yc_best
2025-11-07 17:11:57,645 - model.pytorch.dcrnn_supervisor - INFO - epoch complete
2025-11-07 17:11:57,646 - model.pytorch.dcrnn_supervisor - INFO - evaluating now!
2025-11-07 17:12:02,826 - model.pytorch.dcrnn_supervisor - INFO - Epoch [7/200] (1160) train_mae: 4.4455, val_mae: 4.5930, lr: 0.010000
2025-11-07 17:12:02,850 - model.pytorch.dcrnn_supervisor - INFO - Saved model at 7
2025-11-07 17:12:02,850 - model.pytorch.dcrnn_supervisor - INFO - Val loss decrease from 4.6877 to 4.5930, saving to data/model/pretrained/YINCHUAN/yc_best
2025-11-07 17:13:05,435 - model.pytorch.dcrnn_supervisor - INFO - epoch complete
2025-11-07 17:13:05,435 - model.pytorch.dcrnn_supervisor - INFO - evaluating now!
2025-11-07 17:13:10,492 - model.pytorch.dcrnn_supervisor - INFO - Epoch [8/200] (1305) train_mae: 4.4096, val_mae: 4.6861, lr: 0.010000
2025-11-07 17:14:13,615 - model.pytorch.dcrnn_supervisor - INFO - epoch complete
2025-11-07 17:14:13,615 - model.pytorch.dcrnn_supervisor - INFO - evaluating now!
2025-11-07 17:14:18,904 - model.pytorch.dcrnn_supervisor - INFO - Epoch [9/200] (1450) train_mae: 4.3340, val_mae: 4.5146, lr: 0.010000
2025-11-07 17:14:18,929 - model.pytorch.dcrnn_supervisor - INFO - Saved model at 9
2025-11-07 17:14:18,929 - model.pytorch.dcrnn_supervisor - INFO - Val loss decrease from 4.5930 to 4.5146, saving to data/model/pretrained/YINCHUAN/yc_best
2025-11-07 17:15:20,435 - model.pytorch.dcrnn_supervisor - INFO - epoch complete
2025-11-07 17:15:20,435 - model.pytorch.dcrnn_supervisor - INFO - evaluating now!
2025-11-07 17:15:25,331 - model.pytorch.dcrnn_supervisor - INFO - Epoch [10/200] (1595) train_mae: 4.2905, val_mae: 4.6459, lr: 0.010000
2025-11-07 17:16:26,746 - model.pytorch.dcrnn_supervisor - INFO - epoch complete
2025-11-07 17:16:26,746 - model.pytorch.dcrnn_supervisor - INFO - evaluating now!
2025-11-07 17:16:31,649 - model.pytorch.dcrnn_supervisor - INFO - Epoch [11/200] (1740) train_mae: 4.2968, val_mae: 4.5236, lr: 0.010000
2025-11-07 17:17:32,755 - model.pytorch.dcrnn_supervisor - INFO - epoch complete
2025-11-07 17:17:32,755 - model.pytorch.dcrnn_supervisor - INFO - evaluating now!
2025-11-07 17:17:37,582 - model.pytorch.dcrnn_supervisor - INFO - Epoch [12/200] (1885) train_mae: 4.2052, val_mae: 4.5590, lr: 0.010000
2025-11-07 17:18:40,962 - model.pytorch.dcrnn_supervisor - INFO - epoch complete
2025-11-07 17:18:40,962 - model.pytorch.dcrnn_supervisor - INFO - evaluating now!
2025-11-07 17:18:45,940 - model.pytorch.dcrnn_supervisor - INFO - Epoch [13/200] (2030) train_mae: 4.1749, val_mae: 4.4790, lr: 0.010000
2025-11-07 17:18:45,965 - model.pytorch.dcrnn_supervisor - INFO - Saved model at 13
2025-11-07 17:18:45,965 - model.pytorch.dcrnn_supervisor - INFO - Val loss decrease from 4.5146 to 4.4790, saving to data/model/pretrained/YINCHUAN/yc_best
2025-11-07 17:19:48,660 - model.pytorch.dcrnn_supervisor - INFO - epoch complete
2025-11-07 17:19:48,660 - model.pytorch.dcrnn_supervisor - INFO - evaluating now!
2025-11-07 17:19:53,843 - model.pytorch.dcrnn_supervisor - INFO - Epoch [14/200] (2175) train_mae: 4.1586, val_mae: 4.4455, lr: 0.010000
2025-11-07 17:19:53,868 - model.pytorch.dcrnn_supervisor - INFO - Saved model at 14
2025-11-07 17:19:53,868 - model.pytorch.dcrnn_supervisor - INFO - Val loss decrease from 4.4790 to 4.4455, saving to data/model/pretrained/YINCHUAN/yc_best
2025-11-07 17:20:56,132 - model.pytorch.dcrnn_supervisor - INFO - epoch complete
2025-11-07 17:20:56,132 - model.pytorch.dcrnn_supervisor - INFO - evaluating now!
2025-11-07 17:21:01,092 - model.pytorch.dcrnn_supervisor - INFO - Epoch [15/200] (2320) train_mae: 4.1195, val_mae: 4.4564, lr: 0.010000
2025-11-07 17:22:03,854 - model.pytorch.dcrnn_supervisor - INFO - epoch complete
2025-11-07 17:22:03,854 - model.pytorch.dcrnn_supervisor - INFO - evaluating now!
2025-11-07 17:22:08,619 - model.pytorch.dcrnn_supervisor - INFO - Epoch [16/200] (2465) train_mae: 4.0795, val_mae: 4.4648, lr: 0.010000
2025-11-07 17:23:06,346 - model.pytorch.dcrnn_supervisor - INFO - epoch complete
2025-11-07 17:23:06,346 - model.pytorch.dcrnn_supervisor - INFO - evaluating now!
2025-11-07 17:23:11,119 - model.pytorch.dcrnn_supervisor - INFO - Epoch [17/200] (2610) train_mae: 4.0970, val_mae: 4.7276, lr: 0.010000
2025-11-07 17:24:11,198 - model.pytorch.dcrnn_supervisor - INFO - epoch complete
2025-11-07 17:24:11,198 - model.pytorch.dcrnn_supervisor - INFO - evaluating now!
2025-11-07 17:24:15,949 - model.pytorch.dcrnn_supervisor - INFO - Epoch [18/200] (2755) train_mae: 4.0662, val_mae: 4.4254, lr: 0.010000
2025-11-07 17:24:15,990 - model.pytorch.dcrnn_supervisor - INFO - Saved model at 18
2025-11-07 17:24:15,990 - model.pytorch.dcrnn_supervisor - INFO - Val loss decrease from 4.4455 to 4.4254, saving to data/model/pretrained/YINCHUAN/yc_best
2025-11-07 17:25:31,422 - model.pytorch.dcrnn_supervisor - INFO - epoch complete
2025-11-07 17:25:31,422 - model.pytorch.dcrnn_supervisor - INFO - evaluating now!
2025-11-07 17:25:36,045 - model.pytorch.dcrnn_supervisor - INFO - Epoch [19/200] (2900) train_mae: 4.0371, val_mae: 4.5594, lr: 0.000100
2025-11-07 17:26:44,706 - model.pytorch.dcrnn_supervisor - INFO - epoch complete
2025-11-07 17:26:44,706 - model.pytorch.dcrnn_supervisor - INFO - evaluating now!
2025-11-07 17:26:49,263 - model.pytorch.dcrnn_supervisor - INFO - Epoch [20/200] (3045) train_mae: 4.0088, val_mae: 4.7495, lr: 0.001000
2025-11-07 17:27:49,008 - model.pytorch.dcrnn_supervisor - INFO - epoch complete
2025-11-07 17:27:49,008 - model.pytorch.dcrnn_supervisor - INFO - evaluating now!
2025-11-07 17:27:54,465 - model.pytorch.dcrnn_supervisor - INFO - Epoch [21/200] (3190) train_mae: 3.9898, val_mae: 4.4337, lr: 0.001000
2025-11-07 17:28:52,333 - model.pytorch.dcrnn_supervisor - INFO - epoch complete
2025-11-07 17:28:52,333 - model.pytorch.dcrnn_supervisor - INFO - evaluating now!
2025-11-07 17:28:56,933 - model.pytorch.dcrnn_supervisor - INFO - Epoch [22/200] (3335) train_mae: 3.9765, val_mae: 4.3621, lr: 0.001000
2025-11-07 17:28:56,957 - model.pytorch.dcrnn_supervisor - INFO - Saved model at 22
2025-11-07 17:28:56,957 - model.pytorch.dcrnn_supervisor - INFO - Val loss decrease from 4.4254 to 4.3621, saving to data/model/pretrained/YINCHUAN/yc_best
2025-11-07 17:29:54,526 - model.pytorch.dcrnn_supervisor - INFO - epoch complete
2025-11-07 17:29:54,526 - model.pytorch.dcrnn_supervisor - INFO - evaluating now!
2025-11-07 17:29:59,635 - model.pytorch.dcrnn_supervisor - INFO - Epoch [23/200] (3480) train_mae: 3.9502, val_mae: 4.3617, lr: 0.001000
2025-11-07 17:29:59,663 - model.pytorch.dcrnn_supervisor - INFO - Saved model at 23
2025-11-07 17:29:59,663 - model.pytorch.dcrnn_supervisor - INFO - Val loss decrease from 4.3621 to 4.3617, saving to data/model/pretrained/YINCHUAN/yc_best
2025-11-07 17:30:59,001 - model.pytorch.dcrnn_supervisor - INFO - epoch complete
2025-11-07 17:30:59,002 - model.pytorch.dcrnn_supervisor - INFO - evaluating now!
2025-11-07 17:31:03,632 - model.pytorch.dcrnn_supervisor - INFO - Epoch [24/200] (3625) train_mae: 3.9411, val_mae: 4.3969, lr: 0.001000
2025-11-07 17:32:03,183 - model.pytorch.dcrnn_supervisor - INFO - epoch complete
2025-11-07 17:32:03,183 - model.pytorch.dcrnn_supervisor - INFO - evaluating now!
2025-11-07 17:32:07,794 - model.pytorch.dcrnn_supervisor - INFO - Epoch [25/200] (3770) train_mae: 3.9380, val_mae: 4.3690, lr: 0.001000
2025-11-07 17:33:24,452 - model.pytorch.dcrnn_supervisor - INFO - epoch complete
2025-11-07 17:33:24,452 - model.pytorch.dcrnn_supervisor - INFO - evaluating now!
2025-11-07 17:33:32,752 - model.pytorch.dcrnn_supervisor - INFO - Epoch [26/200] (3915) train_mae: 3.9665, val_mae: 4.5934, lr: 0.001000
2025-11-07 17:34:51,994 - model.pytorch.dcrnn_supervisor - INFO - epoch complete
2025-11-07 17:34:51,994 - model.pytorch.dcrnn_supervisor - INFO - evaluating now!
2025-11-07 17:34:56,987 - model.pytorch.dcrnn_supervisor - INFO - Epoch [27/200] (4060) train_mae: 3.9171, val_mae: 4.4123, lr: 0.001000
2025-11-07 17:36:33,460 - model.pytorch.dcrnn_supervisor - INFO - epoch complete
2025-11-07 17:36:33,460 - model.pytorch.dcrnn_supervisor - INFO - evaluating now!
2025-11-07 17:36:38,671 - model.pytorch.dcrnn_supervisor - INFO - Epoch [28/200] (4205) train_mae: 3.9249, val_mae: 4.3793, lr: 0.001000
2025-11-07 17:37:42,710 - model.pytorch.dcrnn_supervisor - INFO - epoch complete
2025-11-07 17:37:42,710 - model.pytorch.dcrnn_supervisor - INFO - evaluating now!
2025-11-07 17:37:47,725 - model.pytorch.dcrnn_supervisor - INFO - Epoch [29/200] (4350) train_mae: 3.9061, val_mae: 4.4319, lr: 0.000010
2025-11-07 17:38:58,968 - model.pytorch.dcrnn_supervisor - INFO - epoch complete
2025-11-07 17:38:58,968 - model.pytorch.dcrnn_supervisor - INFO - evaluating now!
2025-11-07 17:39:04,362 - model.pytorch.dcrnn_supervisor - INFO - Epoch [30/200] (4495) train_mae: 3.9153, val_mae: 4.3836, lr: 0.000100
2025-11-07 17:40:07,241 - model.pytorch.dcrnn_supervisor - INFO - epoch complete
2025-11-07 17:40:07,241 - model.pytorch.dcrnn_supervisor - INFO - evaluating now!
2025-11-07 17:40:11,931 - model.pytorch.dcrnn_supervisor - INFO - Epoch [31/200] (4640) train_mae: 3.8753, val_mae: 4.4074, lr: 0.000100
2025-11-07 17:41:19,344 - model.pytorch.dcrnn_supervisor - INFO - epoch complete
2025-11-07 17:41:19,344 - model.pytorch.dcrnn_supervisor - INFO - evaluating now!
2025-11-07 17:41:25,126 - model.pytorch.dcrnn_supervisor - INFO - Epoch [32/200] (4785) train_mae: 3.8650, val_mae: 4.3851, lr: 0.000100
2025-11-07 17:42:31,614 - model.pytorch.dcrnn_supervisor - INFO - epoch complete
2025-11-07 17:42:31,614 - model.pytorch.dcrnn_supervisor - INFO - evaluating now!
2025-11-07 17:42:37,184 - model.pytorch.dcrnn_supervisor - INFO - Epoch [33/200] (4930) train_mae: 3.8512, val_mae: 4.3630, lr: 0.000100
2025-11-07 17:42:37,184 - model.pytorch.dcrnn_supervisor - WARNING - Early stopping at epoch: 33
2025-11-07 17:42:37,572 - model.pytorch.dcrnn_supervisor - INFO - Loaded model successfully!
2025-11-07 17:45:48,441 - model.pytorch.dcrnn_supervisor - INFO - Log directory: data/model\dcrnn/
2025-11-07 17:47:25,344 - model.pytorch.dcrnn_supervisor - INFO - Model created
2025-11-07 17:47:26,266 - model.pytorch.dcrnn_supervisor - INFO - Start training ...
2025-11-07 17:47:26,266 - model.pytorch.dcrnn_supervisor - INFO - num_batches:145
2025-11-07 17:47:26,646 - model.pytorch.dcrnn_supervisor - INFO - Total trainable parameters 405185
2025-11-07 17:48:24,236 - model.pytorch.dcrnn_supervisor - INFO - epoch complete
2025-11-07 17:48:24,237 - model.pytorch.dcrnn_supervisor - INFO - evaluating now!
2025-11-07 17:48:29,105 - model.pytorch.dcrnn_supervisor - INFO - Epoch [0/200] (145) train_mae: 6.2013, val_mae: 6.2177, lr: 0.010000
2025-11-07 17:48:29,145 - model.pytorch.dcrnn_supervisor - INFO - Saved model at 0
2025-11-07 17:48:29,146 - model.pytorch.dcrnn_supervisor - INFO - Val loss decrease from inf to 6.2177, saving to data/model/pretrained/YINCHUAN/yc_best
2025-11-07 17:49:29,401 - model.pytorch.dcrnn_supervisor - INFO - epoch complete
2025-11-07 17:49:29,401 - model.pytorch.dcrnn_supervisor - INFO - evaluating now!
2025-11-07 17:49:34,039 - model.pytorch.dcrnn_supervisor - INFO - Epoch [1/200] (290) train_mae: 4.9333, val_mae: 5.3472, lr: 0.010000
2025-11-07 17:49:34,064 - model.pytorch.dcrnn_supervisor - INFO - Saved model at 1
2025-11-07 17:49:34,064 - model.pytorch.dcrnn_supervisor - INFO - Val loss decrease from 6.2177 to 5.3472, saving to data/model/pretrained/YINCHUAN/yc_best
2025-11-07 17:50:33,596 - model.pytorch.dcrnn_supervisor - INFO - epoch complete
2025-11-07 17:50:33,596 - model.pytorch.dcrnn_supervisor - INFO - evaluating now!
2025-11-07 17:50:38,420 - model.pytorch.dcrnn_supervisor - INFO - Epoch [2/200] (435) train_mae: 4.8969, val_mae: 5.3794, lr: 0.010000
2025-11-07 17:51:36,875 - model.pytorch.dcrnn_supervisor - INFO - epoch complete
2025-11-07 17:51:36,875 - model.pytorch.dcrnn_supervisor - INFO - evaluating now!
2025-11-07 17:51:41,442 - model.pytorch.dcrnn_supervisor - INFO - Epoch [3/200] (580) train_mae: 4.7438, val_mae: 4.9991, lr: 0.010000
2025-11-07 17:51:41,467 - model.pytorch.dcrnn_supervisor - INFO - Saved model at 3
2025-11-07 17:51:41,467 - model.pytorch.dcrnn_supervisor - INFO - Val loss decrease from 5.3472 to 4.9991, saving to data/model/pretrained/YINCHUAN/yc_best
2025-11-07 17:52:41,856 - model.pytorch.dcrnn_supervisor - INFO - epoch complete
2025-11-07 17:52:41,856 - model.pytorch.dcrnn_supervisor - INFO - evaluating now!
2025-11-07 17:52:46,902 - model.pytorch.dcrnn_supervisor - INFO - Epoch [4/200] (725) train_mae: 4.6735, val_mae: 5.1036, lr: 0.010000
2025-11-07 17:54:10,849 - model.pytorch.dcrnn_supervisor - INFO - epoch complete
2025-11-07 17:54:10,849 - model.pytorch.dcrnn_supervisor - INFO - evaluating now!
2025-11-07 17:54:16,033 - model.pytorch.dcrnn_supervisor - INFO - Epoch [5/200] (870) train_mae: 4.6616, val_mae: 5.1707, lr: 0.010000
2025-11-07 17:55:24,878 - model.pytorch.dcrnn_supervisor - INFO - epoch complete
2025-11-07 17:55:24,878 - model.pytorch.dcrnn_supervisor - INFO - evaluating now!
2025-11-07 17:55:29,774 - model.pytorch.dcrnn_supervisor - INFO - Epoch [6/200] (1015) train_mae: 4.5379, val_mae: 4.8803, lr: 0.010000
2025-11-07 17:55:29,799 - model.pytorch.dcrnn_supervisor - INFO - Saved model at 6
2025-11-07 17:55:29,799 - model.pytorch.dcrnn_supervisor - INFO - Val loss decrease from 4.9991 to 4.8803, saving to data/model/pretrained/YINCHUAN/yc_best
2025-11-07 17:56:38,564 - model.pytorch.dcrnn_supervisor - INFO - epoch complete
2025-11-07 17:56:38,564 - model.pytorch.dcrnn_supervisor - INFO - evaluating now!
2025-11-07 17:56:43,699 - model.pytorch.dcrnn_supervisor - INFO - Epoch [7/200] (1160) train_mae: 4.5743, val_mae: 4.6922, lr: 0.010000
2025-11-07 17:56:43,735 - model.pytorch.dcrnn_supervisor - INFO - Saved model at 7
2025-11-07 17:56:43,735 - model.pytorch.dcrnn_supervisor - INFO - Val loss decrease from 4.8803 to 4.6922, saving to data/model/pretrained/YINCHUAN/yc_best
2025-11-07 17:57:47,706 - model.pytorch.dcrnn_supervisor - INFO - epoch complete
2025-11-07 17:57:47,706 - model.pytorch.dcrnn_supervisor - INFO - evaluating now!
2025-11-07 17:57:52,780 - model.pytorch.dcrnn_supervisor - INFO - Epoch [8/200] (1305) train_mae: 4.5119, val_mae: 5.9879, lr: 0.010000
2025-11-07 17:58:51,399 - model.pytorch.dcrnn_supervisor - INFO - epoch complete
2025-11-07 17:58:51,400 - model.pytorch.dcrnn_supervisor - INFO - evaluating now!
2025-11-07 17:58:56,864 - model.pytorch.dcrnn_supervisor - INFO - Epoch [9/200] (1450) train_mae: 4.4313, val_mae: 4.7899, lr: 0.010000
2025-11-07 17:59:54,399 - model.pytorch.dcrnn_supervisor - INFO - epoch complete
2025-11-07 17:59:54,399 - model.pytorch.dcrnn_supervisor - INFO - evaluating now!
2025-11-07 17:59:59,185 - model.pytorch.dcrnn_supervisor - INFO - Epoch [10/200] (1595) train_mae: 4.4472, val_mae: 4.7215, lr: 0.010000
2025-11-07 18:00:56,442 - model.pytorch.dcrnn_supervisor - INFO - epoch complete
2025-11-07 18:00:56,442 - model.pytorch.dcrnn_supervisor - INFO - evaluating now!
2025-11-07 18:01:01,584 - model.pytorch.dcrnn_supervisor - INFO - Epoch [11/200] (1740) train_mae: 4.3696, val_mae: 4.7006, lr: 0.010000
2025-11-07 18:01:59,478 - model.pytorch.dcrnn_supervisor - INFO - epoch complete
2025-11-07 18:01:59,478 - model.pytorch.dcrnn_supervisor - INFO - evaluating now!
2025-11-07 18:02:04,042 - model.pytorch.dcrnn_supervisor - INFO - Epoch [12/200] (1885) train_mae: 4.3182, val_mae: 4.6436, lr: 0.010000
2025-11-07 18:02:04,072 - model.pytorch.dcrnn_supervisor - INFO - Saved model at 12
2025-11-07 18:02:04,072 - model.pytorch.dcrnn_supervisor - INFO - Val loss decrease from 4.6922 to 4.6436, saving to data/model/pretrained/YINCHUAN/yc_best
2025-11-07 18:03:13,892 - model.pytorch.dcrnn_supervisor - INFO - epoch complete
2025-11-07 18:03:13,892 - model.pytorch.dcrnn_supervisor - INFO - evaluating now!
2025-11-07 18:03:19,332 - model.pytorch.dcrnn_supervisor - INFO - Epoch [13/200] (2030) train_mae: 4.3320, val_mae: 5.7951, lr: 0.010000
2025-11-07 18:04:22,255 - model.pytorch.dcrnn_supervisor - INFO - epoch complete
2025-11-07 18:04:22,255 - model.pytorch.dcrnn_supervisor - INFO - evaluating now!
2025-11-07 18:04:26,925 - model.pytorch.dcrnn_supervisor - INFO - Epoch [14/200] (2175) train_mae: 4.3231, val_mae: 4.6208, lr: 0.010000
2025-11-07 18:04:26,950 - model.pytorch.dcrnn_supervisor - INFO - Saved model at 14
2025-11-07 18:04:26,950 - model.pytorch.dcrnn_supervisor - INFO - Val loss decrease from 4.6436 to 4.6208, saving to data/model/pretrained/YINCHUAN/yc_best
2025-11-07 18:05:25,066 - model.pytorch.dcrnn_supervisor - INFO - epoch complete
2025-11-07 18:05:25,066 - model.pytorch.dcrnn_supervisor - INFO - evaluating now!
2025-11-07 18:05:29,909 - model.pytorch.dcrnn_supervisor - INFO - Epoch [15/200] (2320) train_mae: 4.2440, val_mae: 5.1140, lr: 0.010000
2025-11-07 18:06:28,342 - model.pytorch.dcrnn_supervisor - INFO - epoch complete
2025-11-07 18:06:28,342 - model.pytorch.dcrnn_supervisor - INFO - evaluating now!
2025-11-07 18:06:32,972 - model.pytorch.dcrnn_supervisor - INFO - Epoch [16/200] (2465) train_mae: 4.2005, val_mae: 5.2341, lr: 0.010000
2025-11-07 18:07:31,336 - model.pytorch.dcrnn_supervisor - INFO - epoch complete
2025-11-07 18:07:31,336 - model.pytorch.dcrnn_supervisor - INFO - evaluating now!
2025-11-07 18:07:36,093 - model.pytorch.dcrnn_supervisor - INFO - Epoch [17/200] (2610) train_mae: 4.1739, val_mae: 4.5262, lr: 0.010000
2025-11-07 18:07:36,132 - model.pytorch.dcrnn_supervisor - INFO - Saved model at 17
2025-11-07 18:07:36,132 - model.pytorch.dcrnn_supervisor - INFO - Val loss decrease from 4.6208 to 4.5262, saving to data/model/pretrained/YINCHUAN/yc_best
2025-11-07 18:08:34,852 - model.pytorch.dcrnn_supervisor - INFO - epoch complete
2025-11-07 18:08:34,852 - model.pytorch.dcrnn_supervisor - INFO - evaluating now!
2025-11-07 18:08:39,694 - model.pytorch.dcrnn_supervisor - INFO - Epoch [18/200] (2755) train_mae: 4.2216, val_mae: 4.5301, lr: 0.010000
2025-11-07 18:09:37,490 - model.pytorch.dcrnn_supervisor - INFO - epoch complete
2025-11-07 18:09:37,490 - model.pytorch.dcrnn_supervisor - INFO - evaluating now!
2025-11-07 18:09:42,414 - model.pytorch.dcrnn_supervisor - INFO - Epoch [19/200] (2900) train_mae: 4.1384, val_mae: 4.7827, lr: 0.000100
2025-11-07 18:10:40,124 - model.pytorch.dcrnn_supervisor - INFO - epoch complete
2025-11-07 18:10:40,124 - model.pytorch.dcrnn_supervisor - INFO - evaluating now!
2025-11-07 18:10:44,784 - model.pytorch.dcrnn_supervisor - INFO - Epoch [20/200] (3045) train_mae: 4.1633, val_mae: 4.5277, lr: 0.001000
2025-11-07 18:11:42,119 - model.pytorch.dcrnn_supervisor - INFO - epoch complete
2025-11-07 18:11:42,119 - model.pytorch.dcrnn_supervisor - INFO - evaluating now!
2025-11-07 18:11:46,936 - model.pytorch.dcrnn_supervisor - INFO - Epoch [21/200] (3190) train_mae: 4.0839, val_mae: 4.5176, lr: 0.001000
2025-11-07 18:11:46,982 - model.pytorch.dcrnn_supervisor - INFO - Saved model at 21
2025-11-07 18:11:46,983 - model.pytorch.dcrnn_supervisor - INFO - Val loss decrease from 4.5262 to 4.5176, saving to data/model/pretrained/YINCHUAN/yc_best
2025-11-07 18:12:44,545 - model.pytorch.dcrnn_supervisor - INFO - epoch complete
2025-11-07 18:12:44,545 - model.pytorch.dcrnn_supervisor - INFO - evaluating now!
2025-11-07 18:12:49,445 - model.pytorch.dcrnn_supervisor - INFO - Epoch [22/200] (3335) train_mae: 4.0860, val_mae: 4.5309, lr: 0.001000
2025-11-07 18:13:47,745 - model.pytorch.dcrnn_supervisor - INFO - epoch complete
2025-11-07 18:13:47,745 - model.pytorch.dcrnn_supervisor - INFO - evaluating now!
2025-11-07 18:13:52,568 - model.pytorch.dcrnn_supervisor - INFO - Epoch [23/200] (3480) train_mae: 4.0953, val_mae: 4.4066, lr: 0.001000
2025-11-07 18:13:52,593 - model.pytorch.dcrnn_supervisor - INFO - Saved model at 23
2025-11-07 18:13:52,593 - model.pytorch.dcrnn_supervisor - INFO - Val loss decrease from 4.5176 to 4.4066, saving to data/model/pretrained/YINCHUAN/yc_best
2025-11-07 18:14:51,278 - model.pytorch.dcrnn_supervisor - INFO - epoch complete
2025-11-07 18:14:51,278 - model.pytorch.dcrnn_supervisor - INFO - evaluating now!
2025-11-07 18:14:56,530 - model.pytorch.dcrnn_supervisor - INFO - Epoch [24/200] (3625) train_mae: 4.0575, val_mae: 4.5773, lr: 0.001000
2025-11-07 18:15:54,826 - model.pytorch.dcrnn_supervisor - INFO - epoch complete
2025-11-07 18:15:54,827 - model.pytorch.dcrnn_supervisor - INFO - evaluating now!
2025-11-07 18:15:59,413 - model.pytorch.dcrnn_supervisor - INFO - Epoch [25/200] (3770) train_mae: 4.0338, val_mae: 4.4459, lr: 0.001000
2025-11-07 18:16:57,210 - model.pytorch.dcrnn_supervisor - INFO - epoch complete
2025-11-07 18:16:57,210 - model.pytorch.dcrnn_supervisor - INFO - evaluating now!
2025-11-07 18:17:01,984 - model.pytorch.dcrnn_supervisor - INFO - Epoch [26/200] (3915) train_mae: 3.9938, val_mae: 4.5083, lr: 0.001000
2025-11-07 18:18:00,314 - model.pytorch.dcrnn_supervisor - INFO - epoch complete
2025-11-07 18:18:00,314 - model.pytorch.dcrnn_supervisor - INFO - evaluating now!
2025-11-07 18:18:05,168 - model.pytorch.dcrnn_supervisor - INFO - Epoch [27/200] (4060) train_mae: 4.0398, val_mae: 4.5923, lr: 0.001000
2025-11-07 18:19:03,572 - model.pytorch.dcrnn_supervisor - INFO - epoch complete
2025-11-07 18:19:03,572 - model.pytorch.dcrnn_supervisor - INFO - evaluating now!
2025-11-07 18:19:08,436 - model.pytorch.dcrnn_supervisor - INFO - Epoch [28/200] (4205) train_mae: 4.0085, val_mae: 4.5107, lr: 0.001000
2025-11-07 18:20:06,769 - model.pytorch.dcrnn_supervisor - INFO - epoch complete
2025-11-07 18:20:06,769 - model.pytorch.dcrnn_supervisor - INFO - evaluating now!
2025-11-07 18:20:12,213 - model.pytorch.dcrnn_supervisor - INFO - Epoch [29/200] (4350) train_mae: 3.9653, val_mae: 4.6642, lr: 0.000010
2025-11-07 18:21:10,447 - model.pytorch.dcrnn_supervisor - INFO - epoch complete
2025-11-07 18:21:10,447 - model.pytorch.dcrnn_supervisor - INFO - evaluating now!
2025-11-07 18:21:15,125 - model.pytorch.dcrnn_supervisor - INFO - Epoch [30/200] (4495) train_mae: 3.9677, val_mae: 4.4336, lr: 0.000100
2025-11-07 18:22:12,959 - model.pytorch.dcrnn_supervisor - INFO - epoch complete
2025-11-07 18:22:12,959 - model.pytorch.dcrnn_supervisor - INFO - evaluating now!
2025-11-07 18:22:17,623 - model.pytorch.dcrnn_supervisor - INFO - Epoch [31/200] (4640) train_mae: 3.9888, val_mae: 4.4223, lr: 0.000100
2025-11-07 18:23:15,248 - model.pytorch.dcrnn_supervisor - INFO - epoch complete
2025-11-07 18:23:15,248 - model.pytorch.dcrnn_supervisor - INFO - evaluating now!
2025-11-07 18:23:19,923 - model.pytorch.dcrnn_supervisor - INFO - Epoch [32/200] (4785) train_mae: 3.9745, val_mae: 4.4660, lr: 0.000100
2025-11-07 18:24:18,195 - model.pytorch.dcrnn_supervisor - INFO - epoch complete
2025-11-07 18:24:18,195 - model.pytorch.dcrnn_supervisor - INFO - evaluating now!
2025-11-07 18:24:22,955 - model.pytorch.dcrnn_supervisor - INFO - Epoch [33/200] (4930) train_mae: 3.9624, val_mae: 4.5078, lr: 0.000100
2025-11-07 18:25:21,058 - model.pytorch.dcrnn_supervisor - INFO - epoch complete
2025-11-07 18:25:21,058 - model.pytorch.dcrnn_supervisor - INFO - evaluating now!
2025-11-07 18:25:25,853 - model.pytorch.dcrnn_supervisor - INFO - Epoch [34/200] (5075) train_mae: 3.9688, val_mae: 4.6341, lr: 0.000100
2025-11-07 18:26:23,842 - model.pytorch.dcrnn_supervisor - INFO - epoch complete
2025-11-07 18:26:23,842 - model.pytorch.dcrnn_supervisor - INFO - evaluating now!
2025-11-07 18:26:28,366 - model.pytorch.dcrnn_supervisor - INFO - Epoch [35/200] (5220) train_mae: 3.9675, val_mae: 4.4027, lr: 0.000100
2025-11-07 18:26:28,391 - model.pytorch.dcrnn_supervisor - INFO - Saved model at 35
2025-11-07 18:26:28,392 - model.pytorch.dcrnn_supervisor - INFO - Val loss decrease from 4.4066 to 4.4027, saving to data/model/pretrained/YINCHUAN/yc_best
2025-11-07 18:27:26,077 - model.pytorch.dcrnn_supervisor - INFO - epoch complete
2025-11-07 18:27:26,077 - model.pytorch.dcrnn_supervisor - INFO - evaluating now!
2025-11-07 18:27:30,873 - model.pytorch.dcrnn_supervisor - INFO - Epoch [36/200] (5365) train_mae: 3.9637, val_mae: 4.3967, lr: 0.000100
2025-11-07 18:27:30,902 - model.pytorch.dcrnn_supervisor - INFO - Saved model at 36
2025-11-07 18:27:30,902 - model.pytorch.dcrnn_supervisor - INFO - Val loss decrease from 4.4027 to 4.3967, saving to data/model/pretrained/YINCHUAN/yc_best
2025-11-07 18:28:28,863 - model.pytorch.dcrnn_supervisor - INFO - epoch complete
2025-11-07 18:28:28,863 - model.pytorch.dcrnn_supervisor - INFO - evaluating now!
2025-11-07 18:28:33,581 - model.pytorch.dcrnn_supervisor - INFO - Epoch [37/200] (5510) train_mae: 3.9560, val_mae: 4.4668, lr: 0.000100
2025-11-07 18:29:31,730 - model.pytorch.dcrnn_supervisor - INFO - epoch complete
2025-11-07 18:29:31,730 - model.pytorch.dcrnn_supervisor - INFO - evaluating now!
2025-11-07 18:29:36,579 - model.pytorch.dcrnn_supervisor - INFO - Epoch [38/200] (5655) train_mae: 3.8816, val_mae: 4.4161, lr: 0.000100
2025-11-07 18:30:33,658 - model.pytorch.dcrnn_supervisor - INFO - epoch complete
2025-11-07 18:30:33,658 - model.pytorch.dcrnn_supervisor - INFO - evaluating now!
2025-11-07 18:30:38,900 - model.pytorch.dcrnn_supervisor - INFO - Epoch [39/200] (5800) train_mae: 3.9018, val_mae: 4.6033, lr: 0.000001
2025-11-07 18:31:36,368 - model.pytorch.dcrnn_supervisor - INFO - epoch complete
2025-11-07 18:31:36,368 - model.pytorch.dcrnn_supervisor - INFO - evaluating now!
2025-11-07 18:31:41,253 - model.pytorch.dcrnn_supervisor - INFO - Epoch [40/200] (5945) train_mae: 3.8869, val_mae: 4.4014, lr: 0.000010
2025-11-07 18:32:39,111 - model.pytorch.dcrnn_supervisor - INFO - epoch complete
2025-11-07 18:32:39,111 - model.pytorch.dcrnn_supervisor - INFO - evaluating now!
2025-11-07 18:32:44,019 - model.pytorch.dcrnn_supervisor - INFO - Epoch [41/200] (6090) train_mae: 3.8883, val_mae: 4.4308, lr: 0.000010
2025-11-07 18:33:42,138 - model.pytorch.dcrnn_supervisor - INFO - epoch complete
2025-11-07 18:33:42,139 - model.pytorch.dcrnn_supervisor - INFO - evaluating now!
2025-11-07 18:33:46,767 - model.pytorch.dcrnn_supervisor - INFO - Epoch [42/200] (6235) train_mae: 3.9313, val_mae: 4.3967, lr: 0.000010
2025-11-07 18:33:46,791 - model.pytorch.dcrnn_supervisor - INFO - Saved model at 42
2025-11-07 18:33:46,791 - model.pytorch.dcrnn_supervisor - INFO - Val loss decrease from 4.3967 to 4.3967, saving to data/model/pretrained/YINCHUAN/yc_best
2025-11-07 18:34:47,357 - model.pytorch.dcrnn_supervisor - INFO - epoch complete
2025-11-07 18:34:47,359 - model.pytorch.dcrnn_supervisor - INFO - evaluating now!
2025-11-07 18:34:52,057 - model.pytorch.dcrnn_supervisor - INFO - Epoch [43/200] (6380) train_mae: 3.8822, val_mae: 4.3840, lr: 0.000010
2025-11-07 18:34:52,081 - model.pytorch.dcrnn_supervisor - INFO - Saved model at 43
2025-11-07 18:34:52,081 - model.pytorch.dcrnn_supervisor - INFO - Val loss decrease from 4.3967 to 4.3840, saving to data/model/pretrained/YINCHUAN/yc_best
2025-11-07 18:35:51,129 - model.pytorch.dcrnn_supervisor - INFO - epoch complete
2025-11-07 18:35:51,129 - model.pytorch.dcrnn_supervisor - INFO - evaluating now!
2025-11-07 18:35:56,131 - model.pytorch.dcrnn_supervisor - INFO - Epoch [44/200] (6525) train_mae: 3.8510, val_mae: 4.5422, lr: 0.000010
2025-11-07 18:36:55,381 - model.pytorch.dcrnn_supervisor - INFO - epoch complete
2025-11-07 18:36:55,381 - model.pytorch.dcrnn_supervisor - INFO - evaluating now!
2025-11-07 18:37:00,823 - model.pytorch.dcrnn_supervisor - INFO - Epoch [45/200] (6670) train_mae: 3.8855, val_mae: 4.6271, lr: 0.000010
2025-11-07 18:37:58,614 - model.pytorch.dcrnn_supervisor - INFO - epoch complete
2025-11-07 18:37:58,614 - model.pytorch.dcrnn_supervisor - INFO - evaluating now!
2025-11-07 18:38:03,228 - model.pytorch.dcrnn_supervisor - INFO - Epoch [46/200] (6815) train_mae: 3.8373, val_mae: 4.8857, lr: 0.000010
2025-11-07 18:39:01,205 - model.pytorch.dcrnn_supervisor - INFO - epoch complete
2025-11-07 18:39:01,205 - model.pytorch.dcrnn_supervisor - INFO - evaluating now!
2025-11-07 18:39:06,223 - model.pytorch.dcrnn_supervisor - INFO - Epoch [47/200] (6960) train_mae: 3.9047, val_mae: 4.6859, lr: 0.000010
2025-11-07 18:40:04,194 - model.pytorch.dcrnn_supervisor - INFO - epoch complete
2025-11-07 18:40:04,194 - model.pytorch.dcrnn_supervisor - INFO - evaluating now!
2025-11-07 18:40:10,001 - model.pytorch.dcrnn_supervisor - INFO - Epoch [48/200] (7105) train_mae: 3.8935, val_mae: 4.4603, lr: 0.000010
2025-11-07 18:41:09,071 - model.pytorch.dcrnn_supervisor - INFO - epoch complete
2025-11-07 18:41:09,071 - model.pytorch.dcrnn_supervisor - INFO - evaluating now!
2025-11-07 18:41:13,746 - model.pytorch.dcrnn_supervisor - INFO - Epoch [49/200] (7250) train_mae: 3.8118, val_mae: 4.4060, lr: 0.000000
2025-11-07 18:42:11,497 - model.pytorch.dcrnn_supervisor - INFO - epoch complete
2025-11-07 18:42:11,497 - model.pytorch.dcrnn_supervisor - INFO - evaluating now!
2025-11-07 18:42:16,184 - model.pytorch.dcrnn_supervisor - INFO - Epoch [50/200] (7395) train_mae: 3.8175, val_mae: 4.4106, lr: 0.000001
2025-11-07 18:43:13,512 - model.pytorch.dcrnn_supervisor - INFO - epoch complete
2025-11-07 18:43:13,512 - model.pytorch.dcrnn_supervisor - INFO - evaluating now!
2025-11-07 18:43:18,531 - model.pytorch.dcrnn_supervisor - INFO - Epoch [51/200] (7540) train_mae: 3.8301, val_mae: 4.5950, lr: 0.000001
2025-11-07 18:44:20,005 - model.pytorch.dcrnn_supervisor - INFO - epoch complete
2025-11-07 18:44:20,005 - model.pytorch.dcrnn_supervisor - INFO - evaluating now!
2025-11-07 18:44:25,980 - model.pytorch.dcrnn_supervisor - INFO - Epoch [52/200] (7685) train_mae: 3.8187, val_mae: 4.4029, lr: 0.000001
2025-11-07 18:45:26,808 - model.pytorch.dcrnn_supervisor - INFO - epoch complete
2025-11-07 18:45:26,808 - model.pytorch.dcrnn_supervisor - INFO - evaluating now!
2025-11-07 18:45:31,755 - model.pytorch.dcrnn_supervisor - INFO - Epoch [53/200] (7830) train_mae: 3.8142, val_mae: 4.6152, lr: 0.000001
2025-11-07 18:46:30,279 - model.pytorch.dcrnn_supervisor - INFO - epoch complete
2025-11-07 18:46:30,279 - model.pytorch.dcrnn_supervisor - INFO - evaluating now!
2025-11-07 18:46:35,152 - model.pytorch.dcrnn_supervisor - INFO - Epoch [54/200] (7975) train_mae: 3.8387, val_mae: 4.3881, lr: 0.000001
2025-11-07 18:47:33,162 - model.pytorch.dcrnn_supervisor - INFO - epoch complete
2025-11-07 18:47:33,162 - model.pytorch.dcrnn_supervisor - INFO - evaluating now!
2025-11-07 18:47:38,072 - model.pytorch.dcrnn_supervisor - INFO - Epoch [55/200] (8120) train_mae: 3.8041, val_mae: 4.4702, lr: 0.000001
2025-11-07 18:48:36,882 - model.pytorch.dcrnn_supervisor - INFO - epoch complete
2025-11-07 18:48:36,883 - model.pytorch.dcrnn_supervisor - INFO - evaluating now!
2025-11-07 18:48:41,671 - model.pytorch.dcrnn_supervisor - INFO - Epoch [56/200] (8265) train_mae: 3.8067, val_mae: 4.6036, lr: 0.000001
2025-11-07 18:49:40,830 - model.pytorch.dcrnn_supervisor - INFO - epoch complete
2025-11-07 18:49:40,830 - model.pytorch.dcrnn_supervisor - INFO - evaluating now!
2025-11-07 18:49:45,639 - model.pytorch.dcrnn_supervisor - INFO - Epoch [57/200] (8410) train_mae: 3.8149, val_mae: 4.7002, lr: 0.000001
2025-11-07 18:50:43,869 - model.pytorch.dcrnn_supervisor - INFO - epoch complete
2025-11-07 18:50:43,869 - model.pytorch.dcrnn_supervisor - INFO - evaluating now!
2025-11-07 18:50:48,621 - model.pytorch.dcrnn_supervisor - INFO - Epoch [58/200] (8555) train_mae: 3.8543, val_mae: 4.5833, lr: 0.000001
2025-11-07 18:51:47,016 - model.pytorch.dcrnn_supervisor - INFO - epoch complete
2025-11-07 18:51:47,016 - model.pytorch.dcrnn_supervisor - INFO - evaluating now!
2025-11-07 18:51:51,575 - model.pytorch.dcrnn_supervisor - INFO - Epoch [59/200] (8700) train_mae: 3.8356, val_mae: 4.5152, lr: 0.000001
2025-11-07 18:52:50,244 - model.pytorch.dcrnn_supervisor - INFO - epoch complete
2025-11-07 18:52:50,244 - model.pytorch.dcrnn_supervisor - INFO - evaluating now!
2025-11-07 18:52:55,061 - model.pytorch.dcrnn_supervisor - INFO - Epoch [60/200] (8845) train_mae: 3.8229, val_mae: 4.4441, lr: 0.000001
2025-11-07 18:53:52,426 - model.pytorch.dcrnn_supervisor - INFO - epoch complete
2025-11-07 18:53:52,426 - model.pytorch.dcrnn_supervisor - INFO - evaluating now!
2025-11-07 18:53:57,053 - model.pytorch.dcrnn_supervisor - INFO - Epoch [61/200] (8990) train_mae: 3.7742, val_mae: 4.4348, lr: 0.000001
2025-11-07 18:54:54,548 - model.pytorch.dcrnn_supervisor - INFO - epoch complete
2025-11-07 18:54:54,548 - model.pytorch.dcrnn_supervisor - INFO - evaluating now!
2025-11-07 18:54:59,242 - model.pytorch.dcrnn_supervisor - INFO - Epoch [62/200] (9135) train_mae: 3.7939, val_mae: 4.4682, lr: 0.000001
2025-11-07 18:55:57,271 - model.pytorch.dcrnn_supervisor - INFO - epoch complete
2025-11-07 18:55:57,271 - model.pytorch.dcrnn_supervisor - INFO - evaluating now!
2025-11-07 18:56:02,285 - model.pytorch.dcrnn_supervisor - INFO - Epoch [63/200] (9280) train_mae: 3.8271, val_mae: 4.6049, lr: 0.000001
2025-11-07 18:56:02,285 - model.pytorch.dcrnn_supervisor - WARNING - Early stopping at epoch: 63
2025-11-07 18:56:02,622 - model.pytorch.dcrnn_supervisor - INFO - Loaded model successfully!
2025-11-07 19:54:14,927 - model.pytorch.dcrnn_supervisor - INFO - Log directory: data/model\dcrnn/
2025-11-07 19:55:18,244 - model.pytorch.dcrnn_supervisor - INFO - Model created
2025-11-07 19:55:19,163 - model.pytorch.dcrnn_supervisor - INFO - Start training ...
2025-11-07 19:55:19,163 - model.pytorch.dcrnn_supervisor - INFO - num_batches:145
2025-11-07 19:55:58,192 - model.pytorch.dcrnn_supervisor - INFO - Log directory: data/model\dcrnn/
2025-11-07 19:57:00,706 - model.pytorch.dcrnn_supervisor - INFO - Model created
2025-11-07 19:57:01,630 - model.pytorch.dcrnn_supervisor - INFO - Start training ...
2025-11-07 19:57:01,630 - model.pytorch.dcrnn_supervisor - INFO - num_batches:145
2025-11-07 19:57:02,021 - model.pytorch.dcrnn_supervisor - INFO - Total trainable parameters 405185
2025-11-07 19:58:02,699 - model.pytorch.dcrnn_supervisor - INFO - epoch complete
2025-11-07 19:58:02,700 - model.pytorch.dcrnn_supervisor - INFO - evaluating now!
2025-11-07 19:58:07,385 - model.pytorch.dcrnn_supervisor - INFO - Epoch [0/300] (145) train_mae: 6.8889, val_mae: 8.2240, lr: 0.010000
2025-11-07 19:58:07,465 - model.pytorch.dcrnn_supervisor - INFO - Saved model at 0
2025-11-07 19:58:07,466 - model.pytorch.dcrnn_supervisor - INFO - Val loss decrease from inf to 8.2240, saving to data/model/pretrained/YINCHUAN/yc_best
2025-11-07 19:59:10,643 - model.pytorch.dcrnn_supervisor - INFO - epoch complete
2025-11-07 19:59:10,643 - model.pytorch.dcrnn_supervisor - INFO - evaluating now!
2025-11-07 19:59:15,587 - model.pytorch.dcrnn_supervisor - INFO - Epoch [1/300] (290) train_mae: 5.0390, val_mae: 10.6660, lr: 0.010000
2025-11-07 20:00:14,654 - model.pytorch.dcrnn_supervisor - INFO - epoch complete
2025-11-07 20:00:14,655 - model.pytorch.dcrnn_supervisor - INFO - evaluating now!
2025-11-07 20:00:19,507 - model.pytorch.dcrnn_supervisor - INFO - Epoch [2/300] (435) train_mae: 4.9461, val_mae: 6.3071, lr: 0.010000
2025-11-07 20:00:19,531 - model.pytorch.dcrnn_supervisor - INFO - Saved model at 2
2025-11-07 20:00:19,531 - model.pytorch.dcrnn_supervisor - INFO - Val loss decrease from 8.2240 to 6.3071, saving to data/model/pretrained/YINCHUAN/yc_best
2025-11-07 20:01:42,622 - model.pytorch.dcrnn_supervisor - INFO - epoch complete
2025-11-07 20:01:42,622 - model.pytorch.dcrnn_supervisor - INFO - evaluating now!
2025-11-07 20:01:47,424 - model.pytorch.dcrnn_supervisor - INFO - Epoch [3/300] (580) train_mae: 4.8344, val_mae: 5.2156, lr: 0.010000
2025-11-07 20:01:47,470 - model.pytorch.dcrnn_supervisor - INFO - Saved model at 3
2025-11-07 20:01:47,470 - model.pytorch.dcrnn_supervisor - INFO - Val loss decrease from 6.3071 to 5.2156, saving to data/model/pretrained/YINCHUAN/yc_best
2025-11-07 20:02:59,970 - model.pytorch.dcrnn_supervisor - INFO - epoch complete
2025-11-07 20:02:59,970 - model.pytorch.dcrnn_supervisor - INFO - evaluating now!
2025-11-07 20:03:05,930 - model.pytorch.dcrnn_supervisor - INFO - Epoch [4/300] (725) train_mae: 4.8240, val_mae: 4.9646, lr: 0.010000
2025-11-07 20:03:05,972 - model.pytorch.dcrnn_supervisor - INFO - Saved model at 4
2025-11-07 20:03:05,972 - model.pytorch.dcrnn_supervisor - INFO - Val loss decrease from 5.2156 to 4.9646, saving to data/model/pretrained/YINCHUAN/yc_best
2025-11-07 20:04:33,002 - model.pytorch.dcrnn_supervisor - INFO - epoch complete
2025-11-07 20:04:33,002 - model.pytorch.dcrnn_supervisor - INFO - evaluating now!
2025-11-07 20:04:37,611 - model.pytorch.dcrnn_supervisor - INFO - Epoch [5/300] (870) train_mae: 4.7097, val_mae: 4.9081, lr: 0.010000
2025-11-07 20:04:37,636 - model.pytorch.dcrnn_supervisor - INFO - Saved model at 5
2025-11-07 20:04:37,636 - model.pytorch.dcrnn_supervisor - INFO - Val loss decrease from 4.9646 to 4.9081, saving to data/model/pretrained/YINCHUAN/yc_best
2025-11-07 20:06:01,113 - model.pytorch.dcrnn_supervisor - INFO - epoch complete
2025-11-07 20:06:01,113 - model.pytorch.dcrnn_supervisor - INFO - evaluating now!
2025-11-07 20:06:10,355 - model.pytorch.dcrnn_supervisor - INFO - Epoch [6/300] (1015) train_mae: 4.5424, val_mae: 4.7203, lr: 0.010000
2025-11-07 20:06:10,403 - model.pytorch.dcrnn_supervisor - INFO - Saved model at 6
2025-11-07 20:06:10,403 - model.pytorch.dcrnn_supervisor - INFO - Val loss decrease from 4.9081 to 4.7203, saving to data/model/pretrained/YINCHUAN/yc_best
2025-11-07 20:08:02,583 - model.pytorch.dcrnn_supervisor - INFO - epoch complete
2025-11-07 20:08:02,583 - model.pytorch.dcrnn_supervisor - INFO - evaluating now!
2025-11-07 20:08:07,187 - model.pytorch.dcrnn_supervisor - INFO - Epoch [7/300] (1160) train_mae: 4.5420, val_mae: 4.9997, lr: 0.010000
2025-11-07 20:09:30,865 - model.pytorch.dcrnn_supervisor - INFO - epoch complete
2025-11-07 20:09:30,866 - model.pytorch.dcrnn_supervisor - INFO - evaluating now!
2025-11-07 20:09:39,910 - model.pytorch.dcrnn_supervisor - INFO - Epoch [8/300] (1305) train_mae: 4.5239, val_mae: 5.0126, lr: 0.010000
2025-11-07 20:11:31,296 - model.pytorch.dcrnn_supervisor - INFO - epoch complete
2025-11-07 20:11:31,296 - model.pytorch.dcrnn_supervisor - INFO - evaluating now!
2025-11-07 20:11:37,338 - model.pytorch.dcrnn_supervisor - INFO - Epoch [9/300] (1450) train_mae: 4.5723, val_mae: 5.1124, lr: 0.010000
2025-11-07 20:12:36,916 - model.pytorch.dcrnn_supervisor - INFO - epoch complete
2025-11-07 20:12:36,916 - model.pytorch.dcrnn_supervisor - INFO - evaluating now!
2025-11-07 20:12:41,739 - model.pytorch.dcrnn_supervisor - INFO - Epoch [10/300] (1595) train_mae: 4.5815, val_mae: 5.4124, lr: 0.010000
2025-11-07 20:14:25,992 - model.pytorch.dcrnn_supervisor - INFO - epoch complete
2025-11-07 20:14:25,992 - model.pytorch.dcrnn_supervisor - INFO - evaluating now!
2025-11-07 20:14:34,811 - model.pytorch.dcrnn_supervisor - INFO - Epoch [11/300] (1740) train_mae: 4.4501, val_mae: 5.1625, lr: 0.010000
2025-11-07 20:16:41,135 - model.pytorch.dcrnn_supervisor - INFO - epoch complete
2025-11-07 20:16:41,135 - model.pytorch.dcrnn_supervisor - INFO - evaluating now!
2025-11-07 20:16:49,872 - model.pytorch.dcrnn_supervisor - INFO - Epoch [12/300] (1885) train_mae: 4.3869, val_mae: 4.5256, lr: 0.010000
2025-11-07 20:16:49,907 - model.pytorch.dcrnn_supervisor - INFO - Saved model at 12
2025-11-07 20:16:49,907 - model.pytorch.dcrnn_supervisor - INFO - Val loss decrease from 4.7203 to 4.5256, saving to data/model/pretrained/YINCHUAN/yc_best
2025-11-07 20:17:57,791 - model.pytorch.dcrnn_supervisor - INFO - epoch complete
2025-11-07 20:17:57,792 - model.pytorch.dcrnn_supervisor - INFO - evaluating now!
2025-11-07 20:18:06,128 - model.pytorch.dcrnn_supervisor - INFO - Epoch [13/300] (2030) train_mae: 4.3994, val_mae: 4.9997, lr: 0.010000
2025-11-07 20:19:56,861 - model.pytorch.dcrnn_supervisor - INFO - epoch complete
2025-11-07 20:19:56,861 - model.pytorch.dcrnn_supervisor - INFO - evaluating now!
2025-11-07 20:20:05,638 - model.pytorch.dcrnn_supervisor - INFO - Epoch [14/300] (2175) train_mae: 4.4012, val_mae: 5.8436, lr: 0.010000
2025-11-07 20:22:00,817 - model.pytorch.dcrnn_supervisor - INFO - epoch complete
2025-11-07 20:22:00,817 - model.pytorch.dcrnn_supervisor - INFO - evaluating now!
2025-11-07 20:22:10,425 - model.pytorch.dcrnn_supervisor - INFO - Epoch [15/300] (2320) train_mae: 4.2673, val_mae: 4.9543, lr: 0.010000
2025-11-07 20:24:05,002 - model.pytorch.dcrnn_supervisor - INFO - epoch complete
2025-11-07 20:24:05,002 - model.pytorch.dcrnn_supervisor - INFO - evaluating now!
2025-11-07 20:24:09,839 - model.pytorch.dcrnn_supervisor - INFO - Epoch [16/300] (2465) train_mae: 4.3702, val_mae: 4.5006, lr: 0.010000
2025-11-07 20:24:09,864 - model.pytorch.dcrnn_supervisor - INFO - Saved model at 16
2025-11-07 20:24:09,864 - model.pytorch.dcrnn_supervisor - INFO - Val loss decrease from 4.5256 to 4.5006, saving to data/model/pretrained/YINCHUAN/yc_best
2025-11-07 20:25:10,153 - model.pytorch.dcrnn_supervisor - INFO - epoch complete
2025-11-07 20:25:10,153 - model.pytorch.dcrnn_supervisor - INFO - evaluating now!
2025-11-07 20:25:15,125 - model.pytorch.dcrnn_supervisor - INFO - Epoch [17/300] (2610) train_mae: 4.2134, val_mae: 4.8073, lr: 0.010000
2025-11-07 20:26:37,206 - model.pytorch.dcrnn_supervisor - INFO - epoch complete
2025-11-07 20:26:37,207 - model.pytorch.dcrnn_supervisor - INFO - evaluating now!
2025-11-07 20:26:45,628 - model.pytorch.dcrnn_supervisor - INFO - Epoch [18/300] (2755) train_mae: 4.1929, val_mae: 4.6059, lr: 0.010000
2025-11-07 20:27:55,004 - model.pytorch.dcrnn_supervisor - INFO - epoch complete
2025-11-07 20:27:55,004 - model.pytorch.dcrnn_supervisor - INFO - evaluating now!
2025-11-07 20:28:04,143 - model.pytorch.dcrnn_supervisor - INFO - Epoch [19/300] (2900) train_mae: 4.1622, val_mae: 4.4876, lr: 0.000100
2025-11-07 20:28:04,187 - model.pytorch.dcrnn_supervisor - INFO - Saved model at 19
2025-11-07 20:28:04,188 - model.pytorch.dcrnn_supervisor - INFO - Val loss decrease from 4.5006 to 4.4876, saving to data/model/pretrained/YINCHUAN/yc_best
2025-11-07 20:29:27,320 - model.pytorch.dcrnn_supervisor - INFO - epoch complete
2025-11-07 20:29:27,321 - model.pytorch.dcrnn_supervisor - INFO - evaluating now!
2025-11-07 20:29:32,780 - model.pytorch.dcrnn_supervisor - INFO - Epoch [20/300] (3045) train_mae: 4.1317, val_mae: 4.7877, lr: 0.001000
2025-11-07 20:30:34,353 - model.pytorch.dcrnn_supervisor - INFO - epoch complete
2025-11-07 20:30:34,353 - model.pytorch.dcrnn_supervisor - INFO - evaluating now!
2025-11-07 20:30:39,194 - model.pytorch.dcrnn_supervisor - INFO - Epoch [21/300] (3190) train_mae: 4.1626, val_mae: 4.4046, lr: 0.001000
2025-11-07 20:30:39,239 - model.pytorch.dcrnn_supervisor - INFO - Saved model at 21
2025-11-07 20:30:39,239 - model.pytorch.dcrnn_supervisor - INFO - Val loss decrease from 4.4876 to 4.4046, saving to data/model/pretrained/YINCHUAN/yc_best
2025-11-07 20:32:00,537 - model.pytorch.dcrnn_supervisor - INFO - epoch complete
2025-11-07 20:32:00,537 - model.pytorch.dcrnn_supervisor - INFO - evaluating now!
2025-11-07 20:32:05,615 - model.pytorch.dcrnn_supervisor - INFO - Epoch [22/300] (3335) train_mae: 4.0858, val_mae: 4.5682, lr: 0.001000
2025-11-07 20:33:13,841 - model.pytorch.dcrnn_supervisor - INFO - epoch complete
2025-11-07 20:33:13,841 - model.pytorch.dcrnn_supervisor - INFO - evaluating now!
2025-11-07 20:33:20,144 - model.pytorch.dcrnn_supervisor - INFO - Epoch [23/300] (3480) train_mae: 4.1273, val_mae: 5.2786, lr: 0.001000
2025-11-07 20:35:14,427 - model.pytorch.dcrnn_supervisor - INFO - epoch complete
2025-11-07 20:35:14,429 - model.pytorch.dcrnn_supervisor - INFO - evaluating now!
2025-11-07 20:35:23,236 - model.pytorch.dcrnn_supervisor - INFO - Epoch [24/300] (3625) train_mae: 4.0678, val_mae: 4.8751, lr: 0.001000
2025-11-07 20:36:40,033 - model.pytorch.dcrnn_supervisor - INFO - epoch complete
2025-11-07 20:36:40,033 - model.pytorch.dcrnn_supervisor - INFO - evaluating now!
2025-11-07 20:36:45,026 - model.pytorch.dcrnn_supervisor - INFO - Epoch [25/300] (3770) train_mae: 4.0886, val_mae: 4.4141, lr: 0.001000
2025-11-07 20:37:44,710 - model.pytorch.dcrnn_supervisor - INFO - epoch complete
2025-11-07 20:37:44,710 - model.pytorch.dcrnn_supervisor - INFO - evaluating now!
2025-11-07 20:37:51,190 - model.pytorch.dcrnn_supervisor - INFO - Epoch [26/300] (3915) train_mae: 4.0291, val_mae: 4.4167, lr: 0.001000
2025-11-07 20:39:32,618 - model.pytorch.dcrnn_supervisor - INFO - epoch complete
2025-11-07 20:39:32,618 - model.pytorch.dcrnn_supervisor - INFO - evaluating now!
2025-11-07 20:39:37,513 - model.pytorch.dcrnn_supervisor - INFO - Epoch [27/300] (4060) train_mae: 3.9877, val_mae: 4.4605, lr: 0.001000
2025-11-07 20:41:20,732 - model.pytorch.dcrnn_supervisor - INFO - epoch complete
2025-11-07 20:41:20,732 - model.pytorch.dcrnn_supervisor - INFO - evaluating now!
2025-11-07 20:41:25,886 - model.pytorch.dcrnn_supervisor - INFO - Epoch [28/300] (4205) train_mae: 4.0100, val_mae: 4.4662, lr: 0.001000
2025-11-07 20:42:32,413 - model.pytorch.dcrnn_supervisor - INFO - epoch complete
2025-11-07 20:42:32,413 - model.pytorch.dcrnn_supervisor - INFO - evaluating now!
2025-11-07 20:42:38,047 - model.pytorch.dcrnn_supervisor - INFO - Epoch [29/300] (4350) train_mae: 4.0266, val_mae: 4.4587, lr: 0.000010
2025-11-07 20:43:42,432 - model.pytorch.dcrnn_supervisor - INFO - epoch complete
2025-11-07 20:43:42,432 - model.pytorch.dcrnn_supervisor - INFO - evaluating now!
2025-11-07 20:43:47,020 - model.pytorch.dcrnn_supervisor - INFO - Epoch [30/300] (4495) train_mae: 4.0102, val_mae: 4.4962, lr: 0.000100
2025-11-07 20:44:46,834 - model.pytorch.dcrnn_supervisor - INFO - epoch complete
2025-11-07 20:44:46,834 - model.pytorch.dcrnn_supervisor - INFO - evaluating now!
2025-11-07 20:44:51,477 - model.pytorch.dcrnn_supervisor - INFO - Epoch [31/300] (4640) train_mae: 3.9877, val_mae: 5.0145, lr: 0.000100
2025-11-07 20:46:37,012 - model.pytorch.dcrnn_supervisor - INFO - epoch complete
2025-11-07 20:46:37,012 - model.pytorch.dcrnn_supervisor - INFO - evaluating now!
2025-11-07 20:46:41,676 - model.pytorch.dcrnn_supervisor - INFO - Epoch [32/300] (4785) train_mae: 3.9953, val_mae: 4.4305, lr: 0.000100
2025-11-07 20:47:45,602 - model.pytorch.dcrnn_supervisor - INFO - epoch complete
2025-11-07 20:47:45,602 - model.pytorch.dcrnn_supervisor - INFO - evaluating now!
2025-11-07 20:47:53,918 - model.pytorch.dcrnn_supervisor - INFO - Epoch [33/300] (4930) train_mae: 3.9841, val_mae: 4.4914, lr: 0.000100
2025-11-07 20:49:08,121 - model.pytorch.dcrnn_supervisor - INFO - epoch complete
2025-11-07 20:49:08,121 - model.pytorch.dcrnn_supervisor - INFO - evaluating now!
2025-11-07 20:49:13,215 - model.pytorch.dcrnn_supervisor - INFO - Epoch [34/300] (5075) train_mae: 3.9511, val_mae: 4.3544, lr: 0.000100
2025-11-07 20:49:13,257 - model.pytorch.dcrnn_supervisor - INFO - Saved model at 34
2025-11-07 20:49:13,257 - model.pytorch.dcrnn_supervisor - INFO - Val loss decrease from 4.4046 to 4.3544, saving to data/model/pretrained/YINCHUAN/yc_best
2025-11-07 20:50:34,443 - model.pytorch.dcrnn_supervisor - INFO - epoch complete
2025-11-07 20:50:34,444 - model.pytorch.dcrnn_supervisor - INFO - evaluating now!
2025-11-07 20:50:43,573 - model.pytorch.dcrnn_supervisor - INFO - Epoch [35/300] (5220) train_mae: 3.9363, val_mae: 4.5181, lr: 0.000100
2025-11-07 20:51:55,648 - model.pytorch.dcrnn_supervisor - INFO - epoch complete
2025-11-07 20:51:55,648 - model.pytorch.dcrnn_supervisor - INFO - evaluating now!
2025-11-07 20:52:00,500 - model.pytorch.dcrnn_supervisor - INFO - Epoch [36/300] (5365) train_mae: 3.9338, val_mae: 4.3987, lr: 0.000100
2025-11-07 20:53:00,356 - model.pytorch.dcrnn_supervisor - INFO - epoch complete
2025-11-07 20:53:00,356 - model.pytorch.dcrnn_supervisor - INFO - evaluating now!
2025-11-07 20:53:05,051 - model.pytorch.dcrnn_supervisor - INFO - Epoch [37/300] (5510) train_mae: 3.9177, val_mae: 4.4748, lr: 0.000100
2025-11-07 20:54:09,356 - model.pytorch.dcrnn_supervisor - INFO - epoch complete
2025-11-07 20:54:09,356 - model.pytorch.dcrnn_supervisor - INFO - evaluating now!
2025-11-07 20:54:17,540 - model.pytorch.dcrnn_supervisor - INFO - Epoch [38/300] (5655) train_mae: 3.9152, val_mae: 4.8547, lr: 0.000100
2025-11-07 20:55:28,944 - model.pytorch.dcrnn_supervisor - INFO - epoch complete
2025-11-07 20:55:28,944 - model.pytorch.dcrnn_supervisor - INFO - evaluating now!
2025-11-07 20:55:36,520 - model.pytorch.dcrnn_supervisor - INFO - Epoch [39/300] (5800) train_mae: 3.8932, val_mae: 4.3626, lr: 0.000001
2025-11-07 20:57:41,382 - model.pytorch.dcrnn_supervisor - INFO - epoch complete
2025-11-07 20:57:41,383 - model.pytorch.dcrnn_supervisor - INFO - evaluating now!
2025-11-07 20:57:49,842 - model.pytorch.dcrnn_supervisor - INFO - Epoch [40/300] (5945) train_mae: 3.9170, val_mae: 4.4916, lr: 0.000010
2025-11-07 20:59:05,096 - model.pytorch.dcrnn_supervisor - INFO - epoch complete
2025-11-07 20:59:05,096 - model.pytorch.dcrnn_supervisor - INFO - evaluating now!
2025-11-07 20:59:10,485 - model.pytorch.dcrnn_supervisor - INFO - Epoch [41/300] (6090) train_mae: 3.9146, val_mae: 4.4644, lr: 0.000010
2025-11-07 21:00:32,373 - model.pytorch.dcrnn_supervisor - INFO - epoch complete
2025-11-07 21:00:32,373 - model.pytorch.dcrnn_supervisor - INFO - evaluating now!
2025-11-07 21:00:41,149 - model.pytorch.dcrnn_supervisor - INFO - Epoch [42/300] (6235) train_mae: 3.9199, val_mae: 4.3506, lr: 0.000010
2025-11-07 21:00:41,190 - model.pytorch.dcrnn_supervisor - INFO - Saved model at 42
2025-11-07 21:00:41,190 - model.pytorch.dcrnn_supervisor - INFO - Val loss decrease from 4.3544 to 4.3506, saving to data/model/pretrained/YINCHUAN/yc_best
2025-11-07 21:02:28,653 - model.pytorch.dcrnn_supervisor - INFO - epoch complete
2025-11-07 21:02:28,653 - model.pytorch.dcrnn_supervisor - INFO - evaluating now!
2025-11-07 21:02:37,373 - model.pytorch.dcrnn_supervisor - INFO - Epoch [43/300] (6380) train_mae: 3.8743, val_mae: 4.4635, lr: 0.000010
2025-11-07 21:04:01,879 - model.pytorch.dcrnn_supervisor - INFO - epoch complete
2025-11-07 21:04:01,879 - model.pytorch.dcrnn_supervisor - INFO - evaluating now!
2025-11-07 21:04:06,817 - model.pytorch.dcrnn_supervisor - INFO - Epoch [44/300] (6525) train_mae: 3.8932, val_mae: 4.5065, lr: 0.000010
2025-11-07 21:05:06,735 - model.pytorch.dcrnn_supervisor - INFO - epoch complete
2025-11-07 21:05:06,735 - model.pytorch.dcrnn_supervisor - INFO - evaluating now!
2025-11-07 21:05:14,853 - model.pytorch.dcrnn_supervisor - INFO - Epoch [45/300] (6670) train_mae: 3.9154, val_mae: 4.4130, lr: 0.000010
2025-11-07 21:06:47,408 - model.pytorch.dcrnn_supervisor - INFO - epoch complete
2025-11-07 21:06:47,408 - model.pytorch.dcrnn_supervisor - INFO - evaluating now!
2025-11-07 21:06:52,253 - model.pytorch.dcrnn_supervisor - INFO - Epoch [46/300] (6815) train_mae: 3.8349, val_mae: 4.4872, lr: 0.000010
2025-11-07 21:07:49,982 - model.pytorch.dcrnn_supervisor - INFO - epoch complete
2025-11-07 21:07:49,982 - model.pytorch.dcrnn_supervisor - INFO - evaluating now!
2025-11-07 21:07:54,597 - model.pytorch.dcrnn_supervisor - INFO - Epoch [47/300] (6960) train_mae: 3.8350, val_mae: 4.3638, lr: 0.000010
2025-11-07 21:08:52,267 - model.pytorch.dcrnn_supervisor - INFO - epoch complete
2025-11-07 21:08:52,267 - model.pytorch.dcrnn_supervisor - INFO - evaluating now!
2025-11-07 21:08:56,945 - model.pytorch.dcrnn_supervisor - INFO - Epoch [48/300] (7105) train_mae: 3.8534, val_mae: 4.3674, lr: 0.000010
2025-11-07 21:09:54,438 - model.pytorch.dcrnn_supervisor - INFO - epoch complete
2025-11-07 21:09:54,438 - model.pytorch.dcrnn_supervisor - INFO - evaluating now!
2025-11-07 21:09:59,232 - model.pytorch.dcrnn_supervisor - INFO - Epoch [49/300] (7250) train_mae: 3.8592, val_mae: 4.5057, lr: 0.000000
2025-11-07 21:10:58,516 - model.pytorch.dcrnn_supervisor - INFO - epoch complete
2025-11-07 21:10:58,516 - model.pytorch.dcrnn_supervisor - INFO - evaluating now!
2025-11-07 21:11:03,262 - model.pytorch.dcrnn_supervisor - INFO - Epoch [50/300] (7395) train_mae: 3.8863, val_mae: 4.9032, lr: 0.000001
2025-11-07 21:12:02,733 - model.pytorch.dcrnn_supervisor - INFO - epoch complete
2025-11-07 21:12:02,733 - model.pytorch.dcrnn_supervisor - INFO - evaluating now!
2025-11-07 21:12:10,355 - model.pytorch.dcrnn_supervisor - INFO - Epoch [51/300] (7540) train_mae: 3.9177, val_mae: 4.5835, lr: 0.000001
2025-11-07 21:13:29,915 - model.pytorch.dcrnn_supervisor - INFO - epoch complete
2025-11-07 21:13:29,916 - model.pytorch.dcrnn_supervisor - INFO - evaluating now!
2025-11-07 21:13:36,288 - model.pytorch.dcrnn_supervisor - INFO - Epoch [52/300] (7685) train_mae: 3.8390, val_mae: 4.4198, lr: 0.000001
2025-11-07 21:15:14,196 - model.pytorch.dcrnn_supervisor - INFO - epoch complete
2025-11-07 21:15:14,196 - model.pytorch.dcrnn_supervisor - INFO - evaluating now!
2025-11-07 21:15:23,063 - model.pytorch.dcrnn_supervisor - INFO - Epoch [53/300] (7830) train_mae: 3.8681, val_mae: 4.4335, lr: 0.000001
2025-11-07 21:16:52,265 - model.pytorch.dcrnn_supervisor - INFO - epoch complete
2025-11-07 21:16:52,265 - model.pytorch.dcrnn_supervisor - INFO - evaluating now!
2025-11-07 21:16:57,591 - model.pytorch.dcrnn_supervisor - INFO - Epoch [54/300] (7975) train_mae: 3.8387, val_mae: 4.4507, lr: 0.000001
2025-11-07 21:18:04,661 - model.pytorch.dcrnn_supervisor - INFO - epoch complete
2025-11-07 21:18:04,661 - model.pytorch.dcrnn_supervisor - INFO - evaluating now!
2025-11-07 21:18:13,299 - model.pytorch.dcrnn_supervisor - INFO - Epoch [55/300] (8120) train_mae: 3.8232, val_mae: 4.3541, lr: 0.000001
2025-11-07 21:19:18,396 - model.pytorch.dcrnn_supervisor - INFO - epoch complete
2025-11-07 21:19:18,396 - model.pytorch.dcrnn_supervisor - INFO - evaluating now!
2025-11-07 21:19:23,010 - model.pytorch.dcrnn_supervisor - INFO - Epoch [56/300] (8265) train_mae: 3.8091, val_mae: 4.3499, lr: 0.000001
2025-11-07 21:19:23,075 - model.pytorch.dcrnn_supervisor - INFO - Saved model at 56
2025-11-07 21:19:23,075 - model.pytorch.dcrnn_supervisor - INFO - Val loss decrease from 4.3506 to 4.3499, saving to data/model/pretrained/YINCHUAN/yc_best
2025-11-07 21:20:31,982 - model.pytorch.dcrnn_supervisor - INFO - epoch complete
2025-11-07 21:20:31,982 - model.pytorch.dcrnn_supervisor - INFO - evaluating now!
2025-11-07 21:20:36,718 - model.pytorch.dcrnn_supervisor - INFO - Epoch [57/300] (8410) train_mae: 3.8155, val_mae: 4.4508, lr: 0.000001
2025-11-07 21:21:54,487 - model.pytorch.dcrnn_supervisor - INFO - epoch complete
2025-11-07 21:21:54,487 - model.pytorch.dcrnn_supervisor - INFO - evaluating now!
2025-11-07 21:22:02,394 - model.pytorch.dcrnn_supervisor - INFO - Epoch [58/300] (8555) train_mae: 3.8917, val_mae: 4.3885, lr: 0.000001
2025-11-07 21:23:05,594 - model.pytorch.dcrnn_supervisor - INFO - epoch complete
2025-11-07 21:23:05,595 - model.pytorch.dcrnn_supervisor - INFO - evaluating now!
2025-11-07 21:23:10,264 - model.pytorch.dcrnn_supervisor - INFO - Epoch [59/300] (8700) train_mae: 3.8186, val_mae: 4.3856, lr: 0.000001
2025-11-07 21:24:23,782 - model.pytorch.dcrnn_supervisor - INFO - epoch complete
2025-11-07 21:24:23,783 - model.pytorch.dcrnn_supervisor - INFO - evaluating now!
2025-11-07 21:24:32,792 - model.pytorch.dcrnn_supervisor - INFO - Epoch [60/300] (8845) train_mae: 3.8481, val_mae: 4.4454, lr: 0.000001
2025-11-07 21:26:07,517 - model.pytorch.dcrnn_supervisor - INFO - epoch complete
2025-11-07 21:26:07,517 - model.pytorch.dcrnn_supervisor - INFO - evaluating now!
2025-11-07 21:26:12,170 - model.pytorch.dcrnn_supervisor - INFO - Epoch [61/300] (8990) train_mae: 3.8555, val_mae: 4.4871, lr: 0.000001
2025-11-07 21:27:10,257 - model.pytorch.dcrnn_supervisor - INFO - epoch complete
2025-11-07 21:27:10,257 - model.pytorch.dcrnn_supervisor - INFO - evaluating now!
2025-11-07 21:27:15,128 - model.pytorch.dcrnn_supervisor - INFO - Epoch [62/300] (9135) train_mae: 3.8283, val_mae: 4.4016, lr: 0.000001
2025-11-07 21:28:16,763 - model.pytorch.dcrnn_supervisor - INFO - epoch complete
2025-11-07 21:28:16,763 - model.pytorch.dcrnn_supervisor - INFO - evaluating now!
2025-11-07 21:28:21,818 - model.pytorch.dcrnn_supervisor - INFO - Epoch [63/300] (9280) train_mae: 3.8138, val_mae: 4.4122, lr: 0.000001
2025-11-07 21:29:23,465 - model.pytorch.dcrnn_supervisor - INFO - epoch complete
2025-11-07 21:29:23,465 - model.pytorch.dcrnn_supervisor - INFO - evaluating now!
2025-11-07 21:29:27,690 - model.pytorch.dcrnn_supervisor - INFO - Epoch [64/300] (9425) train_mae: 3.8258, val_mae: 4.4525, lr: 0.000001
2025-11-07 21:30:30,310 - model.pytorch.dcrnn_supervisor - INFO - epoch complete
2025-11-07 21:30:30,310 - model.pytorch.dcrnn_supervisor - INFO - evaluating now!
2025-11-07 21:30:34,643 - model.pytorch.dcrnn_supervisor - INFO - Epoch [65/300] (9570) train_mae: 3.8153, val_mae: 4.4672, lr: 0.000001
2025-11-07 21:31:32,050 - model.pytorch.dcrnn_supervisor - INFO - epoch complete
2025-11-07 21:31:32,050 - model.pytorch.dcrnn_supervisor - INFO - evaluating now!
2025-11-07 21:31:37,457 - model.pytorch.dcrnn_supervisor - INFO - Epoch [66/300] (9715) train_mae: 3.8302, val_mae: 4.4200, lr: 0.000001
2025-11-07 21:33:13,850 - model.pytorch.dcrnn_supervisor - INFO - epoch complete
2025-11-07 21:33:13,850 - model.pytorch.dcrnn_supervisor - INFO - evaluating now!
2025-11-07 21:33:19,531 - model.pytorch.dcrnn_supervisor - INFO - Epoch [67/300] (9860) train_mae: 3.8375, val_mae: 4.5394, lr: 0.000001
2025-11-07 21:34:22,266 - model.pytorch.dcrnn_supervisor - INFO - epoch complete
2025-11-07 21:34:22,266 - model.pytorch.dcrnn_supervisor - INFO - evaluating now!
2025-11-07 21:34:27,148 - model.pytorch.dcrnn_supervisor - INFO - Epoch [68/300] (10005) train_mae: 3.8185, val_mae: 4.4616, lr: 0.000001
2025-11-07 21:35:40,013 - model.pytorch.dcrnn_supervisor - INFO - epoch complete
2025-11-07 21:35:40,013 - model.pytorch.dcrnn_supervisor - INFO - evaluating now!
2025-11-07 21:35:47,895 - model.pytorch.dcrnn_supervisor - INFO - Epoch [69/300] (10150) train_mae: 3.8347, val_mae: 4.4850, lr: 0.000001
2025-11-07 21:36:52,417 - model.pytorch.dcrnn_supervisor - INFO - epoch complete
2025-11-07 21:36:52,417 - model.pytorch.dcrnn_supervisor - INFO - evaluating now!
2025-11-07 21:36:59,208 - model.pytorch.dcrnn_supervisor - INFO - Epoch [70/300] (10295) train_mae: 3.8324, val_mae: 4.5133, lr: 0.000001
2025-11-07 21:37:58,461 - model.pytorch.dcrnn_supervisor - INFO - epoch complete
2025-11-07 21:37:58,461 - model.pytorch.dcrnn_supervisor - INFO - evaluating now!
2025-11-07 21:38:06,119 - model.pytorch.dcrnn_supervisor - INFO - Epoch [71/300] (10440) train_mae: 3.8719, val_mae: 4.5044, lr: 0.000001
2025-11-07 21:39:10,056 - model.pytorch.dcrnn_supervisor - INFO - epoch complete
2025-11-07 21:39:10,057 - model.pytorch.dcrnn_supervisor - INFO - evaluating now!
2025-11-07 21:39:14,500 - model.pytorch.dcrnn_supervisor - INFO - Epoch [72/300] (10585) train_mae: 3.8121, val_mae: 4.4510, lr: 0.000001
2025-11-07 21:40:17,870 - model.pytorch.dcrnn_supervisor - INFO - epoch complete
2025-11-07 21:40:17,870 - model.pytorch.dcrnn_supervisor - INFO - evaluating now!
2025-11-07 21:40:22,295 - model.pytorch.dcrnn_supervisor - INFO - Epoch [73/300] (10730) train_mae: 3.7910, val_mae: 4.4085, lr: 0.000001
2025-11-07 21:41:44,623 - model.pytorch.dcrnn_supervisor - INFO - epoch complete
2025-11-07 21:41:44,624 - model.pytorch.dcrnn_supervisor - INFO - evaluating now!
2025-11-07 21:41:48,826 - model.pytorch.dcrnn_supervisor - INFO - Epoch [74/300] (10875) train_mae: 3.8100, val_mae: 4.5200, lr: 0.000001
2025-11-07 21:42:47,087 - model.pytorch.dcrnn_supervisor - INFO - epoch complete
2025-11-07 21:42:47,088 - model.pytorch.dcrnn_supervisor - INFO - evaluating now!
2025-11-07 21:42:51,509 - model.pytorch.dcrnn_supervisor - INFO - Epoch [75/300] (11020) train_mae: 3.8778, val_mae: 4.4207, lr: 0.000001
2025-11-07 21:44:09,221 - model.pytorch.dcrnn_supervisor - INFO - epoch complete
2025-11-07 21:44:09,221 - model.pytorch.dcrnn_supervisor - INFO - evaluating now!
2025-11-07 21:44:16,818 - model.pytorch.dcrnn_supervisor - INFO - Epoch [76/300] (11165) train_mae: 3.8676, val_mae: 4.5165, lr: 0.000001
2025-11-07 21:44:16,818 - model.pytorch.dcrnn_supervisor - WARNING - Early stopping at epoch: 76
2025-11-07 21:44:17,297 - model.pytorch.dcrnn_supervisor - INFO - Loaded model successfully!
2025-11-07 21:57:58,622 - model.pytorch.dcrnn_supervisor - INFO - Log directory: data/model\dcrnn/
2025-11-07 21:59:05,171 - model.pytorch.dcrnn_supervisor - INFO - Model created
2025-11-07 21:59:07,345 - model.pytorch.dcrnn_supervisor - INFO - Start training ...
2025-11-07 21:59:07,346 - model.pytorch.dcrnn_supervisor - INFO - num_batches:145
2025-11-07 21:59:07,962 - model.pytorch.dcrnn_supervisor - INFO - Total trainable parameters 405185
2025-11-07 22:00:46,760 - model.pytorch.dcrnn_supervisor - INFO - epoch complete
2025-11-07 22:00:46,761 - model.pytorch.dcrnn_supervisor - INFO - evaluating now!
2025-11-07 22:00:52,876 - model.pytorch.dcrnn_supervisor - INFO - Epoch [0/300] (145) train_mae: 6.5208, val_mae: 7.1486, lr: 0.010000
2025-11-07 22:00:52,917 - model.pytorch.dcrnn_supervisor - INFO - Saved model at 0
2025-11-07 22:00:52,917 - model.pytorch.dcrnn_supervisor - INFO - Val loss decrease from inf to 7.1486, saving to data/model/pretrained/YINCHUAN/yc_best
2025-11-07 22:02:10,901 - model.pytorch.dcrnn_supervisor - INFO - epoch complete
2025-11-07 22:02:10,901 - model.pytorch.dcrnn_supervisor - INFO - evaluating now!
2025-11-07 22:02:18,745 - model.pytorch.dcrnn_supervisor - INFO - Epoch [1/300] (290) train_mae: 5.0294, val_mae: 6.7751, lr: 0.010000
2025-11-07 22:02:18,792 - model.pytorch.dcrnn_supervisor - INFO - Saved model at 1
2025-11-07 22:02:18,792 - model.pytorch.dcrnn_supervisor - INFO - Val loss decrease from 7.1486 to 6.7751, saving to data/model/pretrained/YINCHUAN/yc_best
2025-11-07 22:03:30,536 - model.pytorch.dcrnn_supervisor - INFO - epoch complete
2025-11-07 22:03:30,537 - model.pytorch.dcrnn_supervisor - INFO - evaluating now!
2025-11-07 22:03:34,838 - model.pytorch.dcrnn_supervisor - INFO - Epoch [2/300] (435) train_mae: 4.7799, val_mae: 9.4663, lr: 0.010000
2025-11-07 22:05:03,490 - model.pytorch.dcrnn_supervisor - INFO - epoch complete
2025-11-07 22:05:03,491 - model.pytorch.dcrnn_supervisor - INFO - evaluating now!
2025-11-07 22:05:07,948 - model.pytorch.dcrnn_supervisor - INFO - Epoch [3/300] (580) train_mae: 4.7786, val_mae: 5.8975, lr: 0.010000
2025-11-07 22:05:07,991 - model.pytorch.dcrnn_supervisor - INFO - Saved model at 3
2025-11-07 22:05:07,991 - model.pytorch.dcrnn_supervisor - INFO - Val loss decrease from 6.7751 to 5.8975, saving to data/model/pretrained/YINCHUAN/yc_best
2025-11-07 22:06:23,727 - model.pytorch.dcrnn_supervisor - INFO - epoch complete
2025-11-07 22:06:23,728 - model.pytorch.dcrnn_supervisor - INFO - evaluating now!
2025-11-07 22:06:28,259 - model.pytorch.dcrnn_supervisor - INFO - Epoch [4/300] (725) train_mae: 4.7141, val_mae: 4.7572, lr: 0.010000
2025-11-07 22:06:28,303 - model.pytorch.dcrnn_supervisor - INFO - Saved model at 4
2025-11-07 22:06:28,303 - model.pytorch.dcrnn_supervisor - INFO - Val loss decrease from 5.8975 to 4.7572, saving to data/model/pretrained/YINCHUAN/yc_best
2025-11-07 22:07:47,123 - model.pytorch.dcrnn_supervisor - INFO - epoch complete
2025-11-07 22:07:47,124 - model.pytorch.dcrnn_supervisor - INFO - evaluating now!
2025-11-07 22:07:55,050 - model.pytorch.dcrnn_supervisor - INFO - Epoch [5/300] (870) train_mae: 4.5850, val_mae: 4.7493, lr: 0.010000
2025-11-07 22:07:55,094 - model.pytorch.dcrnn_supervisor - INFO - Saved model at 5
2025-11-07 22:07:55,094 - model.pytorch.dcrnn_supervisor - INFO - Val loss decrease from 4.7572 to 4.7493, saving to data/model/pretrained/YINCHUAN/yc_best
2025-11-07 22:09:05,474 - model.pytorch.dcrnn_supervisor - INFO - epoch complete
2025-11-07 22:09:05,474 - model.pytorch.dcrnn_supervisor - INFO - evaluating now!
2025-11-07 22:09:13,681 - model.pytorch.dcrnn_supervisor - INFO - Epoch [6/300] (1015) train_mae: 4.5454, val_mae: 4.8885, lr: 0.010000
2025-11-07 22:11:06,443 - model.pytorch.dcrnn_supervisor - INFO - epoch complete
2025-11-07 22:11:06,443 - model.pytorch.dcrnn_supervisor - INFO - evaluating now!
2025-11-07 22:11:14,303 - model.pytorch.dcrnn_supervisor - INFO - Epoch [7/300] (1160) train_mae: 4.5372, val_mae: 4.6779, lr: 0.010000
2025-11-07 22:11:14,351 - model.pytorch.dcrnn_supervisor - INFO - Saved model at 7
2025-11-07 22:11:14,351 - model.pytorch.dcrnn_supervisor - INFO - Val loss decrease from 4.7493 to 4.6779, saving to data/model/pretrained/YINCHUAN/yc_best
2025-11-07 22:12:25,808 - model.pytorch.dcrnn_supervisor - INFO - epoch complete
2025-11-07 22:12:25,809 - model.pytorch.dcrnn_supervisor - INFO - evaluating now!
2025-11-07 22:12:34,101 - model.pytorch.dcrnn_supervisor - INFO - Epoch [8/300] (1305) train_mae: 4.4481, val_mae: 4.7404, lr: 0.010000
2025-11-07 22:13:34,731 - model.pytorch.dcrnn_supervisor - INFO - epoch complete
2025-11-07 22:13:34,731 - model.pytorch.dcrnn_supervisor - INFO - evaluating now!
2025-11-07 22:13:41,412 - model.pytorch.dcrnn_supervisor - INFO - Epoch [9/300] (1450) train_mae: 4.4154, val_mae: 4.5924, lr: 0.010000
2025-11-07 22:13:41,453 - model.pytorch.dcrnn_supervisor - INFO - Saved model at 9
2025-11-07 22:13:41,454 - model.pytorch.dcrnn_supervisor - INFO - Val loss decrease from 4.6779 to 4.5924, saving to data/model/pretrained/YINCHUAN/yc_best
2025-11-07 22:15:06,194 - model.pytorch.dcrnn_supervisor - INFO - epoch complete
2025-11-07 22:15:06,194 - model.pytorch.dcrnn_supervisor - INFO - evaluating now!
2025-11-07 22:15:14,303 - model.pytorch.dcrnn_supervisor - INFO - Epoch [10/300] (1595) train_mae: 4.4413, val_mae: 5.2852, lr: 0.010000
2025-11-07 22:16:26,025 - model.pytorch.dcrnn_supervisor - INFO - epoch complete
2025-11-07 22:16:26,025 - model.pytorch.dcrnn_supervisor - INFO - evaluating now!
2025-11-07 22:16:30,571 - model.pytorch.dcrnn_supervisor - INFO - Epoch [11/300] (1740) train_mae: 4.3649, val_mae: 5.0202, lr: 0.010000
2025-11-07 22:17:48,397 - model.pytorch.dcrnn_supervisor - INFO - epoch complete
2025-11-07 22:17:48,397 - model.pytorch.dcrnn_supervisor - INFO - evaluating now!
2025-11-07 22:17:56,506 - model.pytorch.dcrnn_supervisor - INFO - Epoch [12/300] (1885) train_mae: 4.3234, val_mae: 4.5390, lr: 0.010000
2025-11-07 22:17:56,552 - model.pytorch.dcrnn_supervisor - INFO - Saved model at 12
2025-11-07 22:17:56,552 - model.pytorch.dcrnn_supervisor - INFO - Val loss decrease from 4.5924 to 4.5390, saving to data/model/pretrained/YINCHUAN/yc_best
2025-11-07 22:19:09,293 - model.pytorch.dcrnn_supervisor - INFO - epoch complete
2025-11-07 22:19:09,293 - model.pytorch.dcrnn_supervisor - INFO - evaluating now!
2025-11-07 22:19:17,552 - model.pytorch.dcrnn_supervisor - INFO - Epoch [13/300] (2030) train_mae: 4.3097, val_mae: 4.5259, lr: 0.010000
2025-11-07 22:19:17,598 - model.pytorch.dcrnn_supervisor - INFO - Saved model at 13
2025-11-07 22:19:17,598 - model.pytorch.dcrnn_supervisor - INFO - Val loss decrease from 4.5390 to 4.5259, saving to data/model/pretrained/YINCHUAN/yc_best
2025-11-07 22:20:54,235 - model.pytorch.dcrnn_supervisor - INFO - epoch complete
2025-11-07 22:20:54,235 - model.pytorch.dcrnn_supervisor - INFO - evaluating now!
2025-11-07 22:20:58,631 - model.pytorch.dcrnn_supervisor - INFO - Epoch [14/300] (2175) train_mae: 4.3027, val_mae: 4.5745, lr: 0.010000
2025-11-07 22:22:28,204 - model.pytorch.dcrnn_supervisor - INFO - epoch complete
2025-11-07 22:22:28,205 - model.pytorch.dcrnn_supervisor - INFO - evaluating now!
2025-11-07 22:22:32,887 - model.pytorch.dcrnn_supervisor - INFO - Epoch [15/300] (2320) train_mae: 4.2757, val_mae: 4.6355, lr: 0.010000
2025-11-07 22:24:10,893 - model.pytorch.dcrnn_supervisor - INFO - epoch complete
2025-11-07 22:24:10,894 - model.pytorch.dcrnn_supervisor - INFO - evaluating now!
2025-11-07 22:24:19,563 - model.pytorch.dcrnn_supervisor - INFO - Epoch [16/300] (2465) train_mae: 4.2114, val_mae: 4.6144, lr: 0.010000
2025-11-07 22:25:44,729 - model.pytorch.dcrnn_supervisor - INFO - epoch complete
2025-11-07 22:25:44,729 - model.pytorch.dcrnn_supervisor - INFO - evaluating now!
2025-11-07 22:25:49,076 - model.pytorch.dcrnn_supervisor - INFO - Epoch [17/300] (2610) train_mae: 4.1798, val_mae: 4.5462, lr: 0.010000
2025-11-07 22:26:58,431 - model.pytorch.dcrnn_supervisor - INFO - epoch complete
2025-11-07 22:26:58,431 - model.pytorch.dcrnn_supervisor - INFO - evaluating now!
2025-11-07 22:27:02,716 - model.pytorch.dcrnn_supervisor - INFO - Epoch [18/300] (2755) train_mae: 4.1790, val_mae: 4.4964, lr: 0.010000
2025-11-07 22:27:02,760 - model.pytorch.dcrnn_supervisor - INFO - Saved model at 18
2025-11-07 22:27:02,760 - model.pytorch.dcrnn_supervisor - INFO - Val loss decrease from 4.5259 to 4.4964, saving to data/model/pretrained/YINCHUAN/yc_best
2025-11-07 22:28:39,270 - model.pytorch.dcrnn_supervisor - INFO - epoch complete
2025-11-07 22:28:39,270 - model.pytorch.dcrnn_supervisor - INFO - evaluating now!
2025-11-07 22:28:47,524 - model.pytorch.dcrnn_supervisor - INFO - Epoch [19/300] (2900) train_mae: 4.1312, val_mae: 4.4390, lr: 0.000100
2025-11-07 22:28:47,566 - model.pytorch.dcrnn_supervisor - INFO - Saved model at 19
2025-11-07 22:28:47,566 - model.pytorch.dcrnn_supervisor - INFO - Val loss decrease from 4.4964 to 4.4390, saving to data/model/pretrained/YINCHUAN/yc_best
2025-11-07 22:30:33,436 - model.pytorch.dcrnn_supervisor - INFO - epoch complete
2025-11-07 22:30:33,436 - model.pytorch.dcrnn_supervisor - INFO - evaluating now!
2025-11-07 22:30:40,549 - model.pytorch.dcrnn_supervisor - INFO - Epoch [20/300] (3045) train_mae: 4.0992, val_mae: 4.5619, lr: 0.001000
2025-11-07 22:31:43,324 - model.pytorch.dcrnn_supervisor - INFO - epoch complete
2025-11-07 22:31:43,324 - model.pytorch.dcrnn_supervisor - INFO - evaluating now!
2025-11-07 22:31:47,743 - model.pytorch.dcrnn_supervisor - INFO - Epoch [21/300] (3190) train_mae: 4.0957, val_mae: 4.5622, lr: 0.001000
2025-11-07 22:32:49,833 - model.pytorch.dcrnn_supervisor - INFO - epoch complete
2025-11-07 22:32:49,833 - model.pytorch.dcrnn_supervisor - INFO - evaluating now!
2025-11-07 22:32:54,140 - model.pytorch.dcrnn_supervisor - INFO - Epoch [22/300] (3335) train_mae: 4.0601, val_mae: 4.4890, lr: 0.001000
2025-11-07 22:33:52,255 - model.pytorch.dcrnn_supervisor - INFO - epoch complete
2025-11-07 22:33:52,255 - model.pytorch.dcrnn_supervisor - INFO - evaluating now!
2025-11-07 22:33:56,551 - model.pytorch.dcrnn_supervisor - INFO - Epoch [23/300] (3480) train_mae: 4.0762, val_mae: 4.4717, lr: 0.001000
2025-11-07 22:34:59,512 - model.pytorch.dcrnn_supervisor - INFO - epoch complete
2025-11-07 22:34:59,512 - model.pytorch.dcrnn_supervisor - INFO - evaluating now!
2025-11-07 22:35:06,834 - model.pytorch.dcrnn_supervisor - INFO - Epoch [24/300] (3625) train_mae: 4.0291, val_mae: 4.6296, lr: 0.001000
2025-11-07 22:36:04,755 - model.pytorch.dcrnn_supervisor - INFO - epoch complete
2025-11-07 22:36:04,756 - model.pytorch.dcrnn_supervisor - INFO - evaluating now!
2025-11-07 22:36:09,241 - model.pytorch.dcrnn_supervisor - INFO - Epoch [25/300] (3770) train_mae: 4.0539, val_mae: 4.5765, lr: 0.001000
2025-11-07 22:38:03,846 - model.pytorch.dcrnn_supervisor - INFO - epoch complete
2025-11-07 22:38:03,846 - model.pytorch.dcrnn_supervisor - INFO - evaluating now!
2025-11-07 22:38:11,948 - model.pytorch.dcrnn_supervisor - INFO - Epoch [26/300] (3915) train_mae: 4.0347, val_mae: 4.8050, lr: 0.001000
2025-11-07 22:39:22,523 - model.pytorch.dcrnn_supervisor - INFO - epoch complete
2025-11-07 22:39:22,523 - model.pytorch.dcrnn_supervisor - INFO - evaluating now!
2025-11-07 22:39:26,921 - model.pytorch.dcrnn_supervisor - INFO - Epoch [27/300] (4060) train_mae: 3.9929, val_mae: 4.4273, lr: 0.001000
2025-11-07 22:39:26,970 - model.pytorch.dcrnn_supervisor - INFO - Saved model at 27
2025-11-07 22:39:26,970 - model.pytorch.dcrnn_supervisor - INFO - Val loss decrease from 4.4390 to 4.4273, saving to data/model/pretrained/YINCHUAN/yc_best
2025-11-07 22:40:26,245 - model.pytorch.dcrnn_supervisor - INFO - epoch complete
2025-11-07 22:40:26,245 - model.pytorch.dcrnn_supervisor - INFO - evaluating now!
2025-11-07 22:40:32,769 - model.pytorch.dcrnn_supervisor - INFO - Epoch [28/300] (4205) train_mae: 3.9862, val_mae: 4.4582, lr: 0.001000
2025-11-07 22:41:42,581 - model.pytorch.dcrnn_supervisor - INFO - epoch complete
2025-11-07 22:41:42,581 - model.pytorch.dcrnn_supervisor - INFO - evaluating now!
2025-11-07 22:41:49,825 - model.pytorch.dcrnn_supervisor - INFO - Epoch [29/300] (4350) train_mae: 3.9792, val_mae: 4.8347, lr: 0.000010
2025-11-07 22:43:09,977 - model.pytorch.dcrnn_supervisor - INFO - epoch complete
2025-11-07 22:43:09,977 - model.pytorch.dcrnn_supervisor - INFO - evaluating now!
2025-11-07 22:43:14,333 - model.pytorch.dcrnn_supervisor - INFO - Epoch [30/300] (4495) train_mae: 3.9798, val_mae: 4.4004, lr: 0.000100
2025-11-07 22:43:14,366 - model.pytorch.dcrnn_supervisor - INFO - Saved model at 30
2025-11-07 22:43:14,366 - model.pytorch.dcrnn_supervisor - INFO - Val loss decrease from 4.4273 to 4.4004, saving to data/model/pretrained/YINCHUAN/yc_best
2025-11-07 22:44:17,639 - model.pytorch.dcrnn_supervisor - INFO - epoch complete
2025-11-07 22:44:17,640 - model.pytorch.dcrnn_supervisor - INFO - evaluating now!
2025-11-07 22:44:22,002 - model.pytorch.dcrnn_supervisor - INFO - Epoch [31/300] (4640) train_mae: 3.9643, val_mae: 4.9484, lr: 0.000100
2025-11-07 22:45:27,157 - model.pytorch.dcrnn_supervisor - INFO - epoch complete
2025-11-07 22:45:27,157 - model.pytorch.dcrnn_supervisor - INFO - evaluating now!
2025-11-07 22:45:31,295 - model.pytorch.dcrnn_supervisor - INFO - Epoch [32/300] (4785) train_mae: 3.9398, val_mae: 4.6380, lr: 0.000100
2025-11-07 22:46:32,036 - model.pytorch.dcrnn_supervisor - INFO - epoch complete
2025-11-07 22:46:32,036 - model.pytorch.dcrnn_supervisor - INFO - evaluating now!
2025-11-07 22:46:38,630 - model.pytorch.dcrnn_supervisor - INFO - Epoch [33/300] (4930) train_mae: 3.9524, val_mae: 4.6491, lr: 0.000100
2025-11-07 22:47:38,133 - model.pytorch.dcrnn_supervisor - INFO - epoch complete
2025-11-07 22:47:38,133 - model.pytorch.dcrnn_supervisor - INFO - evaluating now!
2025-11-07 22:47:42,279 - model.pytorch.dcrnn_supervisor - INFO - Epoch [34/300] (5075) train_mae: 3.9889, val_mae: 4.4712, lr: 0.000100
2025-11-07 22:48:45,345 - model.pytorch.dcrnn_supervisor - INFO - epoch complete
2025-11-07 22:48:45,345 - model.pytorch.dcrnn_supervisor - INFO - evaluating now!
2025-11-07 22:48:49,621 - model.pytorch.dcrnn_supervisor - INFO - Epoch [35/300] (5220) train_mae: 3.9498, val_mae: 4.4388, lr: 0.000100
2025-11-07 22:49:53,156 - model.pytorch.dcrnn_supervisor - INFO - epoch complete
2025-11-07 22:49:53,156 - model.pytorch.dcrnn_supervisor - INFO - evaluating now!
2025-11-07 22:49:58,274 - model.pytorch.dcrnn_supervisor - INFO - Epoch [36/300] (5365) train_mae: 3.9582, val_mae: 4.5732, lr: 0.000100
2025-11-07 22:51:04,788 - model.pytorch.dcrnn_supervisor - INFO - epoch complete
2025-11-07 22:51:04,788 - model.pytorch.dcrnn_supervisor - INFO - evaluating now!
2025-11-07 22:51:09,918 - model.pytorch.dcrnn_supervisor - INFO - Epoch [37/300] (5510) train_mae: 3.8825, val_mae: 4.4340, lr: 0.000100
2025-11-07 22:52:17,335 - model.pytorch.dcrnn_supervisor - INFO - epoch complete
2025-11-07 22:52:17,335 - model.pytorch.dcrnn_supervisor - INFO - evaluating now!
2025-11-07 22:52:22,522 - model.pytorch.dcrnn_supervisor - INFO - Epoch [38/300] (5655) train_mae: 3.9409, val_mae: 4.4099, lr: 0.000100
2025-11-07 22:53:21,015 - model.pytorch.dcrnn_supervisor - INFO - epoch complete
2025-11-07 22:53:21,015 - model.pytorch.dcrnn_supervisor - INFO - evaluating now!
2025-11-07 22:53:25,247 - model.pytorch.dcrnn_supervisor - INFO - Epoch [39/300] (5800) train_mae: 3.8621, val_mae: 4.6615, lr: 0.000001
2025-11-07 22:54:22,251 - model.pytorch.dcrnn_supervisor - INFO - epoch complete
2025-11-07 22:54:22,251 - model.pytorch.dcrnn_supervisor - INFO - evaluating now!
2025-11-07 22:54:26,529 - model.pytorch.dcrnn_supervisor - INFO - Epoch [40/300] (5945) train_mae: 3.8843, val_mae: 4.4568, lr: 0.000010
2025-11-07 22:55:30,095 - model.pytorch.dcrnn_supervisor - INFO - epoch complete
2025-11-07 22:55:30,095 - model.pytorch.dcrnn_supervisor - INFO - evaluating now!
2025-11-07 22:55:34,241 - model.pytorch.dcrnn_supervisor - INFO - Epoch [41/300] (6090) train_mae: 3.8936, val_mae: 4.4150, lr: 0.000010
2025-11-07 22:56:38,381 - model.pytorch.dcrnn_supervisor - INFO - epoch complete
2025-11-07 22:56:38,381 - model.pytorch.dcrnn_supervisor - INFO - evaluating now!
2025-11-07 22:56:42,613 - model.pytorch.dcrnn_supervisor - INFO - Epoch [42/300] (6235) train_mae: 3.8626, val_mae: 4.4671, lr: 0.000010
2025-11-07 22:57:47,243 - model.pytorch.dcrnn_supervisor - INFO - epoch complete
2025-11-07 22:57:47,243 - model.pytorch.dcrnn_supervisor - INFO - evaluating now!
2025-11-07 22:57:53,208 - model.pytorch.dcrnn_supervisor - INFO - Epoch [43/300] (6380) train_mae: 3.8573, val_mae: 4.3577, lr: 0.000010
2025-11-07 22:57:53,238 - model.pytorch.dcrnn_supervisor - INFO - Saved model at 43
2025-11-07 22:57:53,238 - model.pytorch.dcrnn_supervisor - INFO - Val loss decrease from 4.4004 to 4.3577, saving to data/model/pretrained/YINCHUAN/yc_best
2025-11-07 22:59:31,224 - model.pytorch.dcrnn_supervisor - INFO - epoch complete
2025-11-07 22:59:31,224 - model.pytorch.dcrnn_supervisor - INFO - evaluating now!
2025-11-07 22:59:39,912 - model.pytorch.dcrnn_supervisor - INFO - Epoch [44/300] (6525) train_mae: 3.8902, val_mae: 4.5941, lr: 0.000010
2025-11-07 23:01:40,996 - model.pytorch.dcrnn_supervisor - INFO - epoch complete
2025-11-07 23:01:40,996 - model.pytorch.dcrnn_supervisor - INFO - evaluating now!
2025-11-07 23:01:45,559 - model.pytorch.dcrnn_supervisor - INFO - Epoch [45/300] (6670) train_mae: 3.8929, val_mae: 4.3598, lr: 0.000010
2025-11-07 23:03:23,906 - model.pytorch.dcrnn_supervisor - INFO - epoch complete
2025-11-07 23:03:23,906 - model.pytorch.dcrnn_supervisor - INFO - evaluating now!
2025-11-07 23:03:32,115 - model.pytorch.dcrnn_supervisor - INFO - Epoch [46/300] (6815) train_mae: 3.8489, val_mae: 4.4420, lr: 0.000010
2025-11-07 23:05:12,067 - model.pytorch.dcrnn_supervisor - INFO - epoch complete
2025-11-07 23:05:12,067 - model.pytorch.dcrnn_supervisor - INFO - evaluating now!
2025-11-07 23:05:19,968 - model.pytorch.dcrnn_supervisor - INFO - Epoch [47/300] (6960) train_mae: 3.8457, val_mae: 4.4410, lr: 0.000010
2025-11-07 23:06:52,940 - model.pytorch.dcrnn_supervisor - INFO - epoch complete
2025-11-07 23:06:52,941 - model.pytorch.dcrnn_supervisor - INFO - evaluating now!
2025-11-07 23:06:57,843 - model.pytorch.dcrnn_supervisor - INFO - Epoch [48/300] (7105) train_mae: 3.8123, val_mae: 4.4107, lr: 0.000010
2025-11-07 23:08:19,353 - model.pytorch.dcrnn_supervisor - INFO - epoch complete
2025-11-07 23:08:19,353 - model.pytorch.dcrnn_supervisor - INFO - evaluating now!
2025-11-07 23:08:25,781 - model.pytorch.dcrnn_supervisor - INFO - Epoch [49/300] (7250) train_mae: 3.8407, val_mae: 4.7316, lr: 0.000000
2025-11-07 23:09:38,169 - model.pytorch.dcrnn_supervisor - INFO - epoch complete
2025-11-07 23:09:38,169 - model.pytorch.dcrnn_supervisor - INFO - evaluating now!
2025-11-07 23:09:44,285 - model.pytorch.dcrnn_supervisor - INFO - Epoch [50/300] (7395) train_mae: 3.8532, val_mae: 4.4459, lr: 0.000001
2025-11-07 23:10:52,336 - model.pytorch.dcrnn_supervisor - INFO - epoch complete
2025-11-07 23:10:52,336 - model.pytorch.dcrnn_supervisor - INFO - evaluating now!
2025-11-07 23:10:57,152 - model.pytorch.dcrnn_supervisor - INFO - Epoch [51/300] (7540) train_mae: 3.8784, val_mae: 4.3931, lr: 0.000001
2025-11-07 23:11:54,340 - model.pytorch.dcrnn_supervisor - INFO - epoch complete
2025-11-07 23:11:54,340 - model.pytorch.dcrnn_supervisor - INFO - evaluating now!
2025-11-07 23:11:58,662 - model.pytorch.dcrnn_supervisor - INFO - Epoch [52/300] (7685) train_mae: 3.8119, val_mae: 4.4381, lr: 0.000001
2025-11-07 23:13:23,032 - model.pytorch.dcrnn_supervisor - INFO - epoch complete
2025-11-07 23:13:23,032 - model.pytorch.dcrnn_supervisor - INFO - evaluating now!
2025-11-07 23:13:27,536 - model.pytorch.dcrnn_supervisor - INFO - Epoch [53/300] (7830) train_mae: 3.9004, val_mae: 4.5617, lr: 0.000001
2025-11-07 23:14:47,744 - model.pytorch.dcrnn_supervisor - INFO - epoch complete
2025-11-07 23:14:47,744 - model.pytorch.dcrnn_supervisor - INFO - evaluating now!
2025-11-07 23:14:53,664 - model.pytorch.dcrnn_supervisor - INFO - Epoch [54/300] (7975) train_mae: 3.8215, val_mae: 4.5601, lr: 0.000001
2025-11-07 23:16:28,347 - model.pytorch.dcrnn_supervisor - INFO - epoch complete
2025-11-07 23:16:28,347 - model.pytorch.dcrnn_supervisor - INFO - evaluating now!
2025-11-07 23:16:33,648 - model.pytorch.dcrnn_supervisor - INFO - Epoch [55/300] (8120) train_mae: 3.8112, val_mae: 4.6140, lr: 0.000001
2025-11-07 23:17:50,949 - model.pytorch.dcrnn_supervisor - INFO - epoch complete
2025-11-07 23:17:50,950 - model.pytorch.dcrnn_supervisor - INFO - evaluating now!
2025-11-07 23:17:59,381 - model.pytorch.dcrnn_supervisor - INFO - Epoch [56/300] (8265) train_mae: 3.8237, val_mae: 4.5333, lr: 0.000001
2025-11-07 23:19:55,853 - model.pytorch.dcrnn_supervisor - INFO - epoch complete
2025-11-07 23:19:55,853 - model.pytorch.dcrnn_supervisor - INFO - evaluating now!
2025-11-07 23:20:04,536 - model.pytorch.dcrnn_supervisor - INFO - Epoch [57/300] (8410) train_mae: 3.8710, val_mae: 4.4361, lr: 0.000001
2025-11-07 23:21:34,700 - model.pytorch.dcrnn_supervisor - INFO - epoch complete
2025-11-07 23:21:34,700 - model.pytorch.dcrnn_supervisor - INFO - evaluating now!
2025-11-07 23:21:42,495 - model.pytorch.dcrnn_supervisor - INFO - Epoch [58/300] (8555) train_mae: 3.8197, val_mae: 4.3801, lr: 0.000001
2025-11-07 23:23:37,235 - model.pytorch.dcrnn_supervisor - INFO - epoch complete
2025-11-07 23:23:37,235 - model.pytorch.dcrnn_supervisor - INFO - evaluating now!
2025-11-07 23:23:45,347 - model.pytorch.dcrnn_supervisor - INFO - Epoch [59/300] (8700) train_mae: 3.7812, val_mae: 4.4789, lr: 0.000001
2025-11-07 23:25:27,225 - model.pytorch.dcrnn_supervisor - INFO - epoch complete
2025-11-07 23:25:27,225 - model.pytorch.dcrnn_supervisor - INFO - evaluating now!
2025-11-07 23:25:35,085 - model.pytorch.dcrnn_supervisor - INFO - Epoch [60/300] (8845) train_mae: 3.8194, val_mae: 4.4111, lr: 0.000001
2025-11-07 23:27:17,082 - model.pytorch.dcrnn_supervisor - INFO - epoch complete
2025-11-07 23:27:17,082 - model.pytorch.dcrnn_supervisor - INFO - evaluating now!
2025-11-07 23:27:24,155 - model.pytorch.dcrnn_supervisor - INFO - Epoch [61/300] (8990) train_mae: 3.8150, val_mae: 4.7975, lr: 0.000001
2025-11-07 23:29:09,318 - model.pytorch.dcrnn_supervisor - INFO - epoch complete
2025-11-07 23:29:09,318 - model.pytorch.dcrnn_supervisor - INFO - evaluating now!
2025-11-07 23:29:17,233 - model.pytorch.dcrnn_supervisor - INFO - Epoch [62/300] (9135) train_mae: 3.8229, val_mae: 4.4022, lr: 0.000001
2025-11-07 23:31:03,508 - model.pytorch.dcrnn_supervisor - INFO - epoch complete
2025-11-07 23:31:03,508 - model.pytorch.dcrnn_supervisor - INFO - evaluating now!
2025-11-07 23:31:11,896 - model.pytorch.dcrnn_supervisor - INFO - Epoch [63/300] (9280) train_mae: 3.7919, val_mae: 4.4100, lr: 0.000001
2025-11-07 23:31:11,896 - model.pytorch.dcrnn_supervisor - WARNING - Early stopping at epoch: 63
2025-11-07 23:31:12,476 - model.pytorch.dcrnn_supervisor - INFO - Loaded model successfully!
2025-11-08 18:58:17,860 - model.pytorch.dcrnn_supervisor - INFO - Log directory: data/model\dcrnn/
2025-11-08 18:59:13,897 - model.pytorch.dcrnn_supervisor - INFO - Model created
2025-11-08 18:59:14,341 - model.pytorch.dcrnn_supervisor - INFO - Loaded model successfully!
2025-11-10 20:10:43,519 - model.pytorch.dcrnn_supervisor - INFO - Log directory: data/model\dcrnn/
2025-11-10 20:11:40,731 - model.pytorch.dcrnn_supervisor - INFO - Model created
2025-11-10 20:11:41,092 - model.pytorch.dcrnn_supervisor - INFO - Loaded model successfully!
2025-11-12 16:16:25,618 - model.pytorch.dcrnn_supervisor - INFO - Log directory: data/model\dcrnn/
2025-11-12 16:18:12,369 - model.pytorch.dcrnn_supervisor - INFO - Model created
2025-11-12 16:18:13,684 - model.pytorch.dcrnn_supervisor - INFO - Loaded model successfully!
2025-11-18 22:20:32,189 - model.pytorch.dcrnn_supervisor - INFO - Log directory: data/model\dcrnn/
2025-11-18 22:21:39,082 - model.pytorch.dcrnn_supervisor - INFO - Model created
2025-11-18 22:21:39,639 - model.pytorch.dcrnn_supervisor - INFO - Loaded model successfully!
2025-12-23 19:32:20,520 - model.pytorch.dcrnn_supervisor - INFO - Log directory: data/model\dcrnn/
2025-12-23 19:34:10,421 - model.pytorch.dcrnn_supervisor - INFO - Log directory: data/model\dcrnn/
2025-12-23 19:35:29,714 - model.pytorch.dcrnn_supervisor - INFO - Model created
2025-12-23 19:35:30,282 - model.pytorch.dcrnn_supervisor - INFO - Loaded model successfully!
2025-12-23 20:02:16,410 - model.pytorch.dcrnn_supervisor2 - INFO - Log directory: data/model\dcrnn/
2025-12-23 20:02:58,849 - model.pytorch.dcrnn_supervisor2 - INFO - Log directory: data/model\dcrnn/
2025-12-23 20:04:05,662 - model.pytorch.dcrnn_supervisor2 - INFO - Model created
2025-12-23 20:04:06,362 - model.pytorch.dcrnn_supervisor2 - INFO - Loaded model successfully!
2025-12-23 20:08:22,485 - model.pytorch.dcrnn_supervisor2 - INFO - Log directory: data/model\dcrnn/
2025-12-23 20:09:32,755 - model.pytorch.dcrnn_supervisor2 - INFO - Model created
2025-12-23 20:09:33,065 - model.pytorch.dcrnn_supervisor2 - INFO - Loaded model successfully!
2025-12-23 20:15:15,609 - model.pytorch.dcrnn_supervisor2 - INFO - Log directory: data/model\dcrnn/
2025-12-23 20:16:12,579 - model.pytorch.dcrnn_supervisor2 - INFO - Model created
2025-12-23 20:16:13,129 - model.pytorch.dcrnn_supervisor2 - INFO - Loaded model successfully!
2025-12-23 20:20:47,674 - model.pytorch.dcrnn_supervisor2 - INFO - Log directory: data/model\dcrnn/
2025-12-23 20:21:58,134 - model.pytorch.dcrnn_supervisor2 - INFO - Model created
2025-12-23 20:21:58,647 - model.pytorch.dcrnn_supervisor2 - INFO - Loaded model successfully!
2025-12-23 20:26:33,316 - model.pytorch.dcrnn_supervisor2 - INFO - Log directory: data/model\dcrnn/
2025-12-23 20:27:31,630 - model.pytorch.dcrnn_supervisor2 - INFO - Model created
2025-12-23 20:27:32,029 - model.pytorch.dcrnn_supervisor2 - INFO - Loaded model successfully!
2025-12-23 20:30:46,359 - model.pytorch.dcrnn_supervisor2 - INFO - Log directory: data/model\dcrnn/
2025-12-23 20:31:43,506 - model.pytorch.dcrnn_supervisor2 - INFO - Model created
2025-12-23 20:31:43,900 - model.pytorch.dcrnn_supervisor2 - INFO - Loaded model successfully!
2025-12-23 20:39:20,213 - model.pytorch.dcrnn_supervisor2 - INFO - Log directory: data/model\dcrnn/
2025-12-23 20:40:18,862 - model.pytorch.dcrnn_supervisor2 - INFO - Model created
2025-12-23 20:40:19,219 - model.pytorch.dcrnn_supervisor2 - INFO - Loaded model successfully!
2025-12-23 20:53:50,887 - model.pytorch.dcrnn_supervisor2 - INFO - Log directory: data/model\dcrnn/
2025-12-23 20:56:54,741 - model.pytorch.dcrnn_supervisor2 - INFO - Log directory: data/model\dcrnn/
2025-12-23 20:57:51,474 - model.pytorch.dcrnn_supervisor2 - INFO - Model created
2025-12-23 20:57:51,770 - model.pytorch.dcrnn_supervisor2 - INFO - Loaded model successfully!
2025-12-23 21:14:11,851 - model.pytorch.dcrnn_supervisor2 - INFO - Log directory: data/model\dcrnn/
2025-12-23 21:15:07,625 - model.pytorch.dcrnn_supervisor2 - INFO - Model created
2025-12-23 21:15:08,015 - model.pytorch.dcrnn_supervisor2 - INFO - Loaded model successfully!
2025-12-23 21:15:43,194 - model.pytorch.dcrnn_supervisor2 - INFO - Log directory: data/model\dcrnn/
2025-12-23 21:16:38,554 - model.pytorch.dcrnn_supervisor2 - INFO - Model created
2025-12-23 21:16:38,888 - model.pytorch.dcrnn_supervisor2 - INFO - Loaded model successfully!
2025-12-23 21:19:43,722 - model.pytorch.dcrnn_supervisor2 - INFO - Log directory: data/model\dcrnn/
2025-12-23 21:20:41,064 - model.pytorch.dcrnn_supervisor2 - INFO - Model created
2025-12-23 21:20:41,500 - model.pytorch.dcrnn_supervisor2 - INFO - Loaded model successfully!
2025-12-23 21:30:17,754 - model.pytorch.dcrnn_supervisor2 - INFO - Log directory: data/model\dcrnn/
2025-12-23 21:31:44,108 - model.pytorch.dcrnn_supervisor2 - INFO - Model created
2025-12-23 21:31:44,641 - model.pytorch.dcrnn_supervisor2 - INFO - Loaded model successfully!
2025-12-23 21:32:22,208 - model.pytorch.dcrnn_supervisor2 - INFO - Log directory: data/model\dcrnn/
2025-12-23 21:34:48,343 - model.pytorch.dcrnn_supervisor2 - INFO - Log directory: data/model\dcrnn/
2025-12-23 21:36:08,196 - model.pytorch.dcrnn_supervisor2 - INFO - Model created
2025-12-23 21:36:08,751 - model.pytorch.dcrnn_supervisor2 - INFO - Loaded model successfully!
2026-01-18 00:03:12,675 - model.pytorch.dcrnn_supervisor2 - INFO - Log directory: data/model\dcrnn/
2026-01-18 00:04:15,893 - model.pytorch.dcrnn_supervisor2 - INFO - Model created
2026-01-18 00:04:16,271 - model.pytorch.dcrnn_supervisor2 - INFO - Loaded model successfully!
2026-02-03 15:34:06,522 - model.pytorch.dcrnn_supervisor - INFO - Log directory: data/model\dcrnn/
2026-02-03 15:35:08,754 - model.pytorch.dcrnn_supervisor - INFO - Model created
2026-02-03 15:35:09,260 - model.pytorch.dcrnn_supervisor - INFO - Loaded model successfully!
